{
"type": "FeatureCollection",
"name": "barrios",
"crs": { "type": "name", "properties": { "name": "urn:ogc:def:crs:OGC:1.3:CRS84" } },
"features": [
{ "type": "Feature", "properties": { "id": 1, "objeto": "BARRIO", "nombre": "Agronomia", "comuna": 15, "perimetro_": 6556.17, "area_metro": 2122169.54 }, "geometry": { "type": "Polygon", "coordinates": [ [ [ -58.475890169642184, -34.591729162392305 ], [ -58.475978584087493, -34.591952777532946 ], [ -58.476036818173199, -34.592100055085503 ], [ -58.476127634097715, -34.592362355350744 ], [ -58.476206728820287, -34.592590794799619 ], [ -58.476687437455581, -34.593932931060152 ], [ -58.476709892313458, -34.593995623493591 ], [ -58.476712450660287, -34.594002699386067 ], [ -58.476904188309049, -34.594532929633097 ], [ -58.47711666943097, -34.595120514745552 ], [ -58.477880682906566, -34.597093567956712 ], [ -58.478348616804873, -34.598347967227767 ], [ -58.478580800509796, -34.598970976503232 ], [ -58.478832163758454, -34.599676378262551 ], [ -58.479748114424766, -34.599281745234109 ], [ -58.480781059770607, -34.598836664819977 ], [ -58.482128131015855, -34.598256243843338 ], [ -58.482844411895826, -34.597949032705834 ], [ -58.482984717860177, -34.597891122583121 ], [ -58.483000013887327, -34.597886576943672 ], [ -58.483288834145334, -34.597800795650087 ], [ -58.483456873969345, -34.597763574400737 ], [ -58.483462935768806, -34.59776303975697 ], [ -58.484854121581861, -34.597640290476384 ], [ -58.485181733834693, -34.59761283702656 ], [ -58.486131103021236, -34.597542944343637 ], [ -58.486487499357573, -34.597516749399389 ], [ -58.486681665085882, -34.597502486994976 ], [ -58.487143916030981, -34.597468453566776 ], [ -58.487354177232767, -34.597452988955091 ], [ -58.487798798703786, -34.597421843777276 ], [ -58.487825061324685, -34.597420000500534 ], [ -58.488544972591889, -34.59736950831801 ], [ -58.489527210296202, -34.597302116306778 ], [ -58.490186604358321, -34.597255634255454 ], [ -58.491217892005288, -34.59718645823974 ], [ -58.492490265339782, -34.597101123873315 ], [ -58.492820543323511, -34.597078973079483 ], [ -58.492909164988134, -34.59707302925942 ], [ -58.493417994018422, -34.597038960751938 ], [ -58.494715995669694, -34.596953279547741 ], [ -58.496785026689395, -34.596816741567672 ], [ -58.497128388452737, -34.596794111289952 ], [ -58.497175239222123, -34.596822971770784 ], [ -58.498384938980678, -34.596373256187348 ], [ -58.499550860524785, -34.595939810478868 ], [ -58.499633963777491, -34.595908939967579 ], [ -58.499786722081488, -34.595852131777868 ], [ -58.50012636636783, -34.595725831421788 ], [ -58.500709702179051, -34.59550903119802 ], [ -58.501792838089983, -34.595106504574773 ], [ -58.502757357625818, -34.594748021418887 ], [ -58.502876559661686, -34.594703685979162 ], [ -58.503180351542795, -34.594587850642668 ], [ -58.503543662700871, -34.594455788245241 ], [ -58.50308343148194, -34.594387909642442 ], [ -58.503471720054613, -34.593959253914015 ], [ -58.503311235235671, -34.593861840240493 ], [ -58.502141929019849, -34.593139107891581 ], [ -58.501928121766866, -34.593006919807685 ], [ -58.500817103856825, -34.592320987456048 ], [ -58.499487363512792, -34.591499896405061 ], [ -58.498202624007376, -34.590706665232048 ], [ -58.497066540340477, -34.59000521284748 ], [ -58.495928175353185, -34.589302270271389 ], [ -58.495592589845963, -34.589095031996926 ], [ -58.495361427150179, -34.588951570004582 ], [ -58.494794684452685, -34.588599950334384 ], [ -58.494225645087404, -34.58824685025678 ], [ -58.49389083410405, -34.588039113988998 ], [ -58.493663850802086, -34.587895999262315 ], [ -58.492540528058782, -34.587187740538418 ], [ -58.491970570509977, -34.586828291262037 ], [ -58.491413818692841, -34.586477288015878 ], [ -58.49085076827545, -34.586122269586937 ], [ -58.490286190986993, -34.585766262717456 ], [ -58.48956005633142, -34.585308384730169 ], [ -58.488969428468671, -34.584935897474637 ], [ -58.488794157271577, -34.584824031347416 ], [ -58.488194550577354, -34.585444025224149 ], [ -58.488086954556117, -34.58555644395922 ], [ -58.487444181464824, -34.586228485680365 ], [ -58.486894611312238, -34.586803040344478 ], [ -58.486803357316546, -34.586902918653408 ], [ -58.486696611136992, -34.587019843094915 ], [ -58.486544207475568, -34.587181286679105 ], [ -58.48644114679275, -34.587290459743187 ], [ -58.486112129662075, -34.587638978086382 ], [ -58.485561948101946, -34.588221625129307 ], [ -58.485491048047642, -34.588296851978534 ], [ -58.485435020493348, -34.588356298460987 ], [ -58.485078924771926, -34.588734326987641 ], [ -58.484711163082423, -34.589124680770048 ], [ -58.484706912597659, -34.589126173372598 ], [ -58.483989146293261, -34.58937815325347 ], [ -58.483651261824171, -34.58949676986704 ], [ -58.482502287393991, -34.589898935290243 ], [ -58.482012942830558, -34.590070140339684 ], [ -58.481862401284538, -34.590122840744392 ], [ -58.481458625811783, -34.590251495028248 ], [ -58.481289265332336, -34.590305464925294 ], [ -58.481183083347005, -34.590334354041318 ], [ -58.480871775111481, -34.590419048378251 ], [ -58.479545807937114, -34.590756914504375 ], [ -58.478083928344212, -34.591129359561876 ], [ -58.477825918990121, -34.591195025917848 ], [ -58.477204352828132, -34.591353382930947 ], [ -58.476483797665878, -34.591562370565626 ], [ -58.475890169642184, -34.591729162392305 ] ] ] } },
{ "type": "Feature", "properties": { "id": 2, "objeto": "BARRIO", "nombre": "Almagro", "comuna": 5, "perimetro_": 8537.9, "area_metro": 4050752.63 }, "geometry": { "type": "Polygon", "coordinates": [ [ [ -58.416004036001127, -34.597859933549024 ], [ -58.415695002236191, -34.597864515053608 ], [ -58.415694281690406, -34.597864525734977 ], [ -58.415666827788684, -34.597864932262809 ], [ -58.415666108332346, -34.597864942916182 ], [ -58.414631446353923, -34.597903126344697 ], [ -58.413957693156057, -34.597928008015103 ], [ -58.41392436104433, -34.597929238871288 ], [ -58.413256211656851, -34.597953909721262 ], [ -58.412987517019374, -34.597963798712158 ], [ -58.41209465132787, -34.597998780199788 ], [ -58.412049776598721, -34.598001240273035 ], [ -58.411990889482446, -34.598004467859226 ], [ -58.411922531409758, -34.598008215156298 ], [ -58.412127747539294, -34.599301279406752 ], [ -58.412257717474333, -34.600119797462611 ], [ -58.412282592406584, -34.600248612106029 ], [ -58.412303652383585, -34.600357213455844 ], [ -58.412595258923957, -34.601606932460776 ], [ -58.412807623562287, -34.602516752814715 ], [ -58.412976330534299, -34.603239579934666 ], [ -58.413187089766375, -34.604142566849248 ], [ -58.413225567358623, -34.604307304853357 ], [ -58.413232439512797, -34.604336769741842 ], [ -58.413415948173025, -34.605124083507015 ], [ -58.413648464249782, -34.606121798710241 ], [ -58.413911824862225, -34.607251288356018 ], [ -58.413940553739849, -34.607351019713896 ], [ -58.414102476880721, -34.607911937702106 ], [ -58.414663514494634, -34.608194983540926 ], [ -58.414625570387905, -34.608851175047093 ], [ -58.414586506588428, -34.609381307705945 ], [ -58.414470554788629, -34.610741280136963 ], [ -58.414017790772796, -34.611555334311454 ], [ -58.413564762451287, -34.612369949972553 ], [ -58.413438892216668, -34.612619268472791 ], [ -58.413317540373455, -34.612859574479046 ], [ -58.413119844989794, -34.613421261244497 ], [ -58.412873597839415, -34.614121027871846 ], [ -58.412819897803075, -34.615448206271267 ], [ -58.412757593806994, -34.616634322097866 ], [ -58.412691128929609, -34.618074594829125 ], [ -58.41268580750058, -34.618282059770266 ], [ -58.412645603703076, -34.619399239982101 ], [ -58.412638844488875, -34.619587760948541 ], [ -58.412547393108532, -34.620646961035654 ], [ -58.413826987939942, -34.620756501642326 ], [ -58.415096621651244, -34.620865180260573 ], [ -58.416105889118604, -34.620951587424798 ], [ -58.416108070867118, -34.620951773961252 ], [ -58.416513028352973, -34.620981859775029 ], [ -58.418068719910877, -34.621097236861189 ], [ -58.419429005630548, -34.621198157168557 ], [ -58.420241311437998, -34.621258377458531 ], [ -58.420500438744028, -34.621276778277441 ], [ -58.420976103099022, -34.621309480065278 ], [ -58.421451937995045, -34.62134422177143 ], [ -58.422215692508544, -34.621398425923083 ], [ -58.422245158118031, -34.621400515417569 ], [ -58.423523858399946, -34.621491184652072 ], [ -58.423704385082814, -34.621510172285333 ], [ -58.423721992899132, -34.621512024105982 ], [ -58.423746679172808, -34.621514614678951 ], [ -58.424043726875148, -34.621545790666815 ], [ -58.424058038621062, -34.621547297036038 ], [ -58.424280331960198, -34.621570696171545 ], [ -58.424291351989226, -34.621571856216882 ], [ -58.425087668802909, -34.621687077974876 ], [ -58.425166417119641, -34.621698472217979 ], [ -58.426617993722836, -34.621908427006581 ], [ -58.427798187928353, -34.622079200302956 ], [ -58.427845825042368, -34.62183850729086 ], [ -58.42794451483298, -34.621336065017559 ], [ -58.428071630943968, -34.620688629417202 ], [ -58.42828038348047, -34.619625322851007 ], [ -58.428286844627877, -34.619592410272652 ], [ -58.428320390207183, -34.619430023755442 ], [ -58.428553841141245, -34.618299583132455 ], [ -58.428590207751022, -34.618123476799404 ], [ -58.428591140786587, -34.618118958247585 ], [ -58.428795879070336, -34.6171918212994 ], [ -58.429221897461467, -34.615262198147285 ], [ -58.429255350056906, -34.615110514693477 ], [ -58.430031374266648, -34.615454043676067 ], [ -58.430088676347964, -34.614020167365204 ], [ -58.430130090701709, -34.613333056490355 ], [ -58.430235682679296, -34.611902290910344 ], [ -58.430257457400636, -34.611764759842139 ], [ -58.430321504749486, -34.611133571709239 ], [ -58.430333086825236, -34.610920402336852 ], [ -58.430373498317351, -34.6101768825378 ], [ -58.430416790133641, -34.609470405505682 ], [ -58.430476789035303, -34.608730270199779 ], [ -58.430515711347141, -34.60851872793139 ], [ -58.430552313523279, -34.607923870956633 ], [ -58.430562770262469, -34.607758659465212 ], [ -58.430608699695775, -34.607052112479245 ], [ -58.430671988778066, -34.60594640975917 ], [ -58.431532337717904, -34.604948875705936 ], [ -58.432332970179331, -34.603933291837258 ], [ -58.433336877719661, -34.602678593637329 ], [ -58.433144604221212, -34.602583756330198 ], [ -58.432243441632785, -34.602138944394483 ], [ -58.432201308940982, -34.602077596393102 ], [ -58.43187551720937, -34.601702577183666 ], [ -58.431157197041749, -34.600886391987522 ], [ -58.431041082723894, -34.600754458017029 ], [ -58.430277999960062, -34.599887407339935 ], [ -58.430190909529969, -34.599809567542955 ], [ -58.430153110471274, -34.599775753937401 ], [ -58.429649543422755, -34.599325890999886 ], [ -58.42943185651599, -34.599131389417892 ], [ -58.429223088323745, -34.599004499332551 ], [ -58.429164768315943, -34.598964341781674 ], [ -58.428551028189609, -34.598677755930268 ], [ -58.42854164969183, -34.598673594996498 ], [ -58.427990588008271, -34.598429140422475 ], [ -58.427855545067629, -34.598369241395936 ], [ -58.42777627037006, -34.598334144887495 ], [ -58.426788292915731, -34.5979494812089 ], [ -58.426567906269064, -34.597921036475483 ], [ -58.426442469081785, -34.597904871297089 ], [ -58.426305874537377, -34.597887222471456 ], [ -58.424957256162664, -34.597857018643808 ], [ -58.42375620668038, -34.597832538504306 ], [ -58.423370464395788, -34.597753095799092 ], [ -58.422844503129618, -34.597718126737611 ], [ -58.422842634795749, -34.59771800262326 ], [ -58.422747238904925, -34.597719991045835 ], [ -58.421780838555307, -34.597740131955518 ], [ -58.42063850283121, -34.597759239306427 ], [ -58.420436027686677, -34.59776262530665 ], [ -58.420166060163133, -34.597768375902263 ], [ -58.419119774288767, -34.59779073635297 ], [ -58.418944220499192, -34.597794487486759 ], [ -58.41885324690783, -34.597796425795643 ], [ -58.417469104811424, -34.597825914029805 ], [ -58.417408448702155, -34.597827387594791 ], [ -58.417403078898175, -34.597827518084308 ], [ -58.417267837448584, -34.597830803306756 ], [ -58.417267136492882, -34.597830820378071 ], [ -58.417266415965607, -34.597830837925983 ], [ -58.417243858640667, -34.597831386386382 ], [ -58.416163330692576, -34.597857653527257 ], [ -58.416162610131231, -34.597857671040572 ], [ -58.416004756555367, -34.597859923268764 ], [ -58.416004036001127, -34.597859933549024 ] ] ] } },
{ "type": "Feature", "properties": { "id": 3, "objeto": "BARRIO", "nombre": "Balvanera", "comuna": 3, "perimetro_": 8375.82, "area_metro": 4342280.68 }, "geometry": { "type": "Polygon", "coordinates": [ [ [ -58.39293533370779, -34.599642149302134 ], [ -58.392770062932193, -34.600812072001183 ], [ -58.392751899904162, -34.600940372632536 ], [ -58.392596773318772, -34.601991707831772 ], [ -58.392577414768674, -34.602122824662686 ], [ -58.392391551116624, -34.603160338101695 ], [ -58.392290813782616, -34.604441002341197 ], [ -58.392210115485604, -34.605491111427561 ], [ -58.392198395235049, -34.605651952436361 ], [ -58.392126431371004, -34.606644600739841 ], [ -58.392116594997411, -34.606793540442737 ], [ -58.392046782056468, -34.607856683600275 ], [ -58.39203798016522, -34.607991399446469 ], [ -58.391965082244596, -34.609174119435977 ], [ -58.391956407021986, -34.609292982933326 ], [ -58.39195611909355, -34.609296932791267 ], [ -58.391879586730795, -34.610345282773807 ], [ -58.391863838861099, -34.610560866344798 ], [ -58.391810982567648, -34.611284691480968 ], [ -58.391799125199441, -34.611504405795742 ], [ -58.391790035925702, -34.611673276197891 ], [ -58.391789982642997, -34.611675655916876 ], [ -58.391789969242225, -34.611676026392864 ], [ -58.391770877773077, -34.612460247401856 ], [ -58.391761244861883, -34.612667849687355 ], [ -58.391753696528987, -34.612829679062045 ], [ -58.391714678442646, -34.613829739606928 ], [ -58.391704923847492, -34.614079666150758 ], [ -58.391689068584533, -34.614664467580738 ], [ -58.391688920653742, -34.614669923782181 ], [ -58.391688122333285, -34.61469938262313 ], [ -58.39168120206098, -34.614921705705505 ], [ -58.391673053569946, -34.615185225656745 ], [ -58.39166476202498, -34.615516210485978 ], [ -58.391663066969635, -34.615704873979745 ], [ -58.391661844321035, -34.615839875316908 ], [ -58.391679602267409, -34.616883349505414 ], [ -58.391701417107221, -34.61816380098751 ], [ -58.392032338931855, -34.618180543922506 ], [ -58.392297657961826, -34.61819356279188 ], [ -58.39300696497007, -34.618228363621959 ], [ -58.393203218528434, -34.618238758139064 ], [ -58.394500248687969, -34.618307385132034 ], [ -58.395993960504043, -34.618386387698486 ], [ -58.39751868015059, -34.618467009452687 ], [ -58.398966997426044, -34.618543557862033 ], [ -58.399246984736742, -34.618558353261761 ], [ -58.400043327989216, -34.618608205344714 ], [ -58.400298015448861, -34.618624111985199 ], [ -58.400984219525142, -34.618672000803144 ], [ -58.402250581114757, -34.618760459210897 ], [ -58.403516778194955, -34.618844889469777 ], [ -58.405038965710126, -34.619159151368649 ], [ -58.406390991105255, -34.61943775039714 ], [ -58.407784077634894, -34.61972480483476 ], [ -58.409255704754877, -34.620028074879393 ], [ -58.410082658913517, -34.620198439824435 ], [ -58.410522753056377, -34.620289125412391 ], [ -58.410815418074428, -34.620340872361083 ], [ -58.412547393108532, -34.620646961035654 ], [ -58.412638844488875, -34.619587760948541 ], [ -58.412645603703076, -34.619399239982101 ], [ -58.41268580750058, -34.618282059770266 ], [ -58.412691128929609, -34.618074594829125 ], [ -58.412757593806994, -34.616634322097866 ], [ -58.412819897803075, -34.615448206271267 ], [ -58.412873597839415, -34.614121027871846 ], [ -58.413119844989794, -34.613421261244497 ], [ -58.413317540373455, -34.612859574479046 ], [ -58.413438892216668, -34.612619268472791 ], [ -58.413564762451287, -34.612369949972553 ], [ -58.414017790772796, -34.611555334311454 ], [ -58.414470554788629, -34.610741280136963 ], [ -58.414586506588428, -34.609381307705945 ], [ -58.414625570387905, -34.608851175047093 ], [ -58.414663514494634, -34.608194983540926 ], [ -58.414102476880721, -34.607911937702106 ], [ -58.413940553739849, -34.607351019713896 ], [ -58.413911824862225, -34.607251288356018 ], [ -58.413648464249782, -34.606121798710241 ], [ -58.413415948173025, -34.605124083507015 ], [ -58.413232439512797, -34.604336769741842 ], [ -58.413225567358623, -34.604307304853357 ], [ -58.413187089766375, -34.604142566849248 ], [ -58.412976330534299, -34.603239579934666 ], [ -58.412807623562287, -34.602516752814715 ], [ -58.412595258923957, -34.601606932460776 ], [ -58.412303652383585, -34.600357213455844 ], [ -58.412282592406584, -34.600248612106029 ], [ -58.412257717474333, -34.600119797462611 ], [ -58.412127747539294, -34.599301279406752 ], [ -58.411922531409758, -34.598008215156298 ], [ -58.410297912265023, -34.598097873506113 ], [ -58.409432614713864, -34.598093554141869 ], [ -58.4094318952652, -34.598093550547986 ], [ -58.409103631716611, -34.598088955670697 ], [ -58.40872602716091, -34.598083669048606 ], [ -58.408725306637606, -34.598083658959851 ], [ -58.408581291887423, -34.598081259725063 ], [ -58.408580572460657, -34.598081247739216 ], [ -58.408152547390984, -34.598074117659678 ], [ -58.408151826874608, -34.598074105655982 ], [ -58.408061314927529, -34.598072728610603 ], [ -58.408060595495371, -34.59807271766492 ], [ -58.406630875157582, -34.598050954173594 ], [ -58.406630154636126, -34.59805094320145 ], [ -58.405886876655849, -34.598047474443376 ], [ -58.405886156121198, -34.598047471078551 ], [ -58.405590957298216, -34.598046092691071 ], [ -58.40559023676358, -34.598046089325777 ], [ -58.404874871438714, -34.598042741184017 ], [ -58.404874150904192, -34.59804273780955 ], [ -58.40473669305419, -34.598042094427541 ], [ -58.404735972519696, -34.598042091054616 ], [ -58.404511433711967, -34.598041070149826 ], [ -58.404510717536766, -34.598041066892939 ], [ -58.403725559018277, -34.598460200054525 ], [ -58.403636243464724, -34.598507879529457 ], [ -58.403449079923945, -34.59860779168946 ], [ -58.403086845280896, -34.598801159713744 ], [ -58.402540905642439, -34.599092583101424 ], [ -58.402478456981953, -34.599125933466816 ], [ -58.402012342973116, -34.599374788503923 ], [ -58.40146800002244, -34.59944174106635 ], [ -58.40121232404902, -34.599473188067023 ], [ -58.401074354095378, -34.599489574153935 ], [ -58.401073578964457, -34.599489666605137 ], [ -58.400481051392703, -34.599560323872367 ], [ -58.399925121986932, -34.599626613657549 ], [ -58.398780957502964, -34.599759135195789 ], [ -58.398727364249375, -34.599765342033365 ], [ -58.398727263942462, -34.599765353650241 ], [ -58.398659356891308, -34.599764026858693 ], [ -58.397189983804971, -34.599735304535784 ], [ -58.396644517195078, -34.599724599966031 ], [ -58.395820731946522, -34.599708428181671 ], [ -58.394716167935734, -34.59968689664386 ], [ -58.39468941733719, -34.599686230778467 ], [ -58.394400555592547, -34.599679042329086 ], [ -58.393083738296163, -34.599645886452315 ], [ -58.39293533370779, -34.599642149302134 ] ] ] } },
{ "type": "Feature", "properties": { "id": 4, "objeto": "BARRIO", "nombre": "Barracas", "comuna": 4, "perimetro_": 12846.58, "area_metro": 7955144.83 }, "geometry": { "type": "Polygon", "coordinates": [ [ [ -58.370663234060082, -34.62949785076114 ], [ -58.370636462109928, -34.629733551150942 ], [ -58.370619771513105, -34.629880159460797 ], [ -58.370616977985314, -34.629912223468082 ], [ -58.370589244793116, -34.630230487544672 ], [ -58.370538392873307, -34.630814050943734 ], [ -58.370457529017891, -34.631743294910883 ], [ -58.370440873477349, -34.631934128511531 ], [ -58.370364456408858, -34.632693584682187 ], [ -58.370340592439696, -34.63292997758257 ], [ -58.370284270315757, -34.633393248639635 ], [ -58.370252998570621, -34.633626044599957 ], [ -58.370235300793198, -34.633757229648864 ], [ -58.370111117429182, -34.63456207137272 ], [ -58.369955778095715, -34.635568722554517 ], [ -58.369922821737411, -34.635782150116711 ], [ -58.369809450110438, -34.636513830645832 ], [ -58.36967547788737, -34.637378947181027 ], [ -58.369628499947702, -34.637682050267443 ], [ -58.369575748641807, -34.638022397213554 ], [ -58.369536439024273, -34.638276172507027 ], [ -58.36939705393474, -34.639176002365652 ], [ -58.369361177598343, -34.639407526033288 ], [ -58.369295606226515, -34.63982881726691 ], [ -58.369250884750883, -34.640119841043564 ], [ -58.369096120609299, -34.641126913397777 ], [ -58.369065648668972, -34.641324920122798 ], [ -58.368971372392103, -34.641959288978917 ], [ -58.368827809468037, -34.642925664116468 ], [ -58.368740313926857, -34.643514545233479 ], [ -58.368697022498729, -34.643819232491303 ], [ -58.36865149836936, -34.644139058160256 ], [ -58.368586958339456, -34.644545631166807 ], [ -58.368559135618554, -34.644733850337566 ], [ -58.3685271071136, -34.644949813596149 ], [ -58.368426788257928, -34.645645937417328 ], [ -58.368396726788987, -34.645854155376206 ], [ -58.368362164186884, -34.646088834465729 ], [ -58.368342023184795, -34.64622559411918 ], [ -58.368310502462712, -34.646442895362249 ], [ -58.368277349212619, -34.646672237321944 ], [ -58.368178169323954, -34.647337728837861 ], [ -58.368160041104993, -34.647459292145491 ], [ -58.368125014463942, -34.647694168152341 ], [ -58.368081960108711, -34.647937375960062 ], [ -58.36786483934273, -34.649045543573152 ], [ -58.367685866550076, -34.649958981768101 ], [ -58.367654047990847, -34.650140352085209 ], [ -58.36765381444949, -34.650141683301158 ], [ -58.367715794877505, -34.650173739320877 ], [ -58.368088787711763, -34.650374854021699 ], [ -58.368637863329901, -34.6506709072749 ], [ -58.368642625986816, -34.650673475496411 ], [ -58.369017957901448, -34.650918217274061 ], [ -58.369188634201421, -34.651029508851124 ], [ -58.369661848496598, -34.651337957691211 ], [ -58.36986499666034, -34.651776090055399 ], [ -58.369900518741773, -34.651853295466907 ], [ -58.37001717285527, -34.652106460449914 ], [ -58.369983668210828, -34.652217392608279 ], [ -58.369732889650599, -34.653047686911826 ], [ -58.36967610712589, -34.653235683733683 ], [ -58.369684827111428, -34.653261793580093 ], [ -58.369792056429411, -34.653582368246802 ], [ -58.370317890359544, -34.653984985831777 ], [ -58.370830583291443, -34.654215284970483 ], [ -58.370833307884226, -34.654216508452656 ], [ -58.371243188227794, -34.654400622316849 ], [ -58.37180176435438, -34.654651524062366 ], [ -58.372417166906871, -34.655007079961543 ], [ -58.372554292493177, -34.65518288247133 ], [ -58.372839438759236, -34.655366244179589 ], [ -58.373268597274155, -34.655934335456777 ], [ -58.373269176760083, -34.655935112903336 ], [ -58.37326928132952, -34.655935252699699 ], [ -58.373276708314599, -34.65594483300071 ], [ -58.37354269315891, -34.656287887227386 ], [ -58.37363080455895, -34.656399712037086 ], [ -58.373714625284343, -34.656462426412098 ], [ -58.374064391953858, -34.656724119909939 ], [ -58.374123909021634, -34.656768650021675 ], [ -58.374533268893771, -34.656843604710296 ], [ -58.375107340265011, -34.65694871688271 ], [ -58.376222698653841, -34.656831222403419 ], [ -58.37637740576352, -34.656825608813548 ], [ -58.376587158340264, -34.656930521809876 ], [ -58.376618425071939, -34.656946160593925 ], [ -58.376877058678247, -34.656929170588491 ], [ -58.376904432941636, -34.656912955021774 ], [ -58.376934708114213, -34.65690076008346 ], [ -58.376967027490068, -34.6568929295169 ], [ -58.377000478853631, -34.656889686234983 ], [ -58.37703411521867, -34.656891119714984 ], [ -58.377281508308918, -34.656919040271468 ], [ -58.377385947374165, -34.656930423741123 ], [ -58.377413728307872, -34.656936704538573 ], [ -58.377440085497675, -34.656946303415125 ], [ -58.377476014545394, -34.656967253993514 ], [ -58.377505062258052, -34.65699257618531 ], [ -58.377530574969832, -34.657022666806967 ], [ -58.377531647308679, -34.657023696975699 ], [ -58.377637074420072, -34.657125033197168 ], [ -58.377637377615414, -34.657125093804886 ], [ -58.377756827899532, -34.657148967776358 ], [ -58.377969286223234, -34.657202135094295 ], [ -58.378217743557052, -34.657255521572601 ], [ -58.378212793454374, -34.657278018461668 ], [ -58.378353909570841, -34.657313835514437 ], [ -58.378457588466276, -34.657301551123489 ], [ -58.378472685105784, -34.65730664560018 ], [ -58.378522943274049, -34.657323607300178 ], [ -58.378595066339258, -34.657355855019397 ], [ -58.378745114526119, -34.657391733569121 ], [ -58.378903840325457, -34.657408538619997 ], [ -58.378984310623707, -34.65741840618017 ], [ -58.378991859521236, -34.657419331743405 ], [ -58.379059676158356, -34.657428919178301 ], [ -58.379157795425904, -34.657442104300031 ], [ -58.379254470314812, -34.657456480917467 ], [ -58.379640597748789, -34.657483346277587 ], [ -58.37985187033771, -34.65750697558444 ], [ -58.380039483488048, -34.657499949322407 ], [ -58.380155358720458, -34.657506787193306 ], [ -58.380162141288913, -34.657507187538762 ], [ -58.38023766530624, -34.657501221174392 ], [ -58.3803101935762, -34.657495490697414 ], [ -58.380406033930917, -34.657501391644345 ], [ -58.380499546159172, -34.657480116919736 ], [ -58.380564192413686, -34.657485884779547 ], [ -58.380794237310717, -34.657496884667005 ], [ -58.380862058854035, -34.657502893392113 ], [ -58.381224257372658, -34.657526987343417 ], [ -58.381510986227653, -34.657540849953619 ], [ -58.381524412993059, -34.657541498963155 ], [ -58.381526704590314, -34.657540694636282 ], [ -58.381616315821518, -34.657509249394423 ], [ -58.381794305639858, -34.65751186722342 ], [ -58.381996343874157, -34.657509616971666 ], [ -58.382048312348445, -34.657492957433135 ], [ -58.382126216735834, -34.657518051494833 ], [ -58.382371537419999, -34.657527754229854 ], [ -58.382378896335403, -34.657532273393493 ], [ -58.382416248022039, -34.657555211210337 ], [ -58.382481223897877, -34.65751828732261 ], [ -58.382536065971109, -34.657514745950763 ], [ -58.382641510504996, -34.657507069902564 ], [ -58.382680720683574, -34.657529289539845 ], [ -58.38268469141881, -34.657531539389424 ], [ -58.382687500446686, -34.657529221909314 ], [ -58.382709243387957, -34.657511282827059 ], [ -58.382818921737524, -34.657510162700959 ], [ -58.382867956340185, -34.657543585221227 ], [ -58.382947293932453, -34.657578220265684 ], [ -58.383035313837773, -34.657589010470872 ], [ -58.383085826309234, -34.657585466001578 ], [ -58.383088562540294, -34.657556794735264 ], [ -58.383268631025054, -34.657541946890291 ], [ -58.383414400058115, -34.657526539970661 ], [ -58.383466346482194, -34.657533729415441 ], [ -58.383468075212413, -34.657535162893616 ], [ -58.383550584579858, -34.657603544943363 ], [ -58.383876158794955, -34.65759660203382 ], [ -58.384127245498952, -34.65761393726163 ], [ -58.384527193072465, -34.6577043493877 ], [ -58.384812873297761, -34.657766066816791 ], [ -58.385178826856205, -34.657850435276892 ], [ -58.38526783792036, -34.657885587010995 ], [ -58.385291818262054, -34.657895057282992 ], [ -58.38540114882953, -34.6579455234139 ], [ -58.385506374781102, -34.658001631479593 ], [ -58.385607073086376, -34.65806315316334 ], [ -58.385702833820481, -34.658129839425179 ], [ -58.385793271071158, -34.6582014223114 ], [ -58.385793729930747, -34.658201848070313 ], [ -58.386002001504671, -34.658395033321042 ], [ -58.386003459995599, -34.65839621329458 ], [ -58.386232153654866, -34.658581209130119 ], [ -58.386232842541268, -34.658581799089987 ], [ -58.386384428391487, -34.658711526183694 ], [ -58.386384484027801, -34.658711524415942 ], [ -58.386446541153731, -34.658709839143739 ], [ -58.386447013240591, -34.658711305139661 ], [ -58.386469222012401, -34.658780267352554 ], [ -58.386514187216164, -34.658846121397822 ], [ -58.386533207082643, -34.658877615239959 ], [ -58.386534905400595, -34.658878992767605 ], [ -58.386596834061557, -34.65892925579621 ], [ -58.386596876548502, -34.658929318020462 ], [ -58.386597253485739, -34.658929868119792 ], [ -58.386675045883585, -34.659059441132356 ], [ -58.386758055153223, -34.659185420728228 ], [ -58.386910245155619, -34.659410182649232 ], [ -58.387290887509401, -34.659793927755686 ], [ -58.38729236023125, -34.659795100511133 ], [ -58.387517588037369, -34.65997437407227 ], [ -58.387564983788124, -34.659981850998612 ], [ -58.387565993846088, -34.659983169492243 ], [ -58.38759432560876, -34.660020147737271 ], [ -58.387623140880883, -34.6600688861135 ], [ -58.387720035328201, -34.660164822336561 ], [ -58.387720631766733, -34.660165131891041 ], [ -58.387836010557429, -34.660224995903938 ], [ -58.387891444884247, -34.660206427735901 ], [ -58.387965890632131, -34.660230801098315 ], [ -58.387966269368825, -34.660231790182685 ], [ -58.38798623145788, -34.660283878061371 ], [ -58.387986260896554, -34.660283895206383 ], [ -58.388019484985101, -34.660332434293757 ], [ -58.388020531854607, -34.660332867618521 ], [ -58.388071419538612, -34.660353931702929 ], [ -58.388099116686071, -34.660366827280455 ], [ -58.388138926847851, -34.660389747724928 ], [ -58.388276183402269, -34.660394843216558 ], [ -58.388276333914462, -34.660394878464267 ], [ -58.388357706730254, -34.660413657171418 ], [ -58.388357942314663, -34.660413712302393 ], [ -58.388778487269647, -34.660510765626817 ], [ -58.388874816653136, -34.660531867958518 ], [ -58.389044733215805, -34.6605059775071 ], [ -58.38904594276606, -34.66050748901236 ], [ -58.389117761787745, -34.660597246784327 ], [ -58.389118262604853, -34.660597141623676 ], [ -58.389191377528022, -34.660581789047257 ], [ -58.389191329012, -34.660583594548484 ], [ -58.389189912812583, -34.660636522869801 ], [ -58.38919167210549, -34.660636894419987 ], [ -58.389278218859005, -34.660655178978324 ], [ -58.389367186703566, -34.660639913441663 ], [ -58.389482580747433, -34.660645286374184 ], [ -58.389730153520574, -34.660731295622199 ], [ -58.390228569968343, -34.660858659459464 ], [ -58.390327460560691, -34.660921977160498 ], [ -58.390427840281809, -34.660997880300286 ], [ -58.390542103624128, -34.661039446899103 ], [ -58.390628665550544, -34.661072411823525 ], [ -58.390680668651903, -34.661016633614331 ], [ -58.390727223665237, -34.661019709913639 ], [ -58.390743007672775, -34.661023826146206 ], [ -58.390757753495052, -34.661030037544691 ], [ -58.390776824544218, -34.661040257394383 ], [ -58.390777581931495, -34.661041167370797 ], [ -58.390786199794633, -34.661051528832594 ], [ -58.39079319589213, -34.661063923818823 ], [ -58.390797622223225, -34.661077102407397 ], [ -58.390799355828449, -34.661090703960227 ], [ -58.390803516985933, -34.661144065587003 ], [ -58.390827727518392, -34.661184147795353 ], [ -58.390859513762017, -34.66123001976959 ], [ -58.390889750869647, -34.661270966395172 ], [ -58.390927064029334, -34.661307712121221 ], [ -58.390928125903528, -34.661308485262595 ], [ -58.390970611779785, -34.661339430747709 ], [ -58.390970948509114, -34.661339847400342 ], [ -58.391005932390293, -34.661383162120366 ], [ -58.391066480987803, -34.66145760966095 ], [ -58.391067762046895, -34.661458488396306 ], [ -58.391137444054181, -34.661506305455504 ], [ -58.391139174091535, -34.661507737022049 ], [ -58.391225704379714, -34.661579338771695 ], [ -58.391262048618159, -34.661606549574451 ], [ -58.391262759315659, -34.661607217941466 ], [ -58.391300117825921, -34.661642346443223 ], [ -58.391336032042418, -34.661676159820594 ], [ -58.391369317326117, -34.661721168989565 ], [ -58.391408481216459, -34.661762823851866 ], [ -58.3914530321657, -34.661800601292732 ], [ -58.391453239318331, -34.66180074203524 ], [ -58.391502413123284, -34.661834029539179 ], [ -58.391503637283208, -34.66183511916703 ], [ -58.391549300776163, -34.661875745692733 ], [ -58.391550121699716, -34.661876369052266 ], [ -58.391590837591004, -34.661907251980963 ], [ -58.391677393448425, -34.661948802112683 ], [ -58.391712028861008, -34.661950252996718 ], [ -58.391814178011373, -34.66198465676915 ], [ -58.391897266711467, -34.66203049724033 ], [ -58.391966549875612, -34.662019089850261 ], [ -58.392015022834855, -34.662040583549668 ], [ -58.392200262400941, -34.662119396790594 ], [ -58.392338772661567, -34.662162407280761 ], [ -58.39247382791384, -34.662195398203444 ], [ -58.392610249699075, -34.662209707983976 ], [ -58.392721122279887, -34.662228995751143 ], [ -58.392874798557457, -34.662249318633513 ], [ -58.392995044898967, -34.662275836390968 ], [ -58.393183797815183, -34.662297409534141 ], [ -58.393351786898734, -34.662296075485337 ], [ -58.393537103857625, -34.66228473371843 ], [ -58.393708576822213, -34.662260504379375 ], [ -58.393870361658323, -34.66222657819096 ], [ -58.39398569832079, -34.66222918039243 ], [ -58.394098021698753, -34.662203111333199 ], [ -58.394140644390561, -34.662198717692888 ], [ -58.394229907031281, -34.662206423093366 ], [ -58.394306103141261, -34.662212190208344 ], [ -58.394347679099958, -34.662197903796695 ], [ -58.394412372129281, -34.662169882082935 ], [ -58.394823764506846, -34.662121557415553 ], [ -58.394903770011695, -34.66209288240254 ], [ -58.395001980368711, -34.662077948761215 ], [ -58.395047025676824, -34.662056509538637 ], [ -58.39515962123567, -34.662025090667541 ], [ -58.395237587065793, -34.661985066405791 ], [ -58.395301692396778, -34.661950758337419 ], [ -58.395345005105497, -34.661930747679023 ], [ -58.395410964650836, -34.661923510922549 ], [ -58.395436372576853, -34.661914939108023 ], [ -58.395466280626835, -34.661907592108186 ], [ -58.395502203155459, -34.661889217853684 ], [ -58.395526896933433, -34.661870747205995 ], [ -58.395575395177232, -34.661862188195506 ], [ -58.39564291159585, -34.661892276989931 ], [ -58.395771077475985, -34.661880900098261 ], [ -58.395923495967523, -34.661859519072983 ], [ -58.395978922642229, -34.661849533187919 ], [ -58.39598065277012, -34.66185096468579 ], [ -58.396023920158918, -34.661886763850987 ], [ -58.396044704443334, -34.661883913331316 ], [ -58.396045701395174, -34.661885445382111 ], [ -58.39605681277844, -34.661902522471877 ], [ -58.396068915404356, -34.661926856482523 ], [ -58.39607008462422, -34.661927159100628 ], [ -58.396096618937889, -34.661934026271481 ], [ -58.39612779884218, -34.661925457494227 ], [ -58.396153790716326, -34.661908299892247 ], [ -58.396174566923875, -34.66191546674964 ], [ -58.396175408205082, -34.661916592176354 ], [ -58.396197055964642, -34.661945530438508 ], [ -58.396198417764722, -34.661946469559034 ], [ -58.396228211650168, -34.661967012030125 ], [ -58.396250722562307, -34.661971317842259 ], [ -58.396307875892695, -34.661968487273001 ], [ -58.39630787467177, -34.661970004350529 ], [ -58.396307852859906, -34.661997107125522 ], [ -58.396309583754558, -34.661997596642458 ], [ -58.396345667505663, -34.662007812346737 ], [ -58.396397905892144, -34.662000018559979 ], [ -58.396399191972861, -34.662001516512802 ], [ -58.396423533792337, -34.662029857674391 ], [ -58.396424013816969, -34.662029832698124 ], [ -58.396545767655951, -34.662023551670302 ], [ -58.396666509113004, -34.662024072932006 ], [ -58.396783299517942, -34.662031099219647 ], [ -58.39690039981987, -34.662031217134377 ], [ -58.397017211076495, -34.662024424546878 ], [ -58.397089386969029, -34.66201262190031 ], [ -58.397134621279704, -34.66200384325662 ], [ -58.397212494317444, -34.661987413971168 ], [ -58.397287873271139, -34.661964375026272 ], [ -58.397359940827421, -34.661934978380053 ], [ -58.39742434794276, -34.661901401305407 ], [ -58.397427913442172, -34.661899542715204 ], [ -58.397491052250032, -34.661858453444466 ], [ -58.397548672888405, -34.661812156405674 ], [ -58.39760014768148, -34.66176115515821 ], [ -58.397644917646247, -34.661706003777823 ], [ -58.397682496860639, -34.661647300548573 ], [ -58.397712476829284, -34.661585685260604 ], [ -58.397734531948615, -34.661521824790086 ], [ -58.397748422777411, -34.661456414903462 ], [ -58.397753998229177, -34.661390165835861 ], [ -58.397774827529183, -34.661349297043017 ], [ -58.397795892069126, -34.661321383482907 ], [ -58.397803224085187, -34.66131166748351 ], [ -58.397838471505963, -34.661278227758501 ], [ -58.397870382631496, -34.661256230574701 ], [ -58.397879682217415, -34.66124982020721 ], [ -58.39792581493132, -34.661227160888799 ], [ -58.399080891683489, -34.660921129303176 ], [ -58.399196594657106, -34.660900652391241 ], [ -58.399268744972012, -34.660892070089133 ], [ -58.399313713991063, -34.660886721274395 ], [ -58.399431707483899, -34.660879399664971 ], [ -58.399550031866326, -34.660878722431498 ], [ -58.399734079835014, -34.66090250676438 ], [ -58.39975947826747, -34.660905381990467 ], [ -58.399810272955847, -34.660911132425746 ], [ -58.399833372131518, -34.660900650198926 ], [ -58.399935014532709, -34.660845371615437 ], [ -58.399999983748224, -34.660760167723936 ], [ -58.400048790408121, -34.660739074743006 ], [ -58.400100609086785, -34.660723647784899 ], [ -58.400418308937788, -34.66065340626411 ], [ -58.400554013592938, -34.660591466153413 ], [ -58.400615538865509, -34.660564520303097 ], [ -58.400672395724833, -34.660536672413187 ], [ -58.400728575354883, -34.660502676510227 ], [ -58.400762465002188, -34.660476854884621 ], [ -58.400791190021337, -34.660447063481683 ], [ -58.40081407789755, -34.660413998752873 ], [ -58.400889047581515, -34.660300669099115 ], [ -58.40091012113573, -34.660256068937308 ], [ -58.400938455780064, -34.660214233514779 ], [ -58.400946634819498, -34.660166834171449 ], [ -58.400954259867589, -34.660126461061253 ], [ -58.400968707482399, -34.66008738136091 ], [ -58.400972068602357, -34.660081452680473 ], [ -58.400989686891087, -34.660050378247668 ], [ -58.40101800028846, -34.660025809921571 ], [ -58.401022661811119, -34.660021764986098 ], [ -58.401054189445389, -34.659994407547963 ], [ -58.401039951825467, -34.659975945177294 ], [ -58.401040003062363, -34.6599758696563 ], [ -58.40121326744125, -34.659505158810042 ], [ -58.401239757132437, -34.659442643947195 ], [ -58.402012536994199, -34.657618862116685 ], [ -58.40274911353869, -34.655876754705545 ], [ -58.40324282666834, -34.654425722124103 ], [ -58.403413189661912, -34.653851146194569 ], [ -58.403584193245848, -34.653274403284748 ], [ -58.403837317340063, -34.652405859087416 ], [ -58.403931676375066, -34.652135129142984 ], [ -58.404002722772162, -34.651931429589879 ], [ -58.404170579323967, -34.651483338552801 ], [ -58.404281567355092, -34.651207936212444 ], [ -58.404299962939703, -34.65116228935976 ], [ -58.404321251963189, -34.651109465937864 ], [ -58.404399247810062, -34.65094154843441 ], [ -58.404424981257357, -34.650886147290052 ], [ -58.404430155034795, -34.650875009202721 ], [ -58.404667432745967, -34.650463501465403 ], [ -58.404750705379662, -34.650319032957732 ], [ -58.404937214231275, -34.649995528844414 ], [ -58.405048640988014, -34.649802200678252 ], [ -58.404557926254043, -34.649419575132036 ], [ -58.404505284172821, -34.649351725494398 ], [ -58.404437980327963, -34.649260660024453 ], [ -58.404436496135034, -34.649258662673766 ], [ -58.404398059408756, -34.64920889682142 ], [ -58.40361374160878, -34.648193395851962 ], [ -58.403484677821062, -34.648024810339621 ], [ -58.403130692970997, -34.647562167812367 ], [ -58.40274972478354, -34.64706430695481 ], [ -58.40152784429683, -34.646862344982353 ], [ -58.401545386585894, -34.646787016275347 ], [ -58.401544989597404, -34.646786971003507 ], [ -58.401087561927213, -34.64673503691882 ], [ -58.400763365941401, -34.646615032427356 ], [ -58.400606352895565, -34.646556911472445 ], [ -58.400469443640461, -34.646479221030596 ], [ -58.400465578950111, -34.646414536173523 ], [ -58.400336477462069, -34.64636272293054 ], [ -58.400356240171767, -34.646313575343854 ], [ -58.400496282781219, -34.645922446757915 ], [ -58.40038364537655, -34.645906473305054 ], [ -58.397280517209872, -34.644587779945027 ], [ -58.393511476711979, -34.642985880120939 ], [ -58.391404444742484, -34.642090282073049 ], [ -58.39147548673337, -34.640830594940404 ], [ -58.390248333113391, -34.640357326540219 ], [ -58.389885826977213, -34.640209572259053 ], [ -58.389971237397766, -34.639105951996591 ], [ -58.390068384167442, -34.63783057718981 ], [ -58.390111043494862, -34.637270175829777 ], [ -58.390168459012763, -34.636515906524892 ], [ -58.390235690851327, -34.635632276126813 ], [ -58.390253101583333, -34.63540369352198 ], [ -58.390286716888305, -34.634962370862873 ], [ -58.390335297728868, -34.634360210947378 ], [ -58.390356970268883, -34.634128602067136 ], [ -58.389519799994233, -34.633936336433663 ], [ -58.388768070304998, -34.633763764581353 ], [ -58.388644738317034, -34.633735426698408 ], [ -58.388638977950414, -34.633734103140462 ], [ -58.388561248812636, -34.633716243306218 ], [ -58.388544312486815, -34.633711497782151 ], [ -58.388526509532205, -34.633706509807759 ], [ -58.388465509564888, -34.633689419009407 ], [ -58.387656919951915, -34.633462867110723 ], [ -58.387631044321324, -34.633455948908207 ], [ -58.387272255210263, -34.633360020513152 ], [ -58.386524408345053, -34.633145536662894 ], [ -58.385920251130905, -34.632970020465322 ], [ -58.385421471628213, -34.632825115503458 ], [ -58.385357793296578, -34.63280618911709 ], [ -58.383994634958164, -34.632401023021224 ], [ -58.383396204704034, -34.632224785746125 ], [ -58.382627304386183, -34.631688429302855 ], [ -58.382184394827831, -34.631417754599731 ], [ -58.381737655326148, -34.631144736284249 ], [ -58.381662619251706, -34.631089307212513 ], [ -58.381407731595857, -34.630901019795893 ], [ -58.381338017579935, -34.630849789577347 ], [ -58.381337857246216, -34.630849709390866 ], [ -58.38133767631016, -34.63084961912751 ], [ -58.381337474771705, -34.630849518787308 ], [ -58.38133730586496, -34.630849394278179 ], [ -58.381337292131796, -34.630849799901192 ], [ -58.381337272058971, -34.630850378600677 ], [ -58.38133726434333, -34.630850598544441 ], [ -58.381335591745852, -34.630899123433515 ], [ -58.381312005750374, -34.631583467382214 ], [ -58.381311702654898, -34.631592261407391 ], [ -58.381302298646915, -34.631865108738275 ], [ -58.381294571781517, -34.632089294166583 ], [ -58.38128521214712, -34.632360850689594 ], [ -58.381279298749149, -34.632500244607769 ], [ -58.381269151748157, -34.632739434259165 ], [ -58.381269145476423, -34.632739582099198 ], [ -58.381255901353036, -34.633051776373392 ], [ -58.381254946548239, -34.63307428321226 ], [ -58.38125483537025, -34.633074279360862 ], [ -58.380148089788271, -34.633035934618114 ], [ -58.380148037958705, -34.633035417169253 ], [ -58.380118140972414, -34.632738092236117 ], [ -58.380096943264526, -34.632636386186185 ], [ -58.380012370042564, -34.63258633400244 ], [ -58.379640553118392, -34.632366283394653 ], [ -58.379582433842067, -34.632296242148357 ], [ -58.379514867131, -34.632215631575356 ], [ -58.37953050931079, -34.632165007902309 ], [ -58.379522417931447, -34.632146335761398 ], [ -58.379475684850057, -34.632038490558593 ], [ -58.379124247622009, -34.631403412666877 ], [ -58.378634967714675, -34.630519225990042 ], [ -58.378626122498254, -34.630503240419742 ], [ -58.378626131247927, -34.630503215186138 ], [ -58.378633300690908, -34.63048344756735 ], [ -58.378633309445156, -34.630483417826639 ], [ -58.378966237513715, -34.629564381801465 ], [ -58.379049190418385, -34.629337746977214 ], [ -58.378722701055295, -34.62912560310513 ], [ -58.378574135072974, -34.629029068121241 ], [ -58.377936777968507, -34.628614923412485 ], [ -58.377724275744605, -34.628476885513457 ], [ -58.376609120682147, -34.627868491861953 ], [ -58.37557794412637, -34.627305912484928 ], [ -58.374565624671412, -34.626803695224837 ], [ -58.374565451292575, -34.626803691493016 ], [ -58.373870987865949, -34.626785160464003 ], [ -58.373870814488143, -34.626785155829786 ], [ -58.373661729558499, -34.626779578525479 ], [ -58.373661556180679, -34.626779573890971 ], [ -58.373640448795122, -34.626779011217089 ], [ -58.373640275417323, -34.626779006582538 ], [ -58.372790444157218, -34.626756335676738 ], [ -58.372790270783426, -34.626756327435338 ], [ -58.372552431836986, -34.62674263936681 ], [ -58.372552259555661, -34.62674262932304 ], [ -58.371726278440669, -34.626695067069015 ], [ -58.371726106159535, -34.626695057024087 ], [ -58.371560547170645, -34.626685522716187 ], [ -58.371277191525948, -34.626669204539873 ], [ -58.371132249673281, -34.626660857046495 ], [ -58.371132077392318, -34.626660847000736 ], [ -58.370970397045475, -34.62665153567 ], [ -58.370970194233777, -34.626651523798053 ], [ -58.370968898853945, -34.626651449802651 ], [ -58.370968726565039, -34.626651446967983 ], [ -58.370968387757301, -34.626655092046434 ], [ -58.370968343695985, -34.626655565262709 ], [ -58.370968279649027, -34.626656254796792 ], [ -58.370968259536973, -34.626656473811039 ], [ -58.37095243062705, -34.626826788399811 ], [ -58.370921250675273, -34.627088935930416 ], [ -58.370798673136427, -34.62811950273025 ], [ -58.370714223546933, -34.628830149850401 ], [ -58.370716520776675, -34.629000359104644 ], [ -58.370716899579918, -34.629028463795677 ], [ -58.370698058887534, -34.629193663144072 ], [ -58.370663301323873, -34.629497263094891 ], [ -58.370663270387077, -34.629497533488774 ], [ -58.370663234060082, -34.62949785076114 ] ] ] } },
{ "type": "Feature", "properties": { "id": 5, "objeto": "BARRIO", "nombre": "Belgrano", "comuna": 13, "perimetro_": 20430.59, "area_metro": 8060009.1 }, "geometry": { "type": "Polygon", "coordinates": [ [ [ -58.451671049690511, -34.535645082761519 ], [ -58.451676569161442, -34.535639830972734 ], [ -58.452021306279356, -34.535658586799499 ], [ -58.452025236855562, -34.535662852051715 ], [ -58.452026247470954, -34.535662324521901 ], [ -58.452792288129793, -34.535711575869904 ], [ -58.452864134349625, -34.535718849375762 ], [ -58.452934747888087, -34.535732011790294 ], [ -58.452979199341243, -34.535744256994079 ], [ -58.453003425107447, -34.535750930545852 ], [ -58.453069481981586, -34.535775418991882 ], [ -58.453132261720896, -34.535805232789805 ], [ -58.453191140217385, -34.535840074420356 ], [ -58.453213450466691, -34.535856286759113 ], [ -58.453245529311708, -34.535879597690794 ], [ -58.453246615199745, -34.53588056141102 ], [ -58.453294888774622, -34.53592340953842 ], [ -58.453295986656805, -34.535924281313093 ], [ -58.45407181828169, -34.536539766242271 ], [ -58.454174483131901, -34.536646958470847 ], [ -58.454281628169518, -34.536758828069985 ], [ -58.45445309001213, -34.536965146820776 ], [ -58.454780350478572, -34.537309408884191 ], [ -58.45480322347376, -34.537340815460929 ], [ -58.454820370927983, -34.537374627557362 ], [ -58.454831432352115, -34.537410135723917 ], [ -58.454833023963573, -34.537422371875799 ], [ -58.454836174705989, -34.537446594462054 ], [ -58.454836101652006, -34.537448192928338 ], [ -58.454834500022756, -34.537483237548628 ], [ -58.454826442139925, -34.537519296064424 ], [ -58.454682792235666, -34.537957318747267 ], [ -58.454629526115902, -34.538119739450522 ], [ -58.454233174814924, -34.538676617850939 ], [ -58.454086173142883, -34.538791088662819 ], [ -58.452901330372875, -34.539374893106775 ], [ -58.452789131375887, -34.539430175507206 ], [ -58.452414432818934, -34.539567282863679 ], [ -58.452357557637413, -34.539581028216503 ], [ -58.452324016670069, -34.539587180180568 ], [ -58.452289713776182, -34.539588756400597 ], [ -58.452255554191709, -34.539585715491867 ], [ -58.452222440957762, -34.539578138665277 ], [ -58.452170417985933, -34.539564195100063 ], [ -58.452153826771607, -34.539541151385293 ], [ -58.452131028956963, -34.539509487232536 ], [ -58.451973633455189, -34.539290881904662 ], [ -58.451961934281648, -34.539274632527949 ], [ -58.451957777088786, -34.539268858460737 ], [ -58.451929680224694, -34.539229834679787 ], [ -58.45191080051476, -34.539203612079902 ], [ -58.451911674235383, -34.539194952108616 ], [ -58.451912363910523, -34.539153935234843 ], [ -58.451922745599909, -34.539110051810376 ], [ -58.451933127278522, -34.539066167483291 ], [ -58.451944661438858, -34.539022284163607 ], [ -58.451931983811427, -34.538991754201184 ], [ -58.451874319308246, -34.538948828056682 ], [ -58.451833591485858, -34.538905811530093 ], [ -58.451828239386423, -34.538900159051416 ], [ -58.451783828270173, -34.538859920373952 ], [ -58.451678775378163, -34.538740519140809 ], [ -58.451627162343385, -34.538681856532214 ], [ -58.451522774895295, -34.538577069418729 ], [ -58.451415535594187, -34.538469419165175 ], [ -58.451379884032931, -34.538428990988059 ], [ -58.451356830803817, -34.53840036828062 ], [ -58.451333776291015, -34.538388440082905 ], [ -58.451310237584536, -34.538380857678412 ], [ -58.451295236305931, -34.538376025389304 ], [ -58.451280873404116, -34.538348670934162 ], [ -58.451271401688892, -34.538319894499942 ], [ -58.451267017144566, -34.538290291953324 ], [ -58.451280468252421, -34.538242081106148 ], [ -58.451196072597227, -34.538150164598484 ], [ -58.451194918119768, -34.538148907888299 ], [ -58.451103402338639, -34.538121193279395 ], [ -58.451103369661077, -34.538121183360388 ], [ -58.451076724054005, -34.538115222232754 ], [ -58.451063997221553, -34.53811140700072 ], [ -58.451012077987656, -34.538095843076441 ], [ -58.450982104055974, -34.538093454868459 ], [ -58.450937763646593, -34.538081635322634 ], [ -58.450937723344069, -34.538081624501359 ], [ -58.450835702927769, -34.538021888871974 ], [ -58.450678930881388, -34.537928378976702 ], [ -58.450643194834747, -34.53791024928902 ], [ -58.45046336665105, -34.537812920963056 ], [ -58.450242042384602, -34.537679335059678 ], [ -58.450205156754109, -34.537644031943579 ], [ -58.449952121098185, -34.53743326422083 ], [ -58.449880367685033, -34.537362732839931 ], [ -58.449880080157484, -34.53736245066019 ], [ -58.449884604806861, -34.537228291961057 ], [ -58.449880133378215, -34.537030780541251 ], [ -58.449880156699429, -34.536885441782019 ], [ -58.449910039733147, -34.536731488607913 ], [ -58.449938748533796, -34.536583592015205 ], [ -58.44995724935719, -34.536491839084441 ], [ -58.450032241955547, -34.536120734024166 ], [ -58.449674587708479, -34.53591751096809 ], [ -58.449662944467569, -34.535910894960274 ], [ -58.44949756038568, -34.535804676870022 ], [ -58.449457276409824, -34.535781773232316 ], [ -58.449159355822786, -34.53561238345381 ], [ -58.449125496392305, -34.535590317880086 ], [ -58.449108269473676, -34.535581603199802 ], [ -58.449099559882967, -34.535577197227468 ], [ -58.449067140771518, -34.535559902183529 ], [ -58.449046204465645, -34.535556937635903 ], [ -58.449027641878949, -34.535552778063249 ], [ -58.449023478788938, -34.535552393182655 ], [ -58.449005324231138, -34.535550714779255 ], [ -58.448982901490602, -34.535551713643684 ], [ -58.448965633878792, -34.535554891870497 ], [ -58.448960981470726, -34.535555747684768 ], [ -58.448947761875651, -34.53555717580322 ], [ -58.448934940677645, -34.535560201304662 ], [ -58.44892279891824, -34.535564759319321 ], [ -58.448911602395718, -34.535570748016852 ], [ -58.448901596217134, -34.535578038521592 ], [ -58.448892997174255, -34.535586470404489 ], [ -58.448864668166628, -34.535614137418079 ], [ -58.448858301217612, -34.535621466209449 ], [ -58.448779878923027, -34.535711733528494 ], [ -58.448801491657761, -34.535727477804194 ], [ -58.44879082030144, -34.535770168358589 ], [ -58.448800336686844, -34.535817431570734 ], [ -58.448804902458825, -34.535826322035511 ], [ -58.448810983519714, -34.535834567254533 ], [ -58.448818451366179, -34.535841991433088 ], [ -58.448827144813535, -34.53584843680126 ], [ -58.448833438369398, -34.535851881305341 ], [ -58.448836880888059, -34.53585376541799 ], [ -58.448847451558358, -34.535857863678011 ], [ -58.449299439294577, -34.536131085386565 ], [ -58.44932781646191, -34.536154381639108 ], [ -58.44935041737272, -34.536176742440333 ], [ -58.449368154208138, -34.536201929573203 ], [ -58.449380521660835, -34.536229225442369 ], [ -58.449389336686892, -34.536264896110019 ], [ -58.449391827264208, -34.536301246637827 ], [ -58.449395178824744, -34.536321776231048 ], [ -58.449384997990919, -34.536357196840363 ], [ -58.449368735972129, -34.536391027530513 ], [ -58.44934673600342, -34.536422557108516 ], [ -58.449202919831706, -34.536608698906569 ], [ -58.448894910734069, -34.536992110456033 ], [ -58.44887591277233, -34.53701575908137 ], [ -58.448827273474585, -34.537068875607524 ], [ -58.448815074418768, -34.537082197323969 ], [ -58.448800887783676, -34.537099642853875 ], [ -58.448761248848868, -34.537148389378224 ], [ -58.448726657132994, -34.537187499284016 ], [ -58.448699271632336, -34.537223176487664 ], [ -58.44869408143196, -34.537234147193814 ], [ -58.448704451834537, -34.537263245751532 ], [ -58.448710623691433, -34.537282314476322 ], [ -58.448713669883453, -34.537291724886977 ], [ -58.44871424251567, -34.537312379462598 ], [ -58.448707530025651, -34.537332729385319 ], [ -58.448694363672182, -34.537352001324891 ], [ -58.448677709742505, -34.537369328457061 ], [ -58.448657977884601, -34.537384279945094 ], [ -58.448613781189344, -34.537395493858291 ], [ -58.448567984279904, -34.537400711238078 ], [ -58.448544894648769, -34.537400253227453 ], [ -58.448522219535114, -34.537399804129919 ], [ -58.448521769071313, -34.53739979520811 ], [ -58.448521014212865, -34.537399678832081 ], [ -58.448476327254035, -34.537392771152646 ], [ -58.448432828704526, -34.537379819501268 ], [ -58.448392395341529, -34.537361273021411 ], [ -58.448372250637512, -34.537348152043251 ], [ -58.448356618474982, -34.53733797024227 ], [ -58.448356069536416, -34.537337612306651 ], [ -58.447992594556851, -34.537006884230486 ], [ -58.447991302878421, -34.537005708601427 ], [ -58.44798033602904, -34.536999294439916 ], [ -58.447972069538594, -34.536992788670332 ], [ -58.447970604659858, -34.536991636456563 ], [ -58.447967917291173, -34.536988803541576 ], [ -58.447962312438044, -34.536982895132063 ], [ -58.447955634705103, -34.536973252578001 ], [ -58.447949948741609, -34.536960788666448 ], [ -58.44794695451948, -34.536947698597913 ], [ -58.447946743465025, -34.53693437721121 ], [ -58.44794932203898, -34.53692122564437 ], [ -58.44795461173829, -34.536908643221651 ], [ -58.447964726739954, -34.536885424508519 ], [ -58.44797049022732, -34.536861208264696 ], [ -58.447971772477381, -34.536836549756472 ], [ -58.447968542890678, -34.536812013276538 ], [ -58.447960874350031, -34.536788161327195 ], [ -58.447948944311904, -34.536765540197628 ], [ -58.447933026094034, -34.536744668244367 ], [ -58.447901093789845, -34.536711732423761 ], [ -58.447866949695012, -34.536676515265803 ], [ -58.447835306881586, -34.536648459603278 ], [ -58.447795809483367, -34.536613440275374 ], [ -58.447794905528504, -34.536612638787652 ], [ -58.447717294385903, -34.536553395817634 ], [ -58.447634551916209, -34.536499116325331 ], [ -58.447547139911592, -34.536450105043933 ], [ -58.447455548487412, -34.536406635161022 ], [ -58.447360287367474, -34.536368951021927 ], [ -58.447142079770884, -34.536290781716907 ], [ -58.447132236655861, -34.536287255815203 ], [ -58.446780620046532, -34.536161294938083 ], [ -58.446718167022631, -34.536136400641439 ], [ -58.446717811947046, -34.536136259068414 ], [ -58.446717767290174, -34.536136241935139 ], [ -58.446705703923357, -34.536134457264083 ], [ -58.446611006945226, -34.536100533389863 ], [ -58.446539270281356, -34.536064027288369 ], [ -58.446463487977326, -34.536033630492987 ], [ -58.446414966318386, -34.536018912830023 ], [ -58.446384418093793, -34.53600964688377 ], [ -58.446302849200556, -34.535992315443757 ], [ -58.446219597109867, -34.535981809356976 ], [ -58.446142000480926, -34.535978510792248 ], [ -58.446135493984819, -34.535978234204542 ], [ -58.446135493984819, -34.535978234204535 ], [ -58.445943548278713, -34.53598092940048 ], [ -58.445901633755916, -34.535982789400613 ], [ -58.44575184969564, -34.535989434059545 ], [ -58.445560656356136, -34.536003735600289 ], [ -58.445370222025382, -34.536023816033634 ], [ -58.445180802649794, -34.536049647456728 ], [ -58.444690839398483, -34.536124105979319 ], [ -58.444481536015509, -34.536188404599734 ], [ -58.444186445760771, -34.536279056349294 ], [ -58.444186444009048, -34.536279056538319 ], [ -58.44413653491717, -34.536284442420246 ], [ -58.444014867487013, -34.536297571931826 ], [ -58.444008391146113, -34.536298270810448 ], [ -58.443664769068022, -34.536335351443988 ], [ -58.443664339945279, -34.536335397750456 ], [ -58.443646188716578, -34.536314756546091 ], [ -58.443886066960346, -34.536170297173683 ], [ -58.443865108499857, -34.536146462564489 ], [ -58.443863687174868, -34.536144846189167 ], [ -58.443863687174854, -34.536144846189167 ], [ -58.443863626012956, -34.536144883022168 ], [ -58.443623300183731, -34.536289611903427 ], [ -58.443623116173264, -34.536289722717754 ], [ -58.443623116087146, -34.536289722769595 ], [ -58.443623114992107, -34.536289721676845 ], [ -58.443618072829594, -34.536284690163725 ], [ -58.443616518796347, -34.536283139450283 ], [ -58.443455818835467, -34.536393421671363 ], [ -58.443299445846321, -34.536482238589102 ], [ -58.443179104471845, -34.536545422720494 ], [ -58.443113686288775, -34.536574002640847 ], [ -58.443051111188609, -34.536606652061138 ], [ -58.442991747389392, -34.53664317904186 ], [ -58.44281706565485, -34.536759539149216 ], [ -58.442728030929928, -34.536861348125768 ], [ -58.442723552711065, -34.536866468405762 ], [ -58.442660236519458, -34.536938868841553 ], [ -58.442288622886885, -34.537301227941519 ], [ -58.442195493763258, -34.537263732010381 ], [ -58.442193415617673, -34.537262895299889 ], [ -58.442193415526951, -34.537262895263332 ], [ -58.442320633545975, -34.537046505060502 ], [ -58.442320983297748, -34.537045910152017 ], [ -58.442314590064385, -34.537043336231051 ], [ -58.442289587779264, -34.537033270285903 ], [ -58.442289587779264, -34.537033270285917 ], [ -58.442289587779236, -34.537033270285903 ], [ -58.44216136609122, -34.537251368519968 ], [ -58.442158630678406, -34.537250267287959 ], [ -58.442151760624625, -34.537247501517335 ], [ -58.441765011109013, -34.537905330381783 ], [ -58.441765010125373, -34.537905330213874 ], [ -58.441564300506521, -34.537871071066711 ], [ -58.441562299555464, -34.53787072996937 ], [ -58.441562302221733, -34.537870719272078 ], [ -58.441621319169805, -34.537633937047559 ], [ -58.441621590649781, -34.53763284741261 ], [ -58.441621590686623, -34.537632847264767 ], [ -58.441596857616396, -34.537628625671367 ], [ -58.44158426112903, -34.537626475622886 ], [ -58.441584261129016, -34.537626475622886 ], [ -58.441525095297081, -34.537863852628732 ], [ -58.441512930563334, -34.53786177626472 ], [ -58.441371938257582, -34.538427438169414 ], [ -58.441370426890515, -34.538433503631481 ], [ -58.441339489626309, -34.538557625206998 ], [ -58.441327244133639, -34.538576483658012 ], [ -58.441123153162721, -34.538582958707863 ], [ -58.441121493045017, -34.538583011590859 ], [ -58.441121493038423, -34.538583011448772 ], [ -58.441110276928583, -34.53834091925544 ], [ -58.441110208186657, -34.538339435502706 ], [ -58.441110208186643, -34.538339435502706 ], [ -58.441077969971602, -34.53834045817414 ], [ -58.441077969971602, -34.538340458174147 ], [ -58.441078222742341, -34.538345914101448 ], [ -58.441088959050688, -34.538577651174151 ], [ -58.441072618221263, -34.538578170129888 ], [ -58.441087778330804, -34.538905411485274 ], [ -58.441095663327424, -34.539075600492005 ], [ -58.441098608290304, -34.5391391825993 ], [ -58.441098778340525, -34.539142844245127 ], [ -58.441094461353707, -34.53914297506919 ], [ -58.440846252559098, -34.539150511624456 ], [ -58.440836795055546, -34.539150798343258 ], [ -58.440836795055532, -34.539150798343279 ], [ -58.440877826468771, -34.540051922745469 ], [ -58.440888304029635, -34.540208860266794 ], [ -58.440784519721525, -34.540304720119714 ], [ -58.440738643438024, -34.540281491682279 ], [ -58.440689519598685, -34.540263373742071 ], [ -58.440637974914118, -34.540250672033906 ], [ -58.440601994054425, -34.540247896154284 ], [ -58.440565938911064, -34.540249905949352 ], [ -58.440530733242497, -34.540256650209656 ], [ -58.440509564712642, -34.540263196962556 ], [ -58.440489294407286, -34.540271461106364 ], [ -58.440482749953851, -34.540274594160557 ], [ -58.440450523387817, -34.540290026048311 ], [ -58.440424822699768, -34.540302506962462 ], [ -58.440335705449385, -34.540232239887558 ], [ -58.440334053304305, -34.540230937916647 ], [ -58.440334053295828, -34.540230937909946 ], [ -58.440321217100468, -34.54020947962583 ], [ -58.44031430406713, -34.539972270260968 ], [ -58.440314106583237, -34.539965494163937 ], [ -58.440295345631398, -34.539321767956785 ], [ -58.440295344675619, -34.539321735161295 ], [ -58.440309761308029, -34.539299676241647 ], [ -58.440314604721088, -34.539290610555284 ], [ -58.44031765199432, -34.539281023503321 ], [ -58.44031882463068, -34.539271158457566 ], [ -58.440318095329786, -34.539261263306599 ], [ -58.440315480362955, -34.539251589552933 ], [ -58.44031104720144, -34.539242380595567 ], [ -58.440304907981286, -34.539233869024798 ], [ -58.440304907981272, -34.539233869024777 ], [ -58.440297920832826, -34.539226965447796 ], [ -58.440297216237333, -34.539226269409944 ], [ -58.44028816690426, -34.539219773792411 ], [ -58.4402785713905, -34.53921485918211 ], [ -58.440268144360637, -34.539211287547204 ], [ -58.440257159207192, -34.539209149983634 ], [ -58.440245902403873, -34.539208503335466 ], [ -58.440234664792413, -34.539209364784902 ], [ -58.440223742672437, -34.539211710950582 ], [ -58.440213418192847, -34.539215480588638 ], [ -58.44020396153023, -34.539220576395728 ], [ -58.440195619995741, -34.539226865006931 ], [ -58.440188609318781, -34.539234183304231 ], [ -58.440183112557762, -34.539242338416173 ], [ -58.44017927356068, -34.539251120336608 ], [ -58.440177192608807, -34.539260298318275 ], [ -58.440176865205629, -34.539270378063406 ], [ -58.440178427787629, -34.539280377939001 ], [ -58.440181843385538, -34.539290056354311 ], [ -58.440187029275954, -34.539299181625609 ], [ -58.440193860249593, -34.539307531075451 ], [ -58.44020217078581, -34.539314904554423 ], [ -58.440202599899521, -34.539315183177948 ], [ -58.440211761589147, -34.539321123541164 ], [ -58.440211761589211, -34.539321123550039 ], [ -58.440211763235887, -34.539321434537058 ], [ -58.44021354438901, -34.53965781246221 ], [ -58.4402135444398, -34.539657822056085 ], [ -58.440214254671375, -34.539792002964667 ], [ -58.440214499676003, -34.53983841889395 ], [ -58.440214501044878, -34.53983867822916 ], [ -58.440148917360816, -34.539857951938735 ], [ -58.439528897801232, -34.540040157239325 ], [ -58.439279015544834, -34.540126051712022 ], [ -58.439237003769009, -34.540136373844511 ], [ -58.439193550244795, -34.540141074351894 ], [ -58.439149744341904, -34.540140035360508 ], [ -58.439106686281825, -34.54013328413096 ], [ -58.439091390276985, -34.540128721952804 ], [ -58.439065458815769, -34.54012098764364 ], [ -58.43905317153272, -34.540115810424105 ], [ -58.439042931020687, -34.540111495605601 ], [ -58.439021544238514, -34.540100340649339 ], [ -58.438992782507761, -34.540089921592404 ], [ -58.438882122292895, -34.540055977751109 ], [ -58.438847459270086, -34.540047188526273 ], [ -58.438769284131084, -34.540027366240018 ], [ -58.438654640524618, -34.540004180877183 ], [ -58.438538572693204, -34.539986500159443 ], [ -58.438518356121371, -34.539984408095805 ], [ -58.438421468397394, -34.539974381853327 ], [ -58.438282956651378, -34.539958864260626 ], [ -58.43819908473052, -34.539949467656072 ], [ -58.437933923513626, -34.539949412865177 ], [ -58.437920933799532, -34.539950344844023 ], [ -58.43767006571899, -34.539968343713873 ], [ -58.437658857929669, -34.539969147819683 ], [ -58.437562690897067, -34.539976047305871 ], [ -58.43756268871568, -34.53997604763827 ], [ -58.437405981890635, -34.539999925411948 ], [ -58.437402152761429, -34.540000508862349 ], [ -58.437438256089258, -34.539965873603556 ], [ -58.437482800839426, -34.53992313928584 ], [ -58.437482803063283, -34.539923137152392 ], [ -58.437488060170253, -34.539923047219112 ], [ -58.437542793558258, -34.539922114977117 ], [ -58.437572519196095, -34.539921608328783 ], [ -58.437572521654168, -34.539921605749534 ], [ -58.437625668111387, -34.539865839840282 ], [ -58.437633312940306, -34.539857817561327 ], [ -58.437638618033873, -34.539852250930032 ], [ -58.437638818302858, -34.539852040787906 ], [ -58.437560439329381, -34.539802415817299 ], [ -58.437436248364328, -34.539923929575217 ], [ -58.437349834348957, -34.540008480832235 ], [ -58.437237566405692, -34.540025586824299 ], [ -58.437004671024368, -34.54007323794216 ], [ -58.436980890300546, -34.540081002351315 ], [ -58.436967898124351, -34.540085244295824 ], [ -58.436794276380326, -34.540141932008105 ], [ -58.436656952476014, -34.540183124580999 ], [ -58.436522693928886, -34.540230737665546 ], [ -58.436462783841307, -34.540255423733178 ], [ -58.436454113817028, -34.540258996002827 ], [ -58.436391939762657, -34.540284616322168 ], [ -58.43626511593947, -34.540344584877104 ], [ -58.436265079988083, -34.540344595686356 ], [ -58.436226592903743, -34.540364698994424 ], [ -58.436172802473102, -34.540392798193345 ], [ -58.436147821846141, -34.540411466562709 ], [ -58.436023856873113, -34.540504107108383 ], [ -58.435907305492918, -34.540597343539631 ], [ -58.435888548156896, -34.540612348626432 ], [ -58.435757612665903, -34.540724211126999 ], [ -58.435631190964379, -34.540839575666844 ], [ -58.435509418175236, -34.540958315188732 ], [ -58.435419385157637, -34.541054074439728 ], [ -58.435335504362357, -34.541153585887088 ], [ -58.435258004652127, -34.541256580067909 ], [ -58.435187097467903, -34.541362775796351 ], [ -58.435122973558876, -34.541471885571205 ], [ -58.435079827756113, -34.541556209901884 ], [ -58.435040300272028, -34.541641729449857 ], [ -58.435015756893783, -34.541697651259746 ], [ -58.434972955248298, -34.541813695187464 ], [ -58.434944154182155, -34.541909385331223 ], [ -58.43450505900109, -34.54191227082503 ], [ -58.434394162683816, -34.541913612095982 ], [ -58.434392492780503, -34.541913632432681 ], [ -58.434392492702834, -34.541913632433619 ], [ -58.434390431008069, -34.541862712799151 ], [ -58.434390371333244, -34.541861238952727 ], [ -58.434203024439647, -34.541865964829633 ], [ -58.434205851154232, -34.542026061468619 ], [ -58.434205851154246, -34.542026061468626 ], [ -58.434205851154537, -34.542026061468626 ], [ -58.434207554902379, -34.542026055564541 ], [ -58.434390890847361, -34.542025389678436 ], [ -58.434396083386375, -34.542013942732837 ], [ -58.434920928280626, -34.542002072292597 ], [ -58.43492092826191, -34.542002072372355 ], [ -58.434920581084143, -34.542003550513755 ], [ -58.43490954819665, -34.542050524026074 ], [ -58.434909547715336, -34.542050526075272 ], [ -58.43488919681257, -34.542132790449358 ], [ -58.434861741587063, -34.542213628002159 ], [ -58.43482732268879, -34.542292620497726 ], [ -58.434786121073309, -34.54236935782135 ], [ -58.434738349286299, -34.542443440682035 ], [ -58.434684254730563, -34.54251448512057 ], [ -58.434624119666594, -34.542582121608142 ], [ -58.434573340797805, -34.542631371074457 ], [ -58.434567455404704, -34.542637445350266 ], [ -58.434558255763882, -34.542646001355578 ], [ -58.434472581825894, -34.542722263856369 ], [ -58.434381489687674, -34.542794099888411 ], [ -58.434285313875968, -34.542861244498532 ], [ -58.434184405255117, -34.542923452569305 ], [ -58.434079134295942, -34.542980496115788 ], [ -58.434079123202515, -34.542980500604671 ], [ -58.43369993749311, -34.543133934384919 ], [ -58.43353718799186, -34.543199788840035 ], [ -58.433393711585687, -34.543261362080919 ], [ -58.43325390959712, -34.543328473546651 ], [ -58.43311809470994, -34.543400974590831 ], [ -58.432986569812151, -34.543478703044215 ], [ -58.432746646389624, -34.543625968600779 ], [ -58.432704655808678, -34.543651741713511 ], [ -58.432614761206167, -34.543706919175705 ], [ -58.432239885261353, -34.543931673694388 ], [ -58.432142746835382, -34.543992554119058 ], [ -58.432049691858431, -34.544057655108382 ], [ -58.431960988382755, -34.544126791045606 ], [ -58.431876890307016, -34.544199761887747 ], [ -58.431797640642422, -34.544276358574962 ], [ -58.431723467156218, -34.544356360324912 ], [ -58.431654583460308, -34.544439536435867 ], [ -58.431588074322548, -34.544520268443378 ], [ -58.431516890470711, -34.544598222790384 ], [ -58.431441201913117, -34.54467321562128 ], [ -58.431387772901317, -34.544727617434198 ], [ -58.431339457278604, -34.544785200809038 ], [ -58.431296531880584, -34.544845636802229 ], [ -58.43125923869092, -34.544908581136305 ], [ -58.431237075180171, -34.544942191788287 ], [ -58.431170499797425, -34.545043152230839 ], [ -58.431053686376636, -34.545247042170416 ], [ -58.430993184233067, -34.545386446841142 ], [ -58.430962339389637, -34.54545045106417 ], [ -58.430951121584854, -34.545473727537207 ], [ -58.430946727788175, -34.545482845244692 ], [ -58.430906330839832, -34.545581094972093 ], [ -58.430831535363936, -34.545784809224152 ], [ -58.430823694629886, -34.545809431122173 ], [ -58.430819710666889, -34.545814573651548 ], [ -58.430802711089619, -34.545843430860799 ], [ -58.430796294049898, -34.545855970079941 ], [ -58.430772687762563, -34.545893412079359 ], [ -58.430738602629972, -34.545961844600697 ], [ -58.430719598237829, -34.546001121004039 ], [ -58.430702893513718, -34.546035644647162 ], [ -58.430681948476071, -34.546068488145025 ], [ -58.430637365698594, -34.546139976069291 ], [ -58.430605522012705, -34.54619263170526 ], [ -58.430577366689043, -34.546238080358243 ], [ -58.430545241818386, -34.546288143470377 ], [ -58.430513604720616, -34.546332776093806 ], [ -58.43049998844495, -34.546373539632057 ], [ -58.430454472304255, -34.546416366296931 ], [ -58.430428704588117, -34.546453848944921 ], [ -58.430399430285412, -34.546493182597317 ], [ -58.430370529437042, -34.546526271510224 ], [ -58.430340639204658, -34.546561453027444 ], [ -58.430311677701788, -34.546596285577081 ], [ -58.43028584822116, -34.546627351153624 ], [ -58.43026038786833, -34.546656824703149 ], [ -58.430240212300589, -34.546680180432865 ], [ -58.430204946329695, -34.546719021204666 ], [ -58.430147189487208, -34.546776212020497 ], [ -58.430125536521324, -34.546796106269554 ], [ -58.43009655474058, -34.546825113622589 ], [ -58.430075563640976, -34.54684795195282 ], [ -58.43004895936123, -34.546876897403543 ], [ -58.430036805331831, -34.546885765150726 ], [ -58.430016159283518, -34.546900828784715 ], [ -58.429993800378028, -34.546917142132187 ], [ -58.429977576508271, -34.546930557626268 ], [ -58.429750881444235, -34.546778371840134 ], [ -58.429533314177036, -34.546620435411079 ], [ -58.429495996518405, -34.54665800086476 ], [ -58.429930527256538, -34.546969462546755 ], [ -58.42991424495424, -34.5469850804255 ], [ -58.429898688099094, -34.547000002452499 ], [ -58.429880556474544, -34.547020156698736 ], [ -58.429868662180894, -34.547035057867014 ], [ -58.429854597390225, -34.547052678225008 ], [ -58.429845947975139, -34.547063514200495 ], [ -58.429836417341242, -34.547075454161728 ], [ -58.42982177392755, -34.547102356078319 ], [ -58.429807202443186, -34.547129125831987 ], [ -58.429796617207323, -34.54715335545216 ], [ -58.429781866672833, -34.547188674896539 ], [ -58.42977144490655, -34.547216360576876 ], [ -58.429759548721968, -34.547250177918173 ], [ -58.429752108911941, -34.547274255568915 ], [ -58.429743881104223, -34.547300883420363 ], [ -58.429736251042115, -34.54734183013948 ], [ -58.429732636102287, -34.547373691778951 ], [ -58.429730579460355, -34.54740189746817 ], [ -58.429729236407169, -34.547420316678249 ], [ -58.429728679606136, -34.547445645481559 ], [ -58.429728035685557, -34.547474937322562 ], [ -58.429727584365772, -34.547495467771846 ], [ -58.429728897908689, -34.547513866784087 ], [ -58.429730013142795, -34.547529488045917 ], [ -58.429731124251937, -34.547545051522491 ], [ -58.42973242274401, -34.54756323969351 ], [ -58.429736707587303, -34.547589898093101 ], [ -58.429742719879727, -34.54762730388812 ], [ -58.429745365342583, -34.547643762764437 ], [ -58.429756619862161, -34.547673480591698 ], [ -58.429766090413814, -34.547698487791841 ], [ -58.429777651939517, -34.547725116220249 ], [ -58.429791471863417, -34.547753139052205 ], [ -58.429798672407763, -34.547767739677603 ], [ -58.429807860515218, -34.547786370499189 ], [ -58.429818283749007, -34.547807505788441 ], [ -58.429840550742568, -34.547840168726985 ], [ -58.429852045502123, -34.547857030112617 ], [ -58.429861960957084, -34.547871574848052 ], [ -58.429875015909396, -34.5478907248255 ], [ -58.429896168641555, -34.547911992183451 ], [ -58.429920410078033, -34.547936364965295 ], [ -58.429947583736883, -34.547959399924054 ], [ -58.42997265771055, -34.547980654974694 ], [ -58.429988505701843, -34.547994089209539 ], [ -58.430013998025395, -34.548016475555954 ], [ -58.430042008823968, -34.548041073507157 ], [ -58.43000306941898, -34.548077296673362 ], [ -58.429982728709092, -34.548098152495093 ], [ -58.429962505964326, -34.548118887350626 ], [ -58.429927148802143, -34.548158496650551 ], [ -58.429896931703823, -34.548192602257913 ], [ -58.429860281649489, -34.548234270690145 ], [ -58.42982718460911, -34.548277733389611 ], [ -58.429788699560731, -34.548334533540121 ], [ -58.429764245869777, -34.548375630550701 ], [ -58.42974889939304, -34.548401005734995 ], [ -58.429730452222209, -34.548431507850424 ], [ -58.429707816504454, -34.548467376872964 ], [ -58.429691502249419, -34.548493228754218 ], [ -58.429671285000154, -34.548538045504237 ], [ -58.429664910329812, -34.548552176595315 ], [ -58.429650902998283, -34.548584959613457 ], [ -58.429632048660046, -34.548630591556893 ], [ -58.42961846048695, -34.548634788750277 ], [ -58.429592506803395, -34.548643504534184 ], [ -58.429576325093329, -34.548642198297863 ], [ -58.429534120820286, -34.548638791431593 ], [ -58.429517605175946, -34.548633797266426 ], [ -58.42948303767097, -34.548623344390528 ], [ -58.429444812659014, -34.548608646894586 ], [ -58.429414929101092, -34.54859715667115 ], [ -58.42938249440251, -34.548589766711686 ], [ -58.429329791608303, -34.548568951189765 ], [ -58.429278758324827, -34.548547343277257 ], [ -58.429217493863149, -34.548519502304558 ], [ -58.429171373050508, -34.548498543166993 ], [ -58.429086704054178, -34.548460066123717 ], [ -58.429044032413024, -34.548440674354829 ], [ -58.428996330847994, -34.548418996750911 ], [ -58.428938726746516, -34.548395098740677 ], [ -58.428882065981163, -34.548373686343389 ], [ -58.42882967043812, -34.548353885762523 ], [ -58.428765730469351, -34.548329722432698 ], [ -58.428728613836775, -34.548315695794187 ], [ -58.428677981310621, -34.548296561377832 ], [ -58.428644494854829, -34.548283906575392 ], [ -58.428603964535526, -34.548268589822527 ], [ -58.428559030890497, -34.548251016133463 ], [ -58.428510733244316, -34.548231315794681 ], [ -58.428451087312013, -34.548206986514458 ], [ -58.428400919584448, -34.548186523313326 ], [ -58.428349802648114, -34.548165672902478 ], [ -58.428305805874821, -34.548150469823575 ], [ -58.428249352824579, -34.548135383864661 ], [ -58.428208546725266, -34.548124479223638 ], [ -58.428166672234106, -34.548113289058406 ], [ -58.428127244739905, -34.548102752790889 ], [ -58.428070229343682, -34.548088497614174 ], [ -58.42799941892379, -34.548072966389412 ], [ -58.427936804052379, -34.548061421486295 ], [ -58.427876395603143, -34.54805340609937 ], [ -58.427824958714915, -34.548046581092891 ], [ -58.427758841974764, -34.548038421654702 ], [ -58.427700153250889, -34.548033201399122 ], [ -58.427640425601176, -34.548027888703331 ], [ -58.427588307007859, -34.548025149748817 ], [ -58.427550553665256, -34.548023165707946 ], [ -58.427481053608105, -34.548023145340167 ], [ -58.427430326091681, -34.548023130448904 ], [ -58.427383104325997, -34.54802311656784 ], [ -58.42730849623883, -34.54801923618831 ], [ -58.427262013718348, -34.548016818601148 ], [ -58.427240267869855, -34.548018965125983 ], [ -58.427205374671388, -34.548022409412638 ], [ -58.427151322136908, -34.548027744885594 ], [ -58.42706028990311, -34.548040483749205 ], [ -58.427002429097115, -34.54805400774876 ], [ -58.426960114949289, -34.548066093433356 ], [ -58.426922342199667, -34.548076881997261 ], [ -58.426868268625014, -34.548095259911442 ], [ -58.426810169051684, -34.548115842288802 ], [ -58.426746800611895, -34.54813829117365 ], [ -58.426701011400446, -34.54815903327458 ], [ -58.426653390261237, -34.548182811776599 ], [ -58.4266032708247, -34.548208177317996 ], [ -58.426555225840715, -34.548232656888409 ], [ -58.426534256919219, -34.548244492575058 ], [ -58.426507502474635, -34.548259593829137 ], [ -58.426469069547139, -34.548281286855449 ], [ -58.426423595825312, -34.548308364565194 ], [ -58.426342289385623, -34.548356558655826 ], [ -58.426294837602299, -34.548383221247555 ], [ -58.426242172314545, -34.548414570406635 ], [ -58.426184757362272, -34.548450406006253 ], [ -58.426119628326759, -34.548490836403083 ], [ -58.426053654191314, -34.548530383979646 ], [ -58.425994074439629, -34.548562822405692 ], [ -58.425962618284679, -34.548585709714672 ], [ -58.425946756671955, -34.548597250520757 ], [ -58.425942964084854, -34.548616036222796 ], [ -58.425946782594011, -34.548633841322179 ], [ -58.42594747737877, -34.548637080991945 ], [ -58.425777552376481, -34.548732542024041 ], [ -58.425772155832618, -34.54872633354578 ], [ -58.425755251934575, -34.548706886372479 ], [ -58.425731795984383, -34.548679901339355 ], [ -58.425709234615013, -34.548653945461055 ], [ -58.425701146249146, -34.548638967711625 ], [ -58.425695022940516, -34.548613013616588 ], [ -58.42569465938054, -34.548588583598509 ], [ -58.425701246532327, -34.548571528152245 ], [ -58.425708235417957, -34.548555875118161 ], [ -58.425719215881522, -34.548540174266378 ], [ -58.425734295724574, -34.548527023129814 ], [ -58.425774336797623, -34.548502779059675 ], [ -58.425817647197384, -34.548478476409315 ], [ -58.425857177758459, -34.548456294704003 ], [ -58.425895092545737, -34.548435019631476 ], [ -58.425914020766953, -34.548424398456191 ], [ -58.425930323274152, -34.548415250640893 ], [ -58.425936410326507, -34.548404069239538 ], [ -58.425929655489142, -34.548397357213886 ], [ -58.425922897902801, -34.548396795982313 ], [ -58.425913435681615, -34.54839958890156 ], [ -58.425883279726854, -34.548416830134371 ], [ -58.425851297269638, -34.54843511562774 ], [ -58.425815204350364, -34.548455751196819 ], [ -58.425767756936352, -34.548482878490972 ], [ -58.425714028217847, -34.548513596976072 ], [ -58.425698478633421, -34.548528130431727 ], [ -58.425678867288831, -34.548558319203316 ], [ -58.425673450942284, -34.548580684062024 ], [ -58.425672423799512, -34.548610598976104 ], [ -58.425675115615952, -34.548635762148969 ], [ -58.425682203312519, -34.548653657554645 ], [ -58.425694696670085, -34.548672952532755 ], [ -58.425730829351032, -34.548721610852098 ], [ -58.425676740046264, -34.5487469722149 ], [ -58.425640254848553, -34.548764079351592 ], [ -58.425623625345573, -34.548774180603409 ], [ -58.425574009593277, -34.548804318650298 ], [ -58.425530745082774, -34.548835618412703 ], [ -58.425496940552428, -34.548869157741407 ], [ -58.425498715986564, -34.548871883125948 ], [ -58.425496971686727, -34.548872520843894 ], [ -58.425408751080404, -34.548908269454294 ], [ -58.425339590771479, -34.548945121869586 ], [ -58.425274723013736, -34.548971933651885 ], [ -58.425189971789145, -34.548984428092339 ], [ -58.425196902792329, -34.548955809852181 ], [ -58.425195462887316, -34.548934155684876 ], [ -58.425187755306773, -34.548923884951662 ], [ -58.425171686477391, -34.548917742372375 ], [ -58.425149471206808, -34.548920205029027 ], [ -58.425135280360784, -34.548930090923896 ], [ -58.425128348848112, -34.548941456854834 ], [ -58.425128973768352, -34.548945606182457 ], [ -58.425126392330853, -34.548950158398071 ], [ -58.425129986675252, -34.548971028528214 ], [ -58.425211953323938, -34.549133925282803 ], [ -58.425141343887489, -34.54915925280558 ], [ -58.425104853793805, -34.549153649765159 ], [ -58.425085938326944, -34.549139105605178 ], [ -58.425057560790364, -34.54912679513167 ], [ -58.425044522860468, -34.549114294350126 ], [ -58.425031892051251, -34.54910218391143 ], [ -58.425012983267322, -34.549073101500433 ], [ -58.425004198265313, -34.549072539582326 ], [ -58.424952829060743, -34.549092653333446 ], [ -58.4249514677348, -34.549113901105201 ], [ -58.424909532839877, -34.549192170766631 ], [ -58.424864906529862, -34.54924471806163 ], [ -58.424798655885034, -34.549295021870726 ], [ -58.424743215242046, -34.549350920688553 ], [ -58.424741854890236, -34.549369931804939 ], [ -58.424772919908897, -34.549416352149251 ], [ -58.425014882846803, -34.549352124498036 ], [ -58.425022989782612, -34.549357718670855 ], [ -58.425127073402571, -34.549332029751433 ], [ -58.425162194135851, -34.549376773775592 ], [ -58.425268874057871, -34.549585934051315 ], [ -58.425387786279394, -34.549646360645085 ], [ -58.42543371492382, -34.549702291205953 ], [ -58.425665981696191, -34.55016087672935 ], [ -58.425652457679782, -34.550178765777623 ], [ -58.42567855817385, -34.550250294337296 ], [ -58.425703763002637, -34.550301797454047 ], [ -58.425730785916656, -34.550321935640781 ], [ -58.425633455715399, -34.550355455436183 ], [ -58.425655054101959, -34.55041585170364 ], [ -58.425625310839614, -34.550433735746523 ], [ -58.42570903159686, -34.550608220409714 ], [ -58.425736065667337, -34.550603755425627 ], [ -58.425779276803297, -34.55069323479173 ], [ -58.425798193244042, -34.550706660515061 ], [ -58.425857672863465, -34.55068654890124 ], [ -58.425973808958915, -34.5509147229577 ], [ -58.426068434468036, -34.550885675373394 ], [ -58.426286888122405, -34.551318666333202 ], [ -58.426508682453466, -34.551740209795582 ], [ -58.426470829172338, -34.551758091596398 ], [ -58.426500542199904, -34.551809543541722 ], [ -58.426571983003114, -34.551819406665466 ], [ -58.426574842020905, -34.551825005421158 ], [ -58.42657484202401, -34.551825005427084 ], [ -58.426610869284943, -34.551893683553352 ], [ -58.426672339972747, -34.552010464183255 ], [ -58.426689113840233, -34.552042330242337 ], [ -58.426695331789219, -34.552054143538257 ], [ -58.426758946972051, -34.552031010276195 ], [ -58.426758946972065, -34.552031010276195 ], [ -58.426761652944386, -34.552030002845605 ], [ -58.4267616529444, -34.552030002845619 ], [ -58.426761671103215, -34.552030035744636 ], [ -58.426762743331096, -34.552029629520753 ], [ -58.426796280023346, -34.552017111917429 ], [ -58.426796499622121, -34.552017029951891 ], [ -58.426796651360291, -34.55201697367589 ], [ -58.426905080055505, -34.551976502109028 ], [ -58.426996214963054, -34.551936844704287 ], [ -58.427313984538081, -34.551798566625969 ], [ -58.428483646610822, -34.551289576368916 ], [ -58.428484045430132, -34.551289402506725 ], [ -58.428607303301412, -34.551235912498356 ], [ -58.428715986723468, -34.551188747175757 ], [ -58.428786685375272, -34.551158041948675 ], [ -58.42914757472289, -34.551017045609832 ], [ -58.429147580034538, -34.551017043534593 ], [ -58.429232821322032, -34.550996706161449 ], [ -58.429401564156706, -34.550956446287785 ], [ -58.429401569247311, -34.550956446088612 ], [ -58.429762204447407, -34.55094233664208 ], [ -58.430666611418616, -34.551044412622446 ], [ -58.430987142961008, -34.551125015867285 ], [ -58.430987144592713, -34.551125016277609 ], [ -58.431036398109896, -34.551145912868932 ], [ -58.431513802157816, -34.551348457586741 ], [ -58.431608183290379, -34.551388500190143 ], [ -58.431683557328007, -34.551420478117372 ], [ -58.431843782040445, -34.551515718587382 ], [ -58.432101583981328, -34.551698339561753 ], [ -58.432335420417324, -34.551863982695856 ], [ -58.433394263837677, -34.552467777168751 ], [ -58.43346247476692, -34.552506673413795 ], [ -58.434380999102437, -34.553030436557108 ], [ -58.434426198798803, -34.553056210108039 ], [ -58.434633385043654, -34.553316216752378 ], [ -58.434656608557987, -34.55359987138236 ], [ -58.434113729529088, -34.553963550683697 ], [ -58.43518472749922, -34.554461352202651 ], [ -58.435338427334877, -34.554533150280498 ], [ -58.435458934949985, -34.554593038128388 ], [ -58.4355583880604, -34.554642402297205 ], [ -58.435576061460253, -34.554651174513559 ], [ -58.435720120940999, -34.554722677856375 ], [ -58.435985218010387, -34.554865698712852 ], [ -58.436246392722076, -34.555035338226084 ], [ -58.436539638022531, -34.555268084248567 ], [ -58.43669017584574, -34.555386500033485 ], [ -58.43672019636378, -34.555414777192247 ], [ -58.436872871957782, -34.555558585570402 ], [ -58.437102038313235, -34.555751738192171 ], [ -58.437139322968157, -34.55578013218765 ], [ -58.437188854335517, -34.555817852271986 ], [ -58.437326664882058, -34.555922799893906 ], [ -58.43733384865142, -34.55592827039186 ], [ -58.437503883431035, -34.556040914751932 ], [ -58.437701753060949, -34.556153494400888 ], [ -58.437989254005281, -34.556266091440136 ], [ -58.438346045930835, -34.556371731232154 ], [ -58.438814591689422, -34.556511195127371 ], [ -58.439151628949183, -34.556647322135767 ], [ -58.439542031744864, -34.556803810167544 ], [ -58.439837958440286, -34.556939927268509 ], [ -58.440099874328908, -34.557077645340264 ], [ -58.440161796306207, -34.557110204081724 ], [ -58.440445619321231, -34.557309275903002 ], [ -58.440695735091076, -34.557516369848479 ], [ -58.440916994165654, -34.557727330525772 ], [ -58.441061313768593, -34.557902501802118 ], [ -58.441167158312986, -34.558077665934064 ], [ -58.441253667332262, -34.558304587415911 ], [ -58.44134025034915, -34.558579257516833 ], [ -58.441378680243595, -34.558750465551526 ], [ -58.441388280184547, -34.558822088482408 ], [ -58.441335637624363, -34.558962856929803 ], [ -58.441302163922558, -34.559040951576719 ], [ -58.441262546704294, -34.559174397325286 ], [ -58.441216821106742, -34.559312284193098 ], [ -58.441210750592617, -34.559330589305532 ], [ -58.441131527475171, -34.559552199259137 ], [ -58.441034088550197, -34.559768735297205 ], [ -58.440961011224459, -34.55991985273797 ], [ -58.440958664535501, -34.559922891925275 ], [ -58.440848268586883, -34.560065891406772 ], [ -58.440656425174275, -34.560282480038524 ], [ -58.440648363571341, -34.56028951869876 ], [ -58.440618818879443, -34.560315317502436 ], [ -58.440492011577994, -34.560426044269704 ], [ -58.440330663443909, -34.560562003501744 ], [ -58.440169231882443, -34.560690426560811 ], [ -58.439910212138855, -34.560885518411702 ], [ -58.439895158351923, -34.560896857297507 ], [ -58.439839693861387, -34.560934274855903 ], [ -58.439697290020334, -34.561030343268413 ], [ -58.43947192321032, -34.561173823996583 ], [ -58.439470405171122, -34.561174611548587 ], [ -58.439469811250781, -34.561174918819688 ], [ -58.439444177855762, -34.561188203570183 ], [ -58.439243583889969, -34.561292161984632 ], [ -58.438926959726309, -34.561440694217652 ], [ -58.438689430740112, -34.561538887817086 ], [ -58.438678683885293, -34.561542823989953 ], [ -58.438526295726334, -34.561598645652467 ], [ -58.438476338353766, -34.561616945313965 ], [ -58.438463892753312, -34.561620975772399 ], [ -58.438339858400809, -34.561661146961747 ], [ -58.438250990089081, -34.561689928488875 ], [ -58.437983076948171, -34.561762903328763 ], [ -58.43766034366643, -34.561833330361367 ], [ -58.437294271845929, -34.561878655161927 ], [ -58.437279902598384, -34.56188043422361 ], [ -58.437206266551101, -34.561887953544833 ], [ -58.437107942564211, -34.561897439852181 ], [ -58.437027922523448, -34.561904746761762 ], [ -58.436894270532036, -34.561916126401258 ], [ -58.436782072906446, -34.561924201413767 ], [ -58.43668187806621, -34.561929954157648 ], [ -58.436645725368528, -34.561931487711867 ], [ -58.436620756590294, -34.561932546844503 ], [ -58.436579191869988, -34.561933834909148 ], [ -58.436553080168082, -34.561934644082207 ], [ -58.43644760978335, -34.561935818927225 ], [ -58.436365633069926, -34.561935237476078 ], [ -58.436303236874828, -34.561934025695997 ], [ -58.436220324736048, -34.561931753762686 ], [ -58.436118855848001, -34.56192821023491 ], [ -58.436028198364994, -34.56192382349888 ], [ -58.435999361512465, -34.561921393113373 ], [ -58.435938562894606, -34.561916268404644 ], [ -58.435893208106059, -34.561912128788897 ], [ -58.435821774269037, -34.56190560802608 ], [ -58.435746609932849, -34.561898126358578 ], [ -58.435671616888541, -34.561890010979646 ], [ -58.435573129617318, -34.561878791110985 ], [ -58.435499243885879, -34.561869970960792 ], [ -58.435388755429074, -34.561856283705339 ], [ -58.43527826608431, -34.561842103268454 ], [ -58.435127430547091, -34.561821927043333 ], [ -58.435030562285846, -34.561808383228751 ], [ -58.434960847039065, -34.561798296310293 ], [ -58.434861490176466, -34.56209525140676 ], [ -58.43494769822199, -34.562165836151223 ], [ -58.435405433619195, -34.562543094593998 ], [ -58.435830563870546, -34.562549459523069 ], [ -58.436430168109744, -34.562583803062644 ], [ -58.436719675547948, -34.562567156667789 ], [ -58.437319267902573, -34.562532679919855 ], [ -58.437709769947816, -34.562514814967479 ], [ -58.438435805905556, -34.562481595933683 ], [ -58.438748786649519, -34.562448706672761 ], [ -58.439573039652835, -34.562362085565603 ], [ -58.439656950758014, -34.562351538910946 ], [ -58.44052418240242, -34.562242530025067 ], [ -58.44116517463695, -34.562140015829989 ], [ -58.441253136585708, -34.562244778594149 ], [ -58.441347258609682, -34.562356877321349 ], [ -58.441500016208572, -34.562528598797705 ], [ -58.441971991985575, -34.563059115764695 ], [ -58.442537928366072, -34.563695142787097 ], [ -58.442624518630382, -34.563632269365975 ], [ -58.443648802101222, -34.564240127114623 ], [ -58.444614965145057, -34.564810643714125 ], [ -58.445522493658274, -34.565346494113896 ], [ -58.446067000230691, -34.56566798793127 ], [ -58.446428673238152, -34.565880296703206 ], [ -58.447322181306539, -34.566404935063773 ], [ -58.447798178837154, -34.566684368641731 ], [ -58.447856913469423, -34.566718883630273 ], [ -58.448388463357837, -34.567228607759702 ], [ -58.449045739233391, -34.56785884978229 ], [ -58.449046761194452, -34.567859827048814 ], [ -58.449932293730143, -34.56738731159502 ], [ -58.450165232885958, -34.567262967849508 ], [ -58.450782741195994, -34.566925771782955 ], [ -58.450951527164584, -34.566833580158892 ], [ -58.451586352962707, -34.566486828424758 ], [ -58.451720528505199, -34.566415783499508 ], [ -58.452289750658643, -34.56611435102797 ], [ -58.453751890993807, -34.566938014687032 ], [ -58.453877922599112, -34.567009010085741 ], [ -58.453936673062969, -34.567043392343216 ], [ -58.454789111026301, -34.567542256881076 ], [ -58.455678518423227, -34.568062749289687 ], [ -58.456314545484972, -34.568435005575047 ], [ -58.456577557388435, -34.568588939936333 ], [ -58.457477031565922, -34.569115264560089 ], [ -58.457630023875744, -34.569004071714076 ], [ -58.457711546291065, -34.569532466786391 ], [ -58.457986510069745, -34.569799738654368 ], [ -58.458796006250132, -34.570586547457339 ], [ -58.459681284816014, -34.571446876131709 ], [ -58.460263506506294, -34.572014297752041 ], [ -58.460884557453895, -34.572616366352065 ], [ -58.46138066625322, -34.573097416930011 ], [ -58.461732078112568, -34.573438157555309 ], [ -58.462524276217415, -34.574208109507786 ], [ -58.462904843233758, -34.574598753441471 ], [ -58.463357270753782, -34.575014325093214 ], [ -58.464993200254099, -34.574000984001309 ], [ -58.466039016541188, -34.573341867252324 ], [ -58.467365843533827, -34.572502164971752 ], [ -58.468082802199817, -34.57291482378605 ], [ -58.468842080328145, -34.572017731582086 ], [ -58.469587125687326, -34.571137395485849 ], [ -58.470417451117072, -34.57015634415815 ], [ -58.471177786114396, -34.569257898339963 ], [ -58.471962789864342, -34.568330291045569 ], [ -58.472784461957644, -34.56735929362636 ], [ -58.473369827681005, -34.566667683353359 ], [ -58.472989855381442, -34.56644167936269 ], [ -58.47295884559847, -34.566423235007925 ], [ -58.472421920613009, -34.566103872594667 ], [ -58.471372715074729, -34.565458158349252 ], [ -58.470651287795157, -34.565011081374259 ], [ -58.470440667151138, -34.564873766771314 ], [ -58.46961240766511, -34.564333660663209 ], [ -58.468611938124866, -34.563681229571117 ], [ -58.467650558422079, -34.563054352418995 ], [ -58.467542102791164, -34.56297400204182 ], [ -58.466577501847695, -34.562259861841966 ], [ -58.466491862186068, -34.562196481995343 ], [ -58.466915442145918, -34.562017522276804 ], [ -58.467685559876358, -34.561693617501696 ], [ -58.467038843370773, -34.561321377105322 ], [ -58.46774023393548, -34.560539787315179 ], [ -58.468466466317885, -34.559730444574726 ], [ -58.46893154692517, -34.559212172912375 ], [ -58.46918578969931, -34.558934831005139 ], [ -58.468221148916591, -34.558434017405453 ], [ -58.467759772648776, -34.558194452508133 ], [ -58.467182801512237, -34.557892634213985 ], [ -58.466219545505027, -34.557388705555901 ], [ -58.465276986390741, -34.556895614915156 ], [ -58.464343801959799, -34.556407446792775 ], [ -58.463734169350808, -34.556088499657747 ], [ -58.463414628108495, -34.555921313231522 ], [ -58.462839391286501, -34.555620390148128 ], [ -58.462534919293631, -34.555486652596073 ], [ -58.461355776534454, -34.554868526825445 ], [ -58.460411656676833, -34.554373567591483 ], [ -58.459474188384362, -34.553882050995625 ], [ -58.458756751523055, -34.553505891471978 ], [ -58.458536049031267, -34.553391584512873 ], [ -58.458190229846039, -34.553212410525383 ], [ -58.457594856841041, -34.552903926705831 ], [ -58.457407606980098, -34.552806943828301 ], [ -58.457279851350208, -34.552740739315766 ], [ -58.456492046168741, -34.552332167348496 ], [ -58.455743995439228, -34.551944226462446 ], [ -58.455640680596616, -34.551889672713905 ], [ -58.45546014848977, -34.551794345885675 ], [ -58.454280173726573, -34.551171291749775 ], [ -58.453008638781277, -34.550510471991302 ], [ -58.453395536347919, -34.550059225647416 ], [ -58.45339854137066, -34.55005667664728 ], [ -58.454025182677995, -34.549525106629638 ], [ -58.454159758502968, -34.549411029992044 ], [ -58.454163356747124, -34.549203560728991 ], [ -58.454123461691019, -34.548991228588179 ], [ -58.453963441802287, -34.548770396730461 ], [ -58.453820933804089, -34.548573730653857 ], [ -58.453665718264958, -34.548319979434915 ], [ -58.452849541022992, -34.547262351618762 ], [ -58.452554614437901, -34.546880130361174 ], [ -58.45217736495556, -34.54639121479827 ], [ -58.452126397312803, -34.546290855692689 ], [ -58.450751707815201, -34.54453544294681 ], [ -58.450425125247001, -34.544141621620426 ], [ -58.449967084541292, -34.543549022308852 ], [ -58.449408423926478, -34.542764350028364 ], [ -58.449277185545156, -34.542658922586782 ], [ -58.450051399013425, -34.542233471382161 ], [ -58.451708940588588, -34.541325905101395 ], [ -58.452346155833268, -34.541060463575462 ], [ -58.452583778398854, -34.540978862761939 ], [ -58.452641055825836, -34.540961544068551 ], [ -58.45285561231659, -34.540896490086205 ], [ -58.453062592991252, -34.540842281112646 ], [ -58.453217573684107, -34.540799405708455 ], [ -58.454749329918712, -34.540332609080409 ], [ -58.457496490004765, -34.539011046638372 ], [ -58.458286350904316, -34.538604380921726 ], [ -58.459444797300463, -34.537805529149658 ], [ -58.459207627523412, -34.537613440941414 ], [ -58.458874033518008, -34.537343254676294 ], [ -58.458717967963096, -34.537216853765038 ], [ -58.458559708767517, -34.537325750595478 ], [ -58.458486581435274, -34.537281843884969 ], [ -58.458483495714454, -34.537279991171445 ], [ -58.458482414289151, -34.537279341867276 ], [ -58.458478534434661, -34.537277012343601 ], [ -58.458478030055012, -34.537276709506365 ], [ -58.458477861397981, -34.537276637997785 ], [ -58.458476303561646, -34.537275977493479 ], [ -58.458471907556167, -34.537274113638702 ], [ -58.458414022791111, -34.537249571154199 ], [ -58.458403980780048, -34.537245313451002 ], [ -58.458384567937159, -34.537237082613771 ], [ -58.458368156301987, -34.53723012425273 ], [ -58.458347508213805, -34.537221369675287 ], [ -58.458334165848044, -34.537215712646329 ], [ -58.458323278814497, -34.537211096651902 ], [ -58.458315200904273, -34.537207671696976 ], [ -58.458309494206809, -34.537205252112571 ], [ -58.458301262814615, -34.537201762081374 ], [ -58.458296473123177, -34.537199731297846 ], [ -58.458288120763932, -34.537196189976413 ], [ -58.458284806093303, -34.537194784587115 ], [ -58.458276747695145, -34.537191367901258 ], [ -58.458270896187507, -34.537188886915935 ], [ -58.458265212474068, -34.537186477073405 ], [ -58.458259637585925, -34.537184113371403 ], [ -58.45825605193761, -34.537182593088851 ], [ -58.458157704526457, -34.537140894610246 ], [ -58.458012031329893, -34.537079130172543 ], [ -58.457881784394054, -34.537023905890642 ], [ -58.457861741245488, -34.537015407927655 ], [ -58.457841709681212, -34.537006914623113 ], [ -58.457793875041752, -34.536986632903705 ], [ -58.457751959541049, -34.536968860854806 ], [ -58.457680604588077, -34.536938606514219 ], [ -58.457660642988557, -34.536930142829235 ], [ -58.457607421750019, -34.53690757708825 ], [ -58.457520978660156, -34.536870925246816 ], [ -58.457494722529653, -34.536859792637657 ], [ -58.457456213815647, -34.536843464676927 ], [ -58.457421689923436, -34.536828826739935 ], [ -58.457371051945202, -34.536807356147577 ], [ -58.457309564871252, -34.53678128547633 ], [ -58.457237942044607, -34.5367509171612 ], [ -58.457236500664052, -34.536750306010397 ], [ -58.456897909508818, -34.53660674136659 ], [ -58.45686882639184, -34.536594409886789 ], [ -58.456546192642861, -34.536457609384804 ], [ -58.456468194237559, -34.536424536916584 ], [ -58.456435608507086, -34.536410720644596 ], [ -58.456434273097983, -34.536410154470275 ], [ -58.456434272647108, -34.536410154279096 ], [ -58.456275525287147, -34.536342843342013 ], [ -58.456270191133221, -34.536340581586174 ], [ -58.45626558494196, -34.536338628496409 ], [ -58.456265539885855, -34.536338609391969 ], [ -58.456265321118821, -34.536338514366925 ], [ -58.456265276460016, -34.536338495434293 ], [ -58.456265202480779, -34.536338454613791 ], [ -58.456265201325451, -34.536338453938207 ], [ -58.456263460751508, -34.536337436114039 ], [ -58.456249770395551, -34.536329430491321 ], [ -58.456230370654801, -34.536318086222579 ], [ -58.456230370103583, -34.536318085900234 ], [ -58.456229407229969, -34.536317522449487 ], [ -58.456157066578101, -34.536275220339427 ], [ -58.456127628166236, -34.536258005671407 ], [ -58.456066089906109, -34.536222019964185 ], [ -58.455999583607799, -34.536183128856024 ], [ -58.455916087642599, -34.536134302931615 ], [ -58.45590047556226, -34.536125173412429 ], [ -58.455897717345138, -34.536123560481784 ], [ -58.455888772980757, -34.536118329954057 ], [ -58.455747984021109, -34.536035999853851 ], [ -58.455747432879043, -34.536035678009348 ], [ -58.455747432877658, -34.536035678008545 ], [ -58.455747432877629, -34.536035678008538 ], [ -58.455747432874745, -34.536035678007153 ], [ -58.455745974462374, -34.536034981927621 ], [ -58.455739593257221, -34.536031936268607 ], [ -58.455735901234441, -34.536030174052392 ], [ -58.455726182890388, -34.536025535688267 ], [ -58.455693645901299, -34.536010006228665 ], [ -58.455693550734907, -34.536009960807043 ], [ -58.45569341269195, -34.536009894601598 ], [ -58.455652134299683, -34.535990193029676 ], [ -58.455541522420617, -34.535937399094827 ], [ -58.455448435189389, -34.535892969673696 ], [ -58.455448181400385, -34.53589284886548 ], [ -58.455178401958037, -34.535764085092268 ], [ -58.455178077271114, -34.535763930445739 ], [ -58.455176655938828, -34.535763252052931 ], [ -58.45511902166492, -34.53573574363957 ], [ -58.455074467776406, -34.535714478366408 ], [ -58.455052274676412, -34.535703885738016 ], [ -58.455035487734882, -34.535695873155014 ], [ -58.455008738969461, -34.535683106396753 ], [ -58.454991808019493, -34.535675025345206 ], [ -58.45497824396034, -34.535668551289717 ], [ -58.454976298563132, -34.535667622761451 ], [ -58.454869810029194, -34.53560787575082 ], [ -58.454561018357303, -34.535434623476256 ], [ -58.454561009716741, -34.535434618628315 ], [ -58.454272610466568, -34.535272806889054 ], [ -58.45421683478046, -34.535241512756308 ], [ -58.454137635904566, -34.535197076461415 ], [ -58.454084067040846, -34.53517601028468 ], [ -58.454063011572103, -34.535167730125323 ], [ -58.453992308217082, -34.535132354362787 ], [ -58.453926236008641, -34.535091302596371 ], [ -58.453866515847963, -34.535045794604208 ], [ -58.45386545717745, -34.535044987740655 ], [ -58.453810581659148, -34.534993874088329 ], [ -58.453762158380741, -34.534938473703576 ], [ -58.453720675261053, -34.534879342815884 ], [ -58.453686547230014, -34.534817073705831 ], [ -58.453682028665192, -34.534805998524384 ], [ -58.453660117318826, -34.534752292901963 ], [ -58.453665903635738, -34.534675046027004 ], [ -58.453618748853593, -34.534607446600312 ], [ -58.453562563569562, -34.534489382455476 ], [ -58.453557132794948, -34.534473196058173 ], [ -58.453540957024416, -34.534424984214091 ], [ -58.453513283549874, -34.534340510585722 ], [ -58.453471806462439, -34.534271142943318 ], [ -58.453423210813249, -34.534205017162485 ], [ -58.453367862542123, -34.534142630855193 ], [ -58.453331932145332, -34.534100513010998 ], [ -58.453235290378736, -34.53392976534159 ], [ -58.453247737327935, -34.53392142849804 ], [ -58.453195544920924, -34.533856618473614 ], [ -58.453175052008035, -34.533818523884698 ], [ -58.453137658819045, -34.533770904663996 ], [ -58.453111772021202, -34.533731619212134 ], [ -58.453031233621182, -34.533624476206221 ], [ -58.452980898217234, -34.533549476580021 ], [ -58.452917618783403, -34.533461381400123 ], [ -58.452854339036868, -34.533376857395012 ], [ -58.452752230672587, -34.533225667441904 ], [ -58.452710525016684, -34.533160191668387 ], [ -58.45264149267674, -34.533070905437825 ], [ -58.452575339588975, -34.532963763374369 ], [ -58.45249768019498, -34.532850668240727 ], [ -58.452436560795903, -34.532751859364886 ], [ -58.452413555012122, -34.532685194743685 ], [ -58.452356031056787, -34.532592338160889 ], [ -58.452307135435326, -34.532516147970206 ], [ -58.45223522930813, -34.532411386001151 ], [ -58.45222084942872, -34.53238043421571 ], [ -58.452205037005214, -34.532305437381389 ], [ -58.452192098079969, -34.532255439272205 ], [ -58.452184911956614, -34.532211393700834 ], [ -58.452173409076345, -34.532179251767381 ], [ -58.452150400962282, -34.532132823944579 ], [ -58.452111572469214, -34.532072109830303 ], [ -58.452092877040847, -34.53204472884228 ], [ -58.452061238503852, -34.531999490612634 ], [ -58.452005150424718, -34.53193163245426 ], [ -58.451954814053018, -34.531878059642843 ], [ -58.451886139519729, -34.531815557073294 ], [ -58.451853282141435, -34.53177380141738 ], [ -58.451848197379022, -34.531766786067578 ], [ -58.451826987728452, -34.531745841993796 ], [ -58.451826290723353, -34.531745154135201 ], [ -58.45180056049827, -34.531726629077212 ], [ -58.45177252472407, -34.531712124831913 ], [ -58.45177030523751, -34.53171052690886 ], [ -58.451761288168029, -34.531708030788202 ], [ -58.451749693877424, -34.531703957701708 ], [ -58.451740248664606, -34.531700639587392 ], [ -58.45172046800031, -34.531696561023281 ], [ -58.451718063365178, -34.53169606521265 ], [ -58.451705816662198, -34.531692675052696 ], [ -58.451671839603087, -34.53169022454405 ], [ -58.451595602873553, -34.531689346828628 ], [ -58.451526559177616, -34.531697821815719 ], [ -58.451461832330665, -34.531694244349055 ], [ -58.45136365920483, -34.531717447657627 ], [ -58.451306478371215, -34.531752261351521 ], [ -58.45115543806272, -34.531819206609249 ], [ -58.451104731252002, -34.531844200024842 ], [ -58.451055642467431, -34.531870086383954 ], [ -58.450943436223689, -34.531950873702904 ], [ -58.45090998830144, -34.531987028812289 ], [ -58.450864668247483, -34.532059341201645 ], [ -58.450793991832349, -34.532162452662078 ], [ -58.450766467572151, -34.532262443707609 ], [ -58.450749196245631, -34.532332973321338 ], [ -58.450731926231391, -34.532394574908352 ], [ -58.450712488517354, -34.532523136444695 ], [ -58.450708157458948, -34.532628486673325 ], [ -58.450702758209118, -34.53266330540702 ], [ -58.4506941100354, -34.532781154419567 ], [ -58.450683309883793, -34.532861505510894 ], [ -58.450678983081758, -34.532938286060187 ], [ -58.450650920915415, -34.533025777779592 ], [ -58.450616384221014, -34.533123982446021 ], [ -58.450577528950944, -34.533243613904958 ], [ -58.450542992897347, -34.533336461733846 ], [ -58.450508458678556, -34.533416810320844 ], [ -58.45046313736546, -34.533490015346096 ], [ -58.45041350127017, -34.533559648689689 ], [ -58.450337967189199, -34.533670348166318 ], [ -58.450296960296619, -34.533747124793287 ], [ -58.450271058986573, -34.533809618183582 ], [ -58.450226402734714, -34.533924491514725 ], [ -58.450217226275612, -34.533959313839979 ], [ -58.45020503061631, -34.534005593214808 ], [ -58.45019550546791, -34.534041738654274 ], [ -58.450176982384093, -34.534069935672612 ], [ -58.450154495993424, -34.534104165859624 ], [ -58.450141551574603, -34.534123870646994 ], [ -58.450131459686041, -34.534159344932398 ], [ -58.450124280883344, -34.534184579327672 ], [ -58.450122206690054, -34.534200352387302 ], [ -58.450119078936588, -34.534224137161424 ], [ -58.450114658733021, -34.534257750255051 ], [ -58.450112131258692, -34.53427674756373 ], [ -58.45010861258465, -34.534302924004862 ], [ -58.450105843790404, -34.534323521860024 ], [ -58.450103437575244, -34.534341422376926 ], [ -58.450100518636731, -34.534363137177898 ], [ -58.450096268439466, -34.534376117543395 ], [ -58.450091036268581, -34.53439209691124 ], [ -58.450084455231284, -34.534412195790082 ], [ -58.450077859992227, -34.534432338031799 ], [ -58.450072455669208, -34.534448843139508 ], [ -58.450059142840843, -34.534478577851772 ], [ -58.450050871538693, -34.534497052110602 ], [ -58.450047788022864, -34.534515916947768 ], [ -58.450045779210292, -34.534528206785083 ], [ -58.450043399651079, -34.534542764831151 ], [ -58.450040072811724, -34.534563118289753 ], [ -58.450038185146944, -34.534571391837318 ], [ -58.450033223572291, -34.534593138181698 ], [ -58.450029186051296, -34.534610834434588 ], [ -58.450021877182031, -34.534642868824058 ], [ -58.450018481260962, -34.534657752958843 ], [ -58.45001397616646, -34.534678449952587 ], [ -58.450010177219191, -34.534695902805439 ], [ -58.450006067382937, -34.53471478391387 ], [ -58.450002054108396, -34.534733221397239 ], [ -58.449999048170362, -34.53474703104564 ], [ -58.44999692194866, -34.534754592767577 ], [ -58.449993321910085, -34.534767395987338 ], [ -58.449988311652447, -34.53478521452012 ], [ -58.44998259108597, -34.534805559193131 ], [ -58.449977459369819, -34.534823809664914 ], [ -58.449969988830397, -34.534861755460156 ], [ -58.449965243058529, -34.534885861075658 ], [ -58.449962343512659, -34.534900588986496 ], [ -58.449964881188933, -34.534916004848007 ], [ -58.449966838369235, -34.534927894311963 ], [ -58.449968810234402, -34.53493987297994 ], [ -58.449969630727438, -34.534957588098003 ], [ -58.449970483170773, -34.534975993041499 ], [ -58.449970960497879, -34.534986298917566 ], [ -58.449969535299729, -34.534993134298659 ], [ -58.449966762536569, -34.535006432721687 ], [ -58.449963420400358, -34.535022461903779 ], [ -58.449960163922832, -34.535038080253095 ], [ -58.449961204855065, -34.53504973052744 ], [ -58.449963041293202, -34.535070284218975 ], [ -58.449964471565082, -34.535086292029625 ], [ -58.449973088919513, -34.535101069195839 ], [ -58.449984903822525, -34.535121329555828 ], [ -58.449994670648778, -34.535138077837018 ], [ -58.449999884556107, -34.535145050001788 ], [ -58.450000960731302, -34.535145017410827 ], [ -58.450001385501061, -34.535151510910474 ], [ -58.450027314382901, -34.535205892624667 ], [ -58.450056226151439, -34.535264316678052 ], [ -58.450092664155385, -34.535319783037977 ], [ -58.450136192803868, -34.535371630901146 ], [ -58.450247719425832, -34.53543420225941 ], [ -58.450321003411759, -34.535488067031572 ], [ -58.450399416564274, -34.535536733742354 ], [ -58.4504018111599, -34.535537978143182 ], [ -58.450482423008914, -34.535579869697401 ], [ -58.450532116436797, -34.535601172822894 ], [ -58.450569454183324, -34.535617179158436 ], [ -58.45065991428315, -34.535648407851511 ], [ -58.450753184620098, -34.53567334026318 ], [ -58.450830174448058, -34.53568823676985 ], [ -58.450848625799715, -34.535691806852725 ], [ -58.45094558534764, -34.5357036813486 ], [ -58.451043398799108, -34.535708882551695 ], [ -58.451141397324683, -34.535707374336049 ], [ -58.451238909909421, -34.535699166550728 ], [ -58.451335268799966, -34.535684315921664 ], [ -58.451429814951787, -34.535662924249309 ], [ -58.451521899119449, -34.53563513840858 ], [ -58.451531551485473, -34.535635781969006 ], [ -58.451671049690511, -34.535645082761519 ] ] ] } },
{ "type": "Feature", "properties": { "id": 6, "objeto": "BARRIO", "nombre": "La Boca", "comuna": 4, "perimetro_": 20029.29, "area_metro": 5037482.05 }, "geometry": { "type": "Polygon", "coordinates": [ [ [ -58.3514693332924, -34.619364231504001 ], [ -58.351438998699926, -34.619353326676055 ], [ -58.351420087667833, -34.619354819210614 ], [ -58.351368303267314, -34.619356537925654 ], [ -58.351355883757165, -34.619356125058985 ], [ -58.351330777940142, -34.619355886474743 ], [ -58.351271339325592, -34.619356657708337 ], [ -58.351271339325578, -34.61935665770833 ], [ -58.351230996377438, -34.61935718133558 ], [ -58.351201454307962, -34.619361931713264 ], [ -58.351155838654954, -34.619377648395023 ], [ -58.350874159219387, -34.619474698207512 ], [ -58.350873363975758, -34.619474972407389 ], [ -58.350880395430558, -34.619618318928957 ], [ -58.350776889912275, -34.619675889643901 ], [ -58.350776767970167, -34.619675957469113 ], [ -58.350687862603237, -34.619558463709964 ], [ -58.350687826500227, -34.619558415997616 ], [ -58.350173922789729, -34.619737976677072 ], [ -58.350165015600595, -34.61974108887015 ], [ -58.349748772330827, -34.619779091901329 ], [ -58.349743033171364, -34.619779615876688 ], [ -58.349741550078299, -34.619779751280468 ], [ -58.349578237559811, -34.619794661314067 ], [ -58.349578105669231, -34.619794673355266 ], [ -58.349073180660831, -34.619647772407717 ], [ -58.348321265140108, -34.619058222181962 ], [ -58.347854052363495, -34.618969591499088 ], [ -58.347295465430797, -34.618939671964846 ], [ -58.347295323990508, -34.61893966438857 ], [ -58.346568791255329, -34.619106928896258 ], [ -58.34656868881185, -34.61910695248077 ], [ -58.346380827100468, -34.619043779610188 ], [ -58.345974708625555, -34.618858610517904 ], [ -58.345202645522804, -34.618820069940192 ], [ -58.344601251276018, -34.619003240511631 ], [ -58.344548532456137, -34.619059141193127 ], [ -58.344582754576024, -34.619337743610714 ], [ -58.344681577702026, -34.619631672565369 ], [ -58.345198266399038, -34.619836330838439 ], [ -58.345452083830686, -34.619876644372603 ], [ -58.345922912148218, -34.619568279403801 ], [ -58.346243244240256, -34.619350212153563 ], [ -58.3463297880973, -34.619215910724868 ], [ -58.346334177212029, -34.619217286321515 ], [ -58.346334207633575, -34.61921724185121 ], [ -58.346339028179955, -34.619210195573778 ], [ -58.346567516110056, -34.619281805910056 ], [ -58.346899331578399, -34.619628154273499 ], [ -58.346903218513077, -34.619632211663237 ], [ -58.347156703355886, -34.61999361125477 ], [ -58.347105126909042, -34.620552097475262 ], [ -58.346972436767921, -34.620992920733528 ], [ -58.346585691901524, -34.621475495394932 ], [ -58.34645868588963, -34.621623948336257 ], [ -58.346517664813433, -34.621994660029316 ], [ -58.346468675496396, -34.622077176750587 ], [ -58.346381341106905, -34.622228165415237 ], [ -58.346321698195609, -34.622331751534652 ], [ -58.346283345662336, -34.622405494052877 ], [ -58.34620240481383, -34.622542435599307 ], [ -58.346185365983793, -34.622570526371732 ], [ -58.34609661474969, -34.62265592264567 ], [ -58.346067530051386, -34.622684097377096 ], [ -58.346027139903285, -34.622816998846133 ], [ -58.346043094965268, -34.622906749488074 ], [ -58.345938646733281, -34.622959746345188 ], [ -58.345938492763253, -34.622959824469206 ], [ -58.345925762403553, -34.622910154882305 ], [ -58.345942723632362, -34.622810270601526 ], [ -58.345962900075932, -34.62275711443521 ], [ -58.345966088617438, -34.622705842116119 ], [ -58.345952410521399, -34.622667932425074 ], [ -58.345952338185398, -34.622656394200455 ], [ -58.345952251127905, -34.622642507763835 ], [ -58.345938355995393, -34.622620908127949 ], [ -58.345940153003014, -34.622580614648093 ], [ -58.345947148715894, -34.622557596446093 ], [ -58.345938495855172, -34.622537827225493 ], [ -58.345935024269153, -34.622514411343019 ], [ -58.345922055958901, -34.622485873477025 ], [ -58.34592986000942, -34.622472672500905 ], [ -58.345947278368811, -34.62246549323519 ], [ -58.345945623175588, -34.622405049729515 ], [ -58.345979855821327, -34.622355793995126 ], [ -58.345982074603448, -34.622312263010393 ], [ -58.345982092934143, -34.622311903374843 ], [ -58.345980432599944, -34.62231088407718 ], [ -58.345970352938359, -34.62230469605943 ], [ -58.34595790544283, -34.622304329360404 ], [ -58.345957732094647, -34.622304324253626 ], [ -58.345944250307774, -34.622298195159509 ], [ -58.345931497316073, -34.622296426011701 ], [ -58.345931196422086, -34.62229638427042 ], [ -58.345913812039456, -34.622279457832626 ], [ -58.345872858405393, -34.622279776565883 ], [ -58.345872685026443, -34.622279777915224 ], [ -58.345879666545613, -34.622266832152896 ], [ -58.345879837728539, -34.622266839516364 ], [ -58.345890838081289, -34.622267312697538 ], [ -58.345898937079333, -34.622267661076059 ], [ -58.345900632092594, -34.622267252445397 ], [ -58.345909435727876, -34.622265130080869 ], [ -58.34590949557613, -34.622265157309549 ], [ -58.345913405791123, -34.622266936308577 ], [ -58.345933605282632, -34.622276126305387 ], [ -58.345933778655748, -34.622276126472187 ], [ -58.345940404998508, -34.622276132847439 ], [ -58.34594253509308, -34.622275003677039 ], [ -58.345949932377181, -34.622271082350984 ], [ -58.345961494839685, -34.622268845335761 ], [ -58.34596155696196, -34.622268867029348 ], [ -58.345965588186054, -34.622270274765697 ], [ -58.345974408623881, -34.622273354933938 ], [ -58.345975303532782, -34.622274495977763 ], [ -58.345983232651392, -34.622284605912441 ], [ -58.345987304215775, -34.622290793559173 ], [ -58.345996138528349, -34.622294737648069 ], [ -58.346010417089886, -34.622296437030442 ], [ -58.346010534847984, -34.622296430660477 ], [ -58.34601058934819, -34.622296427712371 ], [ -58.346018206419807, -34.622296015676184 ], [ -58.346020617456283, -34.622295885254005 ], [ -58.346031506138907, -34.622289711991087 ], [ -58.34604035943137, -34.622280163662523 ], [ -58.34604988601339, -34.62227567564269 ], [ -58.346050059386513, -34.622275675809306 ], [ -58.34606131010306, -34.622275686622764 ], [ -58.346061423504338, -34.622275686731726 ], [ -58.346063369863053, -34.622275688602336 ], [ -58.34606348544515, -34.622275688713437 ], [ -58.34606893205936, -34.622271759256023 ], [ -58.346070301270906, -34.622265014355598 ], [ -58.346070321823348, -34.622250398775329 ], [ -58.346072373812255, -34.62224196887837 ], [ -58.346070340795137, -34.622236907262398 ], [ -58.34606558565708, -34.622232968000667 ], [ -58.346049948472547, -34.62223126641743 ], [ -58.346036796728598, -34.622221359099854 ], [ -58.346035004048481, -34.622220008658829 ], [ -58.346049309968485, -34.62220147211827 ], [ -58.346061552336707, -34.622200358914533 ], [ -58.346061579576812, -34.622200372463034 ], [ -58.346063344736137, -34.62220125040718 ], [ -58.346078539753741, -34.622208808010093 ], [ -58.346078595494056, -34.622208749502541 ], [ -58.346082204368599, -34.622204961463851 ], [ -58.34608603093703, -34.622200944923271 ], [ -58.346082770011243, -34.622189018719261 ], [ -58.346082648471402, -34.622188574210725 ], [ -58.346065181064397, -34.622177833438251 ], [ -58.346064202903897, -34.622177231963619 ], [ -58.346057753400586, -34.622170091899527 ], [ -58.346057487412004, -34.622169797430999 ], [ -58.346050046510832, -34.622161559816121 ], [ -58.346049375590937, -34.62215481385622 ], [ -58.34605483217738, -34.622143013222242 ], [ -58.346049254024678, -34.622137157840577 ], [ -58.346046159293628, -34.622133909303834 ], [ -58.346044647642508, -34.62213232252472 ], [ -58.34603129225097, -34.622141776384019 ], [ -58.346014060557877, -34.622140335571636 ], [ -58.346013886114399, -34.622140320985693 ], [ -58.345990266812969, -34.622118778709016 ], [ -58.345996400346991, -34.622108666184069 ], [ -58.346018847790845, -34.622103628105577 ], [ -58.346018875732781, -34.62210366079573 ], [ -58.34602015320948, -34.622105155355648 ], [ -58.346030389178139, -34.622117130732775 ], [ -58.346030933150708, -34.622117187509772 ], [ -58.346041267556714, -34.622118266160463 ], [ -58.34604130034085, -34.622118251850708 ], [ -58.346043462641958, -34.622117308041133 ], [ -58.346052833949692, -34.622113217615812 ], [ -58.346055578992676, -34.622095794030763 ], [ -58.346042894262141, -34.622084327872393 ], [ -58.346040637754164, -34.622082288137804 ], [ -58.346048136045837, -34.6220693653976 ], [ -58.346065143497768, -34.622064322982936 ], [ -58.346068574177252, -34.622042401977751 ], [ -58.34609020951131, -34.622028649993744 ], [ -58.346098070823437, -34.622012673593026 ], [ -58.346079266766267, -34.622006607907792 ], [ -58.346069654370154, -34.622001877058231 ], [ -58.34606929069313, -34.622001698070434 ], [ -58.346062556034553, -34.621998383531185 ], [ -58.346038176618372, -34.621971705276316 ], [ -58.346036822290081, -34.62197022324203 ], [ -58.346021858634032, -34.621953848587651 ], [ -58.345979625763434, -34.621948999810634 ], [ -58.345942981800214, -34.621931308476995 ], [ -58.345924286430552, -34.621926995511515 ], [ -58.34592417534104, -34.621926969883489 ], [ -58.345911626347331, -34.621932141866324 ], [ -58.345902725277689, -34.621944661215757 ], [ -58.345886091769934, -34.621948941211407 ], [ -58.345885996930349, -34.621948965614727 ], [ -58.345864059241855, -34.621942032419611 ], [ -58.34584057244151, -34.621921705353166 ], [ -58.345837984944552, -34.621903126427611 ], [ -58.34582442118186, -34.621887129411824 ], [ -58.34581249639259, -34.621881971543189 ], [ -58.345812409097285, -34.621881933785055 ], [ -58.34579672279105, -34.621888830753846 ], [ -58.345787826579084, -34.621897894962224 ], [ -58.345795623521958, -34.621926846122051 ], [ -58.345813370561352, -34.621935507819941 ], [ -58.345813968597859, -34.621936388384917 ], [ -58.345827459751405, -34.62195625311444 ], [ -58.3458269174916, -34.62196964496794 ], [ -58.345809814371627, -34.621979902864197 ], [ -58.34580965831411, -34.621979996462414 ], [ -58.345806028052749, -34.621960120292094 ], [ -58.345795782678678, -34.621951630779051 ], [ -58.34579096549119, -34.621947639164404 ], [ -58.345790891430873, -34.621947577796576 ], [ -58.34578043088154, -34.621954048017571 ], [ -58.345772416204369, -34.621982090639086 ], [ -58.345791712100898, -34.621995048190378 ], [ -58.345791772386264, -34.621995360184094 ], [ -58.34579402648265, -34.622007025765406 ], [ -58.345802700812989, -34.622018556885195 ], [ -58.345802834546788, -34.622018734662639 ], [ -58.345804291769575, -34.622019806250911 ], [ -58.345816141024301, -34.622028519757372 ], [ -58.345816186544155, -34.622028714508005 ], [ -58.345817299671147, -34.622033476872495 ], [ -58.345807629370739, -34.622043239837403 ], [ -58.345800951468753, -34.622055071735183 ], [ -58.345789166949984, -34.622058601155601 ], [ -58.345784972982237, -34.622068100771237 ], [ -58.345786496516098, -34.622099638366954 ], [ -58.345770279340471, -34.622112583339124 ], [ -58.345756522289591, -34.62211459397178 ], [ -58.345756352108886, -34.622114618844186 ], [ -58.345750607565009, -34.621964060183977 ], [ -58.345740479773895, -34.62192564726255 ], [ -58.345738090631905, -34.621916585663968 ], [ -58.345726527549004, -34.621872728880362 ], [ -58.345726459337953, -34.621872470167389 ], [ -58.345716788889384, -34.621835791783589 ], [ -58.34561928595398, -34.621663544836672 ], [ -58.345486372970733, -34.621527627742843 ], [ -58.345485491030921, -34.621526725472457 ], [ -58.345433134517343, -34.621493919922074 ], [ -58.345295981504051, -34.621421167359728 ], [ -58.34504094440895, -34.621338052966188 ], [ -58.34494678453013, -34.621335450294922 ], [ -58.344804015803497, -34.621337823047618 ], [ -58.344709841644921, -34.621345264687648 ], [ -58.344527516636745, -34.621395309842683 ], [ -58.344342115270123, -34.621472974797108 ], [ -58.344261531227644, -34.62153483716768 ], [ -58.344197667145203, -34.621587508720388 ], [ -58.344117186876829, -34.621694851269218 ], [ -58.344115283653032, -34.621697483354829 ], [ -58.344070068366463, -34.621760034577477 ], [ -58.344069571713689, -34.621755216959897 ], [ -58.344063469502878, -34.621762953230842 ], [ -58.344057825606548, -34.621672254187217 ], [ -58.344086605144668, -34.621603025423674 ], [ -58.344084976075756, -34.621529079561718 ], [ -58.344117727169269, -34.621506835707493 ], [ -58.344169711017187, -34.621494157552917 ], [ -58.344214096723384, -34.621411462379783 ], [ -58.344234977953015, -34.62134091608155 ], [ -58.344238610955166, -34.621315157106999 ], [ -58.344271537337363, -34.621217401540711 ], [ -58.344267390430922, -34.621192425137551 ], [ -58.344265356534258, -34.621180175175681 ], [ -58.344255937489095, -34.621123445135105 ], [ -58.344270144847876, -34.62112034241602 ], [ -58.344270055744971, -34.621114131769318 ], [ -58.344255987279439, -34.621066261723286 ], [ -58.344252003797102, -34.621027538297518 ], [ -58.344230318804357, -34.620969145765507 ], [ -58.344247804815097, -34.620937380611416 ], [ -58.34423674386278, -34.620903875801254 ], [ -58.344235608234989, -34.620900437583302 ], [ -58.34423315459032, -34.62089300479402 ], [ -58.344224334870916, -34.620846941801609 ], [ -58.344275687386457, -34.620806470441728 ], [ -58.344270631970645, -34.620773158988527 ], [ -58.344295657664915, -34.620761413580425 ], [ -58.344302695807897, -34.620736379935245 ], [ -58.344341243914997, -34.620556824269357 ], [ -58.344350521032332, -34.620525351265414 ], [ -58.344340396441034, -34.620448487329476 ], [ -58.344336821658942, -34.620421352039529 ], [ -58.344309704826436, -34.620286348043692 ], [ -58.344302544100856, -34.620181863013059 ], [ -58.344278099541583, -34.620125777224715 ], [ -58.344212309814395, -34.620048712919363 ], [ -58.344208088607346, -34.619974176784432 ], [ -58.344198761654447, -34.6199520008877 ], [ -58.344135298768393, -34.619807189070073 ], [ -58.344103671422729, -34.619662409228397 ], [ -58.344052977122047, -34.619493924153545 ], [ -58.344011682857236, -34.619430720455533 ], [ -58.343924427993421, -34.619349853542865 ], [ -58.343937060502796, -34.619252347010317 ], [ -58.343943895227156, -34.619199591735686 ], [ -58.34378856992695, -34.618830466792637 ], [ -58.343612191921046, -34.618780389271613 ], [ -58.343500000477228, -34.618744646916419 ], [ -58.343482723970645, -34.618736292478701 ], [ -58.343464897260446, -34.618727671973524 ], [ -58.343448395296654, -34.618720878771569 ], [ -58.343409429112818, -34.618704837930679 ], [ -58.343302673155954, -34.618667137983522 ], [ -58.343064733926234, -34.618622184302772 ], [ -58.342861057755982, -34.618572195310499 ], [ -58.342659784538242, -34.618541337367908 ], [ -58.342479682245866, -34.61852364004816 ], [ -58.342323727839947, -34.618509805555654 ], [ -58.34218884834992, -34.618507569614621 ], [ -58.342112571403163, -34.618498147951534 ], [ -58.342049525638231, -34.618495625332358 ], [ -58.342001789325742, -34.618499945251834 ], [ -58.3418333841609, -34.618496719172413 ], [ -58.341563213071765, -34.618483309878847 ], [ -58.34142015229888, -34.618496307017956 ], [ -58.341160803745346, -34.618527786594605 ], [ -58.341096912527888, -34.618544161787931 ], [ -58.34104392337931, -34.618556289570471 ], [ -58.340980733748069, -34.618563380789993 ], [ -58.340902830983651, -34.618571173843726 ], [ -58.340695930607843, -34.618607456422275 ], [ -58.340563465834471, -34.618640235830703 ], [ -58.340534020561201, -34.618653801403312 ], [ -58.340495066992986, -34.618658770480039 ], [ -58.340394626655531, -34.618690151386595 ], [ -58.340376198480236, -34.618683593024123 ], [ -58.340185617858936, -34.618587044554971 ], [ -58.339904962032627, -34.618499162895766 ], [ -58.33983662301744, -34.618489792909827 ], [ -58.339743156180077, -34.618487551099221 ], [ -58.339177512320695, -34.618503138426313 ], [ -58.338786471876624, -34.618595755550707 ], [ -58.338719925907732, -34.618605048846788 ], [ -58.33865525409783, -34.618620999197816 ], [ -58.338593427201907, -34.618643367821633 ], [ -58.33853537250824, -34.618671819441587 ], [ -58.338191780613414, -34.618864653354102 ], [ -58.338145273623724, -34.618893068854099 ], [ -58.338104392357224, -34.618926883299281 ], [ -58.338070045116062, -34.618965345844309 ], [ -58.338042993166688, -34.619007600928278 ], [ -58.337817328850313, -34.619434285502251 ], [ -58.337648156453859, -34.619702424992894 ], [ -58.337584408095417, -34.619888390518966 ], [ -58.337558021674106, -34.619928569305351 ], [ -58.337536320985919, -34.619970620656183 ], [ -58.337519497412416, -34.620014172485391 ], [ -58.337507699832372, -34.620058839141244 ], [ -58.33751257043852, -34.620181748102375 ], [ -58.33745061299085, -34.620613966749971 ], [ -58.337417693244269, -34.620921002848782 ], [ -58.337355372956928, -34.621065804606658 ], [ -58.337344307966788, -34.621098863526356 ], [ -58.337327577678003, -34.621130252575881 ], [ -58.337305533095048, -34.621159312277058 ], [ -58.337065670953081, -34.62142976209708 ], [ -58.337034281266703, -34.621459026614374 ], [ -58.337009387488415, -34.621492287527097 ], [ -58.336991720567518, -34.621528571162656 ], [ -58.336981797877861, -34.62156681348457 ], [ -58.336968447735543, -34.621654216523098 ], [ -58.336950906302818, -34.621708390734725 ], [ -58.336937479865497, -34.621763363355676 ], [ -58.336928222184362, -34.621818920806859 ], [ -58.336922357806451, -34.621896049110759 ], [ -58.336924518520512, -34.621973309221858 ], [ -58.336934691038735, -34.622050130528109 ], [ -58.336952798822928, -34.622125946857494 ], [ -58.336978707530591, -34.622200200089424 ], [ -58.337012228283704, -34.622272341059634 ], [ -58.337053112202526, -34.622341838568914 ], [ -58.337101058036353, -34.622408180292716 ], [ -58.33713121630408, -34.622442775476074 ], [ -58.337155713247903, -34.622470876388022 ], [ -58.337216672914437, -34.622529464901241 ], [ -58.33721817583006, -34.622530680665214 ], [ -58.337283489538287, -34.622583513581347 ], [ -58.337355668678363, -34.622632624382817 ], [ -58.337432678763669, -34.622676433476208 ], [ -58.337513951081313, -34.622714619361055 ], [ -58.337598888505511, -34.622746899269714 ], [ -58.337686862215648, -34.622773036375449 ], [ -58.337777223695561, -34.622792837100889 ], [ -58.337869307998588, -34.622806155628716 ], [ -58.337962433748061, -34.622812893901731 ], [ -58.337973858995646, -34.622812907443375 ], [ -58.337973973488033, -34.622812907560991 ], [ -58.338055802821202, -34.622813001520115 ], [ -58.338055916223176, -34.622813001636551 ], [ -58.338652094035503, -34.6227212890198 ], [ -58.338877069453531, -34.622682057754972 ], [ -58.339204915463526, -34.622624887082935 ], [ -58.339310469612528, -34.622606646046144 ], [ -58.339417332654996, -34.62259470175325 ], [ -58.33952495496019, -34.622589115841102 ], [ -58.339535204630629, -34.622589192045098 ], [ -58.339632785856033, -34.622589917496256 ], [ -58.339740270359918, -34.622597101648935 ], [ -58.339846856806837, -34.622610631685063 ], [ -58.340232657556228, -34.622658721877642 ], [ -58.340345535046346, -34.622664624613748 ], [ -58.340458630064106, -34.622665733721441 ], [ -58.340460998515915, -34.622665656404521 ], [ -58.340571643826507, -34.622662044392321 ], [ -58.340957581958712, -34.622617713606999 ], [ -58.34096787515027, -34.622617861577154 ], [ -58.341017979192493, -34.622618581837287 ], [ -58.341078064868164, -34.622623710730352 ], [ -58.341137401796715, -34.622633063792158 ], [ -58.341195555017023, -34.622646572080498 ], [ -58.34126493001726, -34.622688099539488 ], [ -58.341336804343513, -34.622726611508924 ], [ -58.341393782305282, -34.622748253828696 ], [ -58.341452852450345, -34.622765648023915 ], [ -58.341739052059573, -34.622806804777298 ], [ -58.341832044376069, -34.622817780235643 ], [ -58.341839893946194, -34.622818706597052 ], [ -58.341861550038153, -34.622821262946701 ], [ -58.34188258502332, -34.622825774752179 ], [ -58.341904247116894, -34.622827207031477 ], [ -58.341909430408805, -34.622826802080191 ], [ -58.341925882135683, -34.622825516766639 ], [ -58.341946836849182, -34.622820755590134 ], [ -58.341966476430215, -34.622813067097788 ], [ -58.341984210630216, -34.62280268326915 ], [ -58.341999501421391, -34.622789918165083 ], [ -58.342009085903626, -34.622766059037531 ], [ -58.342014668746415, -34.622741346794335 ], [ -58.342016146793085, -34.622716236549792 ], [ -58.342013493202195, -34.622691192507844 ], [ -58.342004816100555, -34.622669230735951 ], [ -58.341976663084338, -34.622597973556196 ], [ -58.341975290420741, -34.622591125016562 ], [ -58.341961715686956, -34.622558376504109 ], [ -58.341941788204537, -34.622527929301242 ], [ -58.341929095891999, -34.622503238540759 ], [ -58.341925130428784, -34.622495524763245 ], [ -58.341914566126398, -34.6224614162957 ], [ -58.341910335137264, -34.622426381161496 ], [ -58.341912533334707, -34.622391219014929 ], [ -58.341921112655449, -34.622356732070145 ], [ -58.341935875673244, -34.622323707969201 ], [ -58.341948876300016, -34.62230886462509 ], [ -58.341970190676619, -34.622294389214929 ], [ -58.341989599326624, -34.622281208145573 ], [ -58.341990329153404, -34.622280830012436 ], [ -58.342015908666092, -34.622267576915171 ], [ -58.342044280734484, -34.622257147765033 ], [ -58.342074147132273, -34.622250130159472 ], [ -58.34210491339487, -34.622246662325175 ], [ -58.342116014659247, -34.622246716540012 ], [ -58.342135963349875, -34.622246813960111 ], [ -58.342171646297849, -34.622251543083678 ], [ -58.342235994663049, -34.622260071282561 ], [ -58.342239592775222, -34.622261012134942 ], [ -58.342250390086981, -34.622263835469333 ], [ -58.342250955656034, -34.622263983310951 ], [ -58.342266008476763, -34.62226791816709 ], [ -58.342312868540162, -34.622282811015147 ], [ -58.342428992658412, -34.622324964686086 ], [ -58.342541445077046, -34.622373445273496 ], [ -58.342649722361337, -34.622428037751895 ], [ -58.342753338563142, -34.622488496466211 ], [ -58.342763042016784, -34.6224945482628 ], [ -58.342878473689566, -34.622566531461381 ], [ -58.34287862150876, -34.622566623030202 ], [ -58.342919013474976, -34.622591644428958 ], [ -58.342972124201694, -34.622624546320665 ], [ -58.34299311572294, -34.622641049461407 ], [ -58.342993277097619, -34.622641141411698 ], [ -58.343027832882868, -34.622660831069766 ], [ -58.343028847734523, -34.622661856931927 ], [ -58.343029735043785, -34.622662753867921 ], [ -58.343035205249848, -34.62267055382631 ], [ -58.343039098925914, -34.622678976011755 ], [ -58.343041316066682, -34.622687803985407 ], [ -58.343041801388843, -34.622696810535388 ], [ -58.343040541046825, -34.622705766687794 ], [ -58.343037568086409, -34.622714440810597 ], [ -58.343032959152559, -34.622722613033197 ], [ -58.34301743358921, -34.622737995754733 ], [ -58.342762483973253, -34.622990600069855 ], [ -58.342645806585189, -34.623106202500949 ], [ -58.342562501897241, -34.623188740476756 ], [ -58.342395348221096, -34.623354353860968 ], [ -58.342377505710722, -34.623377718966225 ], [ -58.342203215175701, -34.623291947830474 ], [ -58.34220171289315, -34.623291208531548 ], [ -58.342151453172967, -34.623137505627177 ], [ -58.342151160362619, -34.623136610160834 ], [ -58.341890493902767, -34.623039042888593 ], [ -58.340688023654238, -34.623028299543165 ], [ -58.340052998369714, -34.623241356134749 ], [ -58.339202406477746, -34.623941879195499 ], [ -58.33843856701386, -34.624570940407132 ], [ -58.338213545671984, -34.624623616797493 ], [ -58.33824078306472, -34.624703131771341 ], [ -58.338226970095974, -34.624706365418369 ], [ -58.337805796592086, -34.624804958539919 ], [ -58.337804806229869, -34.624805190373266 ], [ -58.337804632858635, -34.624805230957662 ], [ -58.337785482773114, -34.624747384337915 ], [ -58.337785289350649, -34.62474680006671 ], [ -58.337764109003906, -34.624735095892916 ], [ -58.337484934657184, -34.624787203188276 ], [ -58.33736334018694, -34.624809898010803 ], [ -58.337027693970654, -34.624890123368473 ], [ -58.336067512004554, -34.62568414111302 ], [ -58.335270462136116, -34.626343239644875 ], [ -58.335269562461839, -34.626343983271646 ], [ -58.33517326004386, -34.626423617063523 ], [ -58.33516771962465, -34.626429181104193 ], [ -58.335163361304694, -34.626435422449681 ], [ -58.335160304203889, -34.626442171758796 ], [ -58.335158632571336, -34.6264492443294 ], [ -58.335158624758023, -34.6264493615055 ], [ -58.335158312041372, -34.626454168437995 ], [ -58.335158664323927, -34.626459090549098 ], [ -58.335157064896912, -34.627086647777418 ], [ -58.335157563206181, -34.627093051972111 ], [ -58.335158710998648, -34.6270990277743 ], [ -58.335159330692626, -34.627100243536312 ], [ -58.335167346449737, -34.627111030208006 ], [ -58.335177249353166, -34.627120687582185 ], [ -58.335178970011093, -34.627122127198795 ], [ -58.335188507065837, -34.627130106530259 ], [ -58.335648328228821, -34.627514820657524 ], [ -58.33565004890086, -34.627516260269203 ], [ -58.336261850579142, -34.628028123506006 ], [ -58.336204302121331, -34.628183175880586 ], [ -58.336206341521212, -34.628183773768477 ], [ -58.336349219418175, -34.628225660967509 ], [ -58.336352917400895, -34.628223374277397 ], [ -58.336363658926203, -34.62821673213044 ], [ -58.3363732936158, -34.628217922307797 ], [ -58.336383131166194, -34.628219137543788 ], [ -58.336383635238057, -34.6282177860422 ], [ -58.336429887863545, -34.628093774759741 ], [ -58.336439214223383, -34.628068769129762 ], [ -58.336449665227811, -34.628071703286423 ], [ -58.336985472921647, -34.62822213172403 ], [ -58.336985145662517, -34.628222986853579 ], [ -58.336977596844548, -34.628242711943969 ], [ -58.336944199588046, -34.628329962512289 ], [ -58.336925889915285, -34.628377795292415 ], [ -58.336927952353825, -34.628378358740861 ], [ -58.338164512984541, -34.628716173593162 ], [ -58.338165602314035, -34.628713361407094 ], [ -58.33822079054822, -34.628570888563232 ], [ -58.338224403923711, -34.628560306922843 ], [ -58.338234815682213, -34.628563286067234 ], [ -58.338796589706334, -34.628724026341594 ], [ -58.338796256258277, -34.628724868936388 ], [ -58.3387341659041, -34.62888176565135 ], [ -58.338736233815375, -34.628882341664514 ], [ -58.338872519246408, -34.628920303643348 ], [ -58.338884003825555, -34.628923501869053 ], [ -58.338887138756718, -34.628921204302912 ], [ -58.338894402073855, -34.628915881074803 ], [ -58.338916974320533, -34.628853575584621 ], [ -58.338929550819806, -34.628819267840107 ], [ -58.338951631394309, -34.628759028791421 ], [ -58.338962117413359, -34.628761926086021 ], [ -58.339215883088102, -34.628832041387838 ], [ -58.339215606929372, -34.628832919978535 ], [ -58.339202112651606, -34.628875851591523 ], [ -58.339204127085253, -34.628876374669133 ], [ -58.339283950264587, -34.6288971019111 ], [ -58.339284895622193, -34.628894361706749 ], [ -58.339307185756155, -34.628829751686723 ], [ -58.33930749504178, -34.628828855192928 ], [ -58.339226739248033, -34.628807605989394 ], [ -58.339222032625351, -34.628820121890399 ], [ -58.339205984063462, -34.628815666083042 ], [ -58.339128211435181, -34.6287940688633 ], [ -58.339125055655202, -34.62879319251163 ], [ -58.339179556951478, -34.628771948390238 ], [ -58.33918973870297, -34.628757363900228 ], [ -58.339226876865204, -34.628666643293329 ], [ -58.33923023602501, -34.628658437572234 ], [ -58.339230330947785, -34.628658403414939 ], [ -58.339230371318365, -34.628658388131896 ], [ -58.339240945847202, -34.628660479472778 ], [ -58.339276721696798, -34.628667554910237 ], [ -58.339345108613692, -34.628681079872216 ], [ -58.339345718010222, -34.628681200393139 ], [ -58.339345783645271, -34.628681179193833 ], [ -58.339350034275412, -34.628679806294421 ], [ -58.339393631723809, -34.628665724862813 ], [ -58.339450986356695, -34.628615329873078 ], [ -58.339502842399654, -34.628474111460058 ], [ -58.339506684536694, -34.628464339497121 ], [ -58.339754457341542, -34.627834157274215 ], [ -58.339764889972272, -34.627836984068566 ], [ -58.340267921673856, -34.627973282743987 ], [ -58.340270770738584, -34.627970939691245 ], [ -58.340525272083262, -34.627761638597192 ], [ -58.340541512370969, -34.627748955572962 ], [ -58.340556429936449, -34.627737305537323 ], [ -58.340558127657751, -34.627738763174584 ], [ -58.340668546727684, -34.627833567119225 ], [ -58.340668578252952, -34.627833541796122 ], [ -58.34067449912456, -34.627828785770966 ], [ -58.340775950830327, -34.627747293101436 ], [ -58.340785275017431, -34.627720872901548 ], [ -58.340698760343372, -34.627647617805714 ], [ -58.340675773426071, -34.627628153921442 ], [ -58.34107414852302, -34.627302642587082 ], [ -58.341079987967028, -34.627307311205506 ], [ -58.341185608726008, -34.627391754555013 ], [ -58.341188038422032, -34.62739369708359 ], [ -58.341193446199718, -34.627388804744776 ], [ -58.341237334953199, -34.627349099189445 ], [ -58.341307066570309, -34.62728601383759 ], [ -58.341205344417055, -34.627201957873083 ], [ -58.341203612984444, -34.627200527137916 ], [ -58.341420758452649, -34.627021199913891 ], [ -58.341558446594021, -34.626906187602188 ], [ -58.341601881298615, -34.62686990561096 ], [ -58.341607778359311, -34.626874599620841 ], [ -58.34169846990617, -34.626946789213918 ], [ -58.341705689686997, -34.626943361538856 ], [ -58.341771237571876, -34.626912241884042 ], [ -58.341797723334558, -34.626869127315359 ], [ -58.341799188258747, -34.626853865067027 ], [ -58.341791699176305, -34.626845509576803 ], [ -58.341795897341846, -34.626820143354777 ], [ -58.341737173718151, -34.626771892158821 ], [ -58.341735437386532, -34.626770465473136 ], [ -58.341748549703254, -34.626758602146388 ], [ -58.341755119936124, -34.62675265774736 ], [ -58.341920012543795, -34.626603475939305 ], [ -58.341923290407621, -34.626600510832141 ], [ -58.342128990459273, -34.626436312052491 ], [ -58.342129090662858, -34.626436393279626 ], [ -58.342134711741615, -34.626440969133455 ], [ -58.342221186094001, -34.626511363709085 ], [ -58.342227473382017, -34.626507099111812 ], [ -58.342357454646823, -34.62641893409922 ], [ -58.342258341064564, -34.626329684658188 ], [ -58.34243888209209, -34.626188004840692 ], [ -58.342451397463471, -34.626173520638005 ], [ -58.342462032153563, -34.626174580543434 ], [ -58.342511664633278, -34.626179527147485 ], [ -58.342516076097709, -34.626179966813517 ], [ -58.342740319465399, -34.626202315684409 ], [ -58.342740186086765, -34.626203563141637 ], [ -58.342728897320356, -34.626309144049358 ], [ -58.34273067236569, -34.626310147095893 ], [ -58.342744752608198, -34.626318103588893 ], [ -58.342755740436537, -34.626317802690494 ], [ -58.342905224322109, -34.626313709020543 ], [ -58.342911159704371, -34.626270435074595 ], [ -58.34291727419847, -34.626225855203934 ], [ -58.342928654605082, -34.626227021338686 ], [ -58.342985927508245, -34.626232889998505 ], [ -58.343043175279888, -34.626238780428167 ], [ -58.343332675272656, -34.62626859775083 ], [ -58.343332585473192, -34.62626984343747 ], [ -58.343326787042209, -34.626350278449173 ], [ -58.343328565425296, -34.626351023232161 ], [ -58.343446211192692, -34.626400292937028 ], [ -58.343486050166483, -34.626400783685888 ], [ -58.34348606866866, -34.626400652075688 ], [ -58.343501424609279, -34.626291421640992 ], [ -58.343512784131015, -34.626292717468289 ], [ -58.343561069047688, -34.626298225514894 ], [ -58.343578951927611, -34.626300104496039 ], [ -58.343582142467518, -34.626300463171191 ], [ -58.344121589861935, -34.62636110570012 ], [ -58.344210179213597, -34.626371064552323 ], [ -58.344277550703708, -34.626378637317856 ], [ -58.344384770685856, -34.626454943253606 ], [ -58.344384636575171, -34.626455050534844 ], [ -58.344364837349339, -34.626470888831371 ], [ -58.344364746737654, -34.626470961757889 ], [ -58.343825706395947, -34.626902181671859 ], [ -58.34371660664879, -34.626816583395289 ], [ -58.343707426952356, -34.626824338307173 ], [ -58.343707343976796, -34.626824408536422 ], [ -58.343581278009644, -34.626930908175225 ], [ -58.343678708206717, -34.62701612464496 ], [ -58.34367862086394, -34.627016198475538 ], [ -58.343331167778842, -34.627311436632759 ], [ -58.343264658630744, -34.627257360953244 ], [ -58.343216631985264, -34.627218312039744 ], [ -58.343087080426571, -34.627315970228466 ], [ -58.34309760573921, -34.627324939792025 ], [ -58.343169586132241, -34.627386279166068 ], [ -58.343169855148098, -34.627386507489689 ], [ -58.343198197523634, -34.627410660943802 ], [ -58.343208685829858, -34.627419598911587 ], [ -58.343196423506541, -34.627430975349817 ], [ -58.343179756645938, -34.62744471998078 ], [ -58.343135375162596, -34.627481319948181 ], [ -58.343135230730923, -34.627481439056162 ], [ -58.343041680021329, -34.627558587127574 ], [ -58.342826132083857, -34.627736340419126 ], [ -58.342825720376702, -34.627736001079434 ], [ -58.342729306000734, -34.627656673608193 ], [ -58.342725526335357, -34.627653563784115 ], [ -58.34272379116522, -34.627652136124858 ], [ -58.342709690573543, -34.627663261905113 ], [ -58.342709604328782, -34.627663329426184 ], [ -58.342599139008236, -34.627750490918835 ], [ -58.342635227278464, -34.627781951847176 ], [ -58.342698998246021, -34.62783754584953 ], [ -58.342683482273138, -34.627850119706522 ], [ -58.342683390565377, -34.627850194433528 ], [ -58.342509065901574, -34.627991467877479 ], [ -58.342322789984614, -34.628142427346582 ], [ -58.342322757494877, -34.62814245367646 ], [ -58.342214660352397, -34.628049481762872 ], [ -58.342210630894577, -34.628046016111249 ], [ -58.342208933071298, -34.628044555849137 ], [ -58.342158824252977, -34.628089132575724 ], [ -58.342089763485802, -34.628150569494501 ], [ -58.342096597609356, -34.628156489585038 ], [ -58.34209668691549, -34.628156567195688 ], [ -58.342200705115033, -34.628246676156714 ], [ -58.342187182243144, -34.628257844815522 ], [ -58.342187091624979, -34.628257919543195 ], [ -58.342125580307304, -34.628308722741671 ], [ -58.342058713685461, -34.628363949250179 ], [ -58.341870555374413, -34.628519351257459 ], [ -58.341828674144899, -34.628553941117161 ], [ -58.341819057820118, -34.628561743224587 ], [ -58.341813006160812, -34.628557653775864 ], [ -58.341767806233399, -34.628520669559514 ], [ -58.341766067901922, -34.628519247192784 ], [ -58.341722815477375, -34.628483856796315 ], [ -58.341721077138892, -34.628482434436044 ], [ -58.341701745538806, -34.628482892015633 ], [ -58.341650055198308, -34.628513129906636 ], [ -58.341642838375478, -34.628519124346873 ], [ -58.341610479480565, -34.62854600388885 ], [ -58.34161047189717, -34.628551197849191 ], [ -58.341610471673434, -34.628551351089925 ], [ -58.341610457891178, -34.62856079072067 ], [ -58.341589942941255, -34.628581519982362 ], [ -58.341591672662673, -34.628582952151191 ], [ -58.34163749368728, -34.62862089085899 ], [ -58.341639220013626, -34.628622320426274 ], [ -58.341640949716421, -34.628623752611162 ], [ -58.341691130736962, -34.628665302201966 ], [ -58.341672218924877, -34.628680708402136 ], [ -58.341672125031721, -34.62868078492901 ], [ -58.341405728899353, -34.628897793970914 ], [ -58.34140590917216, -34.628907252724765 ], [ -58.341405912235302, -34.628907395151806 ], [ -58.341406801402428, -34.628954081353214 ], [ -58.341408533643403, -34.628955511449313 ], [ -58.341563569256003, -34.629083504786841 ], [ -58.341669499659076, -34.629111593166854 ], [ -58.341688808000697, -34.629116712639238 ], [ -58.341788697337229, -34.629143199383535 ], [ -58.341869864828638, -34.629164721331513 ], [ -58.341869510354037, -34.629165601698112 ], [ -58.341848146572239, -34.629218660359534 ], [ -58.341850149641637, -34.629219411715212 ], [ -58.342005507690935, -34.629277686715696 ], [ -58.342005655916061, -34.629277742750986 ], [ -58.34201071521003, -34.629279639857174 ], [ -58.342012120942982, -34.62927595811162 ], [ -58.342031045266914, -34.629226393511907 ], [ -58.342038591859044, -34.629206627521512 ], [ -58.342048758526765, -34.629209482019476 ], [ -58.342208628983734, -34.629254368752299 ], [ -58.342379367204316, -34.62930230604853 ], [ -58.342385618620554, -34.629304060995601 ], [ -58.342385314405121, -34.629304923396639 ], [ -58.34237933882968, -34.629321863173111 ], [ -58.342359544613657, -34.62937797030461 ], [ -58.342366382543375, -34.62938811352339 ], [ -58.342358423047507, -34.629405396620555 ], [ -58.342360480681954, -34.629406115622317 ], [ -58.34237920709711, -34.629412659214516 ], [ -58.342426296841957, -34.629429113488527 ], [ -58.342507561683973, -34.629457508415946 ], [ -58.342507711005439, -34.629457560846042 ], [ -58.342514148194077, -34.629459809947242 ], [ -58.342515356245841, -34.629456310979101 ], [ -58.342529112579406, -34.629416467488468 ], [ -58.342545587079222, -34.629368747436644 ], [ -58.342545600808926, -34.629368707669485 ], [ -58.342550366037344, -34.629354905494559 ], [ -58.34256067488063, -34.629357647787394 ], [ -58.342851824358895, -34.629435097082826 ], [ -58.342854461047352, -34.6294328171834 ], [ -58.343189179552908, -34.629143390329148 ], [ -58.343195827951824, -34.629147382951977 ], [ -58.343286009695007, -34.629201540532243 ], [ -58.343286918377608, -34.629202085882483 ], [ -58.343325822838253, -34.629225450134875 ], [ -58.343330260917412, -34.629221369614726 ], [ -58.343401227409984, -34.6291561205433 ], [ -58.343401243856889, -34.629144687881642 ], [ -58.343401244393753, -34.629144314695338 ], [ -58.343393285141161, -34.629139439495667 ], [ -58.343391299180411, -34.629138223055264 ], [ -58.343398960431372, -34.629131762014694 ], [ -58.343399051051989, -34.629131685483273 ], [ -58.343409177615627, -34.629123144591119 ], [ -58.343380838175513, -34.629098778460531 ], [ -58.343324709357617, -34.629050520865981 ], [ -58.34331985397592, -34.629046346132775 ], [ -58.343457657087548, -34.628936828673453 ], [ -58.343464280632517, -34.628931564592847 ], [ -58.343648284275581, -34.628785327983373 ], [ -58.343694232954803, -34.628748810651629 ], [ -58.343699132636374, -34.628752512169378 ], [ -58.343699960400642, -34.628753212479431 ], [ -58.343700528949753, -34.628753693486715 ], [ -58.343783531787757, -34.628823915953177 ], [ -58.343789300427581, -34.628819287319899 ], [ -58.343901380651253, -34.628729356387659 ], [ -58.343916215182766, -34.628717453266638 ], [ -58.343890618977525, -34.628695655372113 ], [ -58.343823931236031, -34.628638864763815 ], [ -58.344190258834033, -34.628336766789339 ], [ -58.344190641156416, -34.628336308341098 ], [ -58.344190730477536, -34.628336376936069 ], [ -58.344190814542131, -34.628336308510413 ], [ -58.344205814076602, -34.628325615216809 ], [ -58.344207515301377, -34.628327068180354 ], [ -58.344318201256733, -34.628421601476084 ], [ -58.344318228378555, -34.628421580619275 ], [ -58.344324114689357, -34.628417054021902 ], [ -58.344407569162733, -34.628352877102657 ], [ -58.344424230876285, -34.628313673563426 ], [ -58.344354326942536, -34.628254048754236 ], [ -58.344319871664865, -34.628224660485216 ], [ -58.344319961185441, -34.628224589360535 ], [ -58.34431376174394, -34.628219301005934 ], [ -58.344321094905126, -34.628213393958085 ], [ -58.344581929642438, -34.628003290580168 ], [ -58.34496815019407, -34.628328224899541 ], [ -58.3450192979573, -34.628371256804655 ], [ -58.345019354595571, -34.628371303733267 ], [ -58.345019438809167, -34.628371373840665 ], [ -58.345020273873146, -34.628372069026817 ], [ -58.345026471549438, -34.628367838311185 ], [ -58.34503369757708, -34.628362905611816 ], [ -58.345034695675274, -34.628362686633679 ], [ -58.345035723025745, -34.628362601995086 ], [ -58.345036753453215, -34.628362654374968 ], [ -58.3450377596984, -34.628362841944011 ], [ -58.345038717777129, -34.628363160171908 ], [ -58.345039602621256, -34.628363600020208 ], [ -58.345040390254404, -34.628364151549995 ], [ -58.345041767540636, -34.628365284624984 ], [ -58.345042125527506, -34.628365579136023 ], [ -58.345281789534866, -34.628562746805805 ], [ -58.345282987733306, -34.628563686340826 ], [ -58.345283189092392, -34.628563908325113 ], [ -58.345283979612923, -34.628564779818618 ], [ -58.345284734686309, -34.628565994758652 ], [ -58.345285232282741, -34.628567296887098 ], [ -58.345285459368867, -34.628568649233188 ], [ -58.345285409455379, -34.62857001393111 ], [ -58.345285082595844, -34.628571353121409 ], [ -58.345284488659495, -34.628572628052609 ], [ -58.345283645146289, -34.628573801783588 ], [ -58.345282575000986, -34.628574842786897 ], [ -58.345281309890844, -34.628575720444978 ], [ -58.34527187599118, -34.628581216273851 ], [ -58.345273602406508, -34.628582651169587 ], [ -58.345275023776395, -34.628583832529323 ], [ -58.345276750877012, -34.628585266859119 ], [ -58.345279247694492, -34.628587340426492 ], [ -58.345279391860373, -34.62858746013125 ], [ -58.345280974959962, -34.628588774620745 ], [ -58.34530276462619, -34.628606867150914 ], [ -58.34530449190941, -34.628608301330893 ], [ -58.345378095999031, -34.628669415451448 ], [ -58.345378241200024, -34.628669297506086 ], [ -58.345378383885944, -34.628669415729753 ], [ -58.34538405600906, -34.628664792875782 ], [ -58.346015494257905, -34.628150157622308 ], [ -58.3463822965102, -34.62785120174177 ], [ -58.347055328491741, -34.627286223394371 ], [ -58.34705541685603, -34.627286294574965 ], [ -58.347061164533635, -34.627290924533462 ], [ -58.347271163009886, -34.627460085227312 ], [ -58.347792765132468, -34.627882314880125 ], [ -58.347794488552537, -34.627883752236116 ], [ -58.348698056342506, -34.628637329974794 ], [ -58.34869825367187, -34.628637485059897 ], [ -58.348764217477701, -34.62868932729414 ], [ -58.348764230044921, -34.628689411179444 ], [ -58.348774505598534, -34.62875799973574 ], [ -58.348431990251875, -34.628792009949635 ], [ -58.348441289975028, -34.628953377861194 ], [ -58.348442928117258, -34.628953235458397 ], [ -58.348452486195804, -34.62895240457955 ], [ -58.348779663456078, -34.628923962766549 ], [ -58.348779934076319, -34.62892494007508 ], [ -58.348780091371196, -34.628925508124368 ], [ -58.348784807921263, -34.628942541305506 ], [ -58.34878672119671, -34.629021499167301 ], [ -58.348789835921593, -34.62908795549464 ], [ -58.348768339620911, -34.629151881872168 ], [ -58.348747008059021, -34.629222076857388 ], [ -58.34871145813679, -34.629302954701686 ], [ -58.348695830662656, -34.629341563055441 ], [ -58.348690212233265, -34.629351239000385 ], [ -58.348573020232259, -34.629376729985985 ], [ -58.348485054463559, -34.629395863633079 ], [ -58.348484506736796, -34.629411121411422 ], [ -58.3484845055929, -34.629411160171308 ], [ -58.348470722690919, -34.62979515644497 ], [ -58.348470280792043, -34.629822246327123 ], [ -58.348444834243708, -34.62986324497394 ], [ -58.348439783153637, -34.62986396676002 ], [ -58.348439598823724, -34.629863992727536 ], [ -58.348080062640847, -34.629915370648909 ], [ -58.348000419854415, -34.629921973991195 ], [ -58.347966918763049, -34.629941591415154 ], [ -58.347966704990654, -34.629941616452669 ], [ -58.347926885860787, -34.630043709386158 ], [ -58.34789709716825, -34.630120527037874 ], [ -58.347911258517449, -34.630134631392131 ], [ -58.347911518048882, -34.63013460070075 ], [ -58.347921305914049, -34.630133443218739 ], [ -58.34813205461117, -34.630108520544717 ], [ -58.348271400843934, -34.630092041559628 ], [ -58.348271708936053, -34.630093346170213 ], [ -58.348271776872558, -34.630093633846158 ], [ -58.34831523154125, -34.630277641456864 ], [ -58.348258719543566, -34.63034553881252 ], [ -58.348140485720805, -34.630423080738602 ], [ -58.34808431849487, -34.630782538159266 ], [ -58.347993407408467, -34.630980902867343 ], [ -58.347931785530314, -34.631157571954176 ], [ -58.347870995013899, -34.63117158015379 ], [ -58.347848947627931, -34.631176659646272 ], [ -58.347847779265827, -34.631176928824843 ], [ -58.347834438390606, -34.631136437154282 ], [ -58.347816781973613, -34.631082849212113 ], [ -58.347761322217451, -34.63091452991609 ], [ -58.347760996583304, -34.6309135416206 ], [ -58.347760424713037, -34.630911806001556 ], [ -58.347693470236344, -34.630929347238478 ], [ -58.347766466218829, -34.631192580659622 ], [ -58.34769717482466, -34.631328628102878 ], [ -58.347575298924014, -34.631397538550658 ], [ -58.347401267752296, -34.631440514232217 ], [ -58.347262038463235, -34.631477770836057 ], [ -58.347136779446721, -34.631477651605266 ], [ -58.346980169002286, -34.63150338744628 ], [ -58.346903629230482, -34.631497562485507 ], [ -58.346854896801844, -34.631511896278447 ], [ -58.346765749307288, -34.631489129489061 ], [ -58.346764463973933, -34.631488801235712 ], [ -58.346741028951364, -34.631430461842321 ], [ -58.346740852142041, -34.631430021690981 ], [ -58.346740192829088, -34.631428380389053 ], [ -58.346152008105719, -34.631542860243812 ], [ -58.346103125871046, -34.631663608589811 ], [ -58.346105205960761, -34.631664174445 ], [ -58.347153519095926, -34.631949345781663 ], [ -58.347154675714762, -34.631949683013474 ], [ -58.347513218304378, -34.632054221512163 ], [ -58.347588152937305, -34.632076069960661 ], [ -58.347611764292381, -34.632087593538934 ], [ -58.347633246119678, -34.632102069036968 ], [ -58.347634369022309, -34.632103093217182 ], [ -58.347651857489382, -34.63211904414333 ], [ -58.347667177991241, -34.632138134457058 ], [ -58.347678860343962, -34.632158908772908 ], [ -58.347686320832288, -34.632179997285931 ], [ -58.347686639108552, -34.632180897201913 ], [ -58.347690356531054, -34.63220382917018 ], [ -58.347692415286161, -34.632216523975316 ], [ -58.347692572771074, -34.632216986551533 ], [ -58.347696013548443, -34.632227091092432 ], [ -58.347701242812875, -34.632237182004175 ], [ -58.347702406953644, -34.63223752490385 ], [ -58.347708552912735, -34.632239335206286 ], [ -58.347897009942621, -34.632294848050968 ], [ -58.348499569856337, -34.632472337808252 ], [ -58.3485309600809, -34.632481583437333 ], [ -58.348684805105904, -34.63249081078181 ], [ -58.349010388328402, -34.632510342624535 ], [ -58.349010568514885, -34.632510353161464 ], [ -58.349044773624399, -34.632512934864437 ], [ -58.349068544070306, -34.632552176398356 ], [ -58.349560646041773, -34.632449528185859 ], [ -58.350147505189682, -34.63232711082432 ], [ -58.350149686295303, -34.632325991087399 ], [ -58.350227346603873, -34.63225125220486 ], [ -58.350921576502316, -34.631583135142762 ], [ -58.351144192634713, -34.631359867002359 ], [ -58.351256907455216, -34.631177339854837 ], [ -58.351341757023917, -34.63098505532156 ], [ -58.351685625442407, -34.630169698643257 ], [ -58.351886791001469, -34.629690346502201 ], [ -58.351954273053472, -34.629529542958466 ], [ -58.351954168405946, -34.629529513116196 ], [ -58.351954186604431, -34.629529469751063 ], [ -58.352076362928045, -34.629238335130907 ], [ -58.352101487249534, -34.629228947238921 ], [ -58.352198420127763, -34.629199232902373 ], [ -58.352308987993752, -34.629083849352931 ], [ -58.352387635098459, -34.629014982278306 ], [ -58.352387760449744, -34.629015024755226 ], [ -58.352395879800277, -34.629017776102017 ], [ -58.352572459187776, -34.629077612129528 ], [ -58.352697663423235, -34.629113018927612 ], [ -58.352882863593756, -34.629165392319777 ], [ -58.352883035889555, -34.629165393377143 ], [ -58.352993932523482, -34.629165859691234 ], [ -58.352993969338172, -34.629165822556153 ], [ -58.352996885146709, -34.629162881373439 ], [ -58.353293152006508, -34.62883104054422 ], [ -58.353435301816681, -34.628682343709045 ], [ -58.353631840512278, -34.628443693568379 ], [ -58.353972757439962, -34.628093404004005 ], [ -58.354164045910736, -34.62796630773812 ], [ -58.354173560932288, -34.627959985594103 ], [ -58.354596505338733, -34.627678970360165 ], [ -58.354761841465411, -34.627573256886024 ], [ -58.354881017501306, -34.627497056050593 ], [ -58.355167838658197, -34.627313664586033 ], [ -58.356193951963711, -34.626657562642102 ], [ -58.356198290089829, -34.626654789182446 ], [ -58.356343488932573, -34.626561946137073 ], [ -58.357191525330265, -34.626008908720273 ], [ -58.357182177753884, -34.625988556483577 ], [ -58.360299773363749, -34.623948798911101 ], [ -58.360301260264436, -34.623950389985509 ], [ -58.360350456739589, -34.624003033169892 ], [ -58.36035070124462, -34.624002877493403 ], [ -58.360357685594103, -34.623998430553975 ], [ -58.360385116854715, -34.623980965045732 ], [ -58.360443201373009, -34.623943870189073 ], [ -58.360508306093166, -34.623901364597046 ], [ -58.360508843002869, -34.623901949226436 ], [ -58.360524324927333, -34.623892061935059 ], [ -58.360524502806761, -34.62389194760479 ], [ -58.360751116216413, -34.624125809418679 ], [ -58.36081552102381, -34.624192273744107 ], [ -58.360864398350266, -34.624242714003081 ], [ -58.360871255326551, -34.624238188619167 ], [ -58.360973513924456, -34.624170701127206 ], [ -58.361229154391829, -34.624001984987729 ], [ -58.361301432816397, -34.623954283267196 ], [ -58.361311021859599, -34.623947954761938 ], [ -58.36131241978876, -34.623947032166953 ], [ -58.361312711917265, -34.623946839370113 ], [ -58.361398498224489, -34.623890222683038 ], [ -58.361445497234442, -34.623859204464431 ], [ -58.361495779927736, -34.623826018352403 ], [ -58.361584795997253, -34.623767269647317 ], [ -58.361618586908691, -34.623744968782098 ], [ -58.361632396171963, -34.623735855233093 ], [ -58.361638734420566, -34.62373167162395 ], [ -58.361665939335559, -34.623713716403479 ], [ -58.361668628287688, -34.623711941948002 ], [ -58.361687088614907, -34.623699758403767 ], [ -58.361705784708761, -34.62368741916157 ], [ -58.361715847607755, -34.623680777849415 ], [ -58.361754153247276, -34.623655497128617 ], [ -58.361772700694942, -34.623643256692006 ], [ -58.361774207817533, -34.623644836389019 ], [ -58.361774925575915, -34.623645588710566 ], [ -58.361891508081172, -34.623767738767839 ], [ -58.36191855215737, -34.62379607468305 ], [ -58.361917853722289, -34.623796541037322 ], [ -58.361912528147769, -34.623800102622489 ], [ -58.361911413932447, -34.623800840859531 ], [ -58.361909258609053, -34.623802276830489 ], [ -58.361902189142988, -34.623806990781375 ], [ -58.361901083653009, -34.623807727222761 ], [ -58.36189902544988, -34.62380910287925 ], [ -58.361878279687858, -34.623822994519067 ], [ -58.361879247743907, -34.623822292217532 ], [ -58.361869775218658, -34.623828611397599 ], [ -58.361869128075419, -34.623829042638938 ], [ -58.361868020400756, -34.62382978178244 ], [ -58.3618610753364, -34.623834414706636 ], [ -58.361860648636366, -34.623834699200032 ], [ -58.361847253957684, -34.62384363463871 ], [ -58.361846809797662, -34.623843929934552 ], [ -58.361832516972157, -34.623853464067878 ], [ -58.36183162537521, -34.623854059163847 ], [ -58.361818022251384, -34.623863133244321 ], [ -58.361817854189781, -34.623863245781791 ], [ -58.36180568067455, -34.623871365546648 ], [ -58.361805398025687, -34.623871554609345 ], [ -58.361797119379617, -34.62387707612028 ], [ -58.361797000426286, -34.623877156247573 ], [ -58.36178647477945, -34.623884176749691 ], [ -58.361785813447845, -34.623884617894433 ], [ -58.361773486051113, -34.623892841191122 ], [ -58.361773285250457, -34.623892975335345 ], [ -58.361758364907836, -34.623902927195715 ], [ -58.361758285241358, -34.623902981214506 ], [ -58.361746630085229, -34.623910755260219 ], [ -58.361745892361341, -34.623911247721963 ], [ -58.361736731930478, -34.623917358022304 ], [ -58.361728499109127, -34.623922849819891 ], [ -58.361728362695821, -34.62392294074958 ], [ -58.361710666056126, -34.623934744510059 ], [ -58.361709773365924, -34.623935340505625 ], [ -58.361693688581298, -34.623946070213805 ], [ -58.361693601277437, -34.623946127831886 ], [ -58.361630942715152, -34.623987923975015 ], [ -58.361628896510958, -34.623989288819899 ], [ -58.361558352076585, -34.624036345340237 ], [ -58.361557858803792, -34.624036674847936 ], [ -58.361548279281642, -34.624043065125605 ], [ -58.361547866767047, -34.624043339714092 ], [ -58.361541634292848, -34.624047497265408 ], [ -58.361541387656395, -34.624047662019258 ], [ -58.361534239572421, -34.624052429968053 ], [ -58.361533621891311, -34.624052841400975 ], [ -58.361517093989441, -34.624063866381171 ], [ -58.361516468667517, -34.624064284117523 ], [ -58.361491306306611, -34.624081068262896 ], [ -58.361491069491443, -34.624081226714885 ], [ -58.361463887102865, -34.62409935769049 ], [ -58.361463857636153, -34.624099378398533 ], [ -58.361441658167635, -34.624114185492182 ], [ -58.361441607966391, -34.624114219704161 ], [ -58.361420881761411, -34.624128044576693 ], [ -58.361420133120603, -34.624128544238623 ], [ -58.361356672169002, -34.624170875011806 ], [ -58.361356483371566, -34.624171001052545 ], [ -58.361340407227139, -34.62418172441096 ], [ -58.361340178050973, -34.624181877460543 ], [ -58.361311009402854, -34.624201334530774 ], [ -58.361310792231173, -34.624201479477556 ], [ -58.361290953221378, -34.624214712837635 ], [ -58.361288926649109, -34.624216065073355 ], [ -58.361212975451444, -34.624266727050824 ], [ -58.361209275889387, -34.624269194742396 ], [ -58.361177474925391, -34.62429040644173 ], [ -58.361177134433731, -34.624290634215534 ], [ -58.361101053233632, -34.624341382549908 ], [ -58.361097342750739, -34.624343858341675 ], [ -58.361048666663756, -34.624376327202491 ], [ -58.361048333812107, -34.62437654867238 ], [ -58.361045474555404, -34.62437845638113 ], [ -58.361044385519421, -34.624379100883786 ], [ -58.361039690004453, -34.62438188142886 ], [ -58.361039562331818, -34.624381957040939 ], [ -58.361039207686019, -34.624382166774119 ], [ -58.361034316881771, -34.624385919785738 ], [ -58.361029666735931, -34.624390826814405 ], [ -58.361024079312408, -34.624398001025646 ], [ -58.361021612643697, -34.624403434510249 ], [ -58.361019965381772, -34.624409351842097 ], [ -58.361019482159016, -34.624413928839381 ], [ -58.361019696394663, -34.624421509947489 ], [ -58.361022157670483, -34.624428470961014 ], [ -58.361023900208075, -34.624432885766396 ], [ -58.361026740688523, -34.624438284939728 ], [ -58.36102692780716, -34.624438639354061 ], [ -58.36102696914601, -34.624438718713535 ], [ -58.36103314072443, -34.624445134775193 ], [ -58.361034062050372, -34.624446092853944 ], [ -58.361046254922805, -34.624458768904908 ], [ -58.361047889570372, -34.624460467645939 ], [ -58.361057132241221, -34.624470076400343 ], [ -58.361063058790137, -34.624476238055102 ], [ -58.361096087174872, -34.62451057551835 ], [ -58.361097776276182, -34.624512331093705 ], [ -58.361111658268776, -34.624526763614753 ], [ -58.361112737508449, -34.624527884981902 ], [ -58.361129248451007, -34.624545050099421 ], [ -58.361130342936129, -34.624546188606118 ], [ -58.361142833145642, -34.624559174082798 ], [ -58.361148373098061, -34.624564933376995 ], [ -58.361188627348014, -34.624606782976286 ], [ -58.361188790704617, -34.624606952579683 ], [ -58.36119990438322, -34.624618506347183 ], [ -58.361200579588669, -34.624619209117199 ], [ -58.361208709293336, -34.624627660408571 ], [ -58.36121137091439, -34.624630427286206 ], [ -58.36122315980613, -34.624642682920111 ], [ -58.361225478379154, -34.624645093450141 ], [ -58.361255380251755, -34.624676180442854 ], [ -58.361256102288088, -34.624676931026919 ], [ -58.361266707401455, -34.624687956131666 ], [ -58.36126684679877, -34.624688101376606 ], [ -58.361267640712022, -34.624688926838438 ], [ -58.361267532667966, -34.624689001565805 ], [ -58.361205103308706, -34.624731773912146 ], [ -58.360937300997882, -34.624904151250263 ], [ -58.360772616634598, -34.625010153141574 ], [ -58.360772317482237, -34.625010456668079 ], [ -58.358996915361764, -34.626153209010745 ], [ -58.357460328639441, -34.627142199454582 ], [ -58.357438364783114, -34.627156335808742 ], [ -58.357384753405057, -34.62719084107075 ], [ -58.355847292486033, -34.628192161455651 ], [ -58.355468782327804, -34.628478264627695 ], [ -58.355131398621367, -34.628777522320092 ], [ -58.354893354627194, -34.629008180271214 ], [ -58.354694555820743, -34.629233147794722 ], [ -58.354294203937783, -34.629777922924731 ], [ -58.354272558693786, -34.629810413200886 ], [ -58.354214781873537, -34.629897136497334 ], [ -58.354194753684077, -34.629927198885056 ], [ -58.354122902298791, -34.630035047785107 ], [ -58.354068709060918, -34.630116391852873 ], [ -58.354042528002459, -34.630164039865527 ], [ -58.353979807811264, -34.630283739677793 ], [ -58.353920261542761, -34.630404542030753 ], [ -58.353837571978794, -34.630586253089739 ], [ -58.353792529448022, -34.630675219511105 ], [ -58.353750312692966, -34.630781332508988 ], [ -58.353720345329855, -34.630868532140333 ], [ -58.353714530573619, -34.630881087265308 ], [ -58.353679890621216, -34.630963890981839 ], [ -58.353645777580425, -34.631061413502792 ], [ -58.353620716095065, -34.631153688889455 ], [ -58.353467298772586, -34.631582639873706 ], [ -58.352766229002981, -34.633566862042322 ], [ -58.353029389464801, -34.634397015826785 ], [ -58.353197882680234, -34.63493931524394 ], [ -58.353200026335315, -34.634946216622708 ], [ -58.353252063763968, -34.635114626594273 ], [ -58.353290563200716, -34.635196211592721 ], [ -58.353293498430347, -34.635202432212488 ], [ -58.353319822741788, -34.635264259784876 ], [ -58.353383041264813, -34.635412734127812 ], [ -58.353388193517794, -34.635424833979734 ], [ -58.35346929031261, -34.635615297948469 ], [ -58.353481086517071, -34.635643002793536 ], [ -58.353512116550831, -34.635715881417852 ], [ -58.353539950302142, -34.635751397945874 ], [ -58.353820764935421, -34.636109729963813 ], [ -58.353913385387337, -34.636227916664829 ], [ -58.353914406641245, -34.636229220127646 ], [ -58.354007132968817, -34.636347541161442 ], [ -58.354008975151402, -34.636349891903706 ], [ -58.35406881892596, -34.636426254028983 ], [ -58.354070227784554, -34.636428051813915 ], [ -58.35414355928804, -34.636521625007362 ], [ -58.354144617087663, -34.636522187365642 ], [ -58.354875509456186, -34.636910747844404 ], [ -58.354925700787696, -34.636937430211781 ], [ -58.35525083249582, -34.637110275934702 ], [ -58.356048991746391, -34.637542188293267 ], [ -58.356049852351234, -34.637543150695429 ], [ -58.356095561996597, -34.637594267102983 ], [ -58.35612819267746, -34.637630758974296 ], [ -58.356233402127259, -34.637748415002122 ], [ -58.356501455052225, -34.638049117324314 ], [ -58.356521738410621, -34.638071870606225 ], [ -58.356587812680992, -34.638145993306921 ], [ -58.356592013116057, -34.638150704177946 ], [ -58.356592106773022, -34.638150809725616 ], [ -58.356592289731452, -34.638151015408589 ], [ -58.356633789866521, -34.638197570200219 ], [ -58.356638631752745, -34.638203000960829 ], [ -58.356660245996039, -34.638227248128516 ], [ -58.35666401953425, -34.638231479971687 ], [ -58.356698513922566, -34.638270176377965 ], [ -58.356702724170646, -34.638274898972064 ], [ -58.356725700847413, -34.638300674317854 ], [ -58.356726306357864, -34.638301352711984 ], [ -58.3567277057806, -34.638302923300571 ], [ -58.356763737963348, -34.638343343638233 ], [ -58.356764477425493, -34.638344173587143 ], [ -58.356856967014998, -34.638447926227371 ], [ -58.356858087646359, -34.638449183779649 ], [ -58.356919530781028, -34.638518109195729 ], [ -58.356961182660122, -34.638564833472088 ], [ -58.356968742862364, -34.638573315179094 ], [ -58.35696970497311, -34.63857388681032 ], [ -58.356971371425182, -34.638574876920849 ], [ -58.357603959435828, -34.638951119038843 ], [ -58.357692153296021, -34.639003573128619 ], [ -58.357863064022233, -34.63910522316997 ], [ -58.357896659251608, -34.639125204154638 ], [ -58.357970510618202, -34.639169127262932 ], [ -58.357974011057017, -34.639171208951687 ], [ -58.358032146478372, -34.639205786087437 ], [ -58.358032435492397, -34.639205786336916 ], [ -58.358043564265849, -34.63920572247315 ], [ -58.358047728279629, -34.639205698577229 ], [ -58.358961350614216, -34.639200491014002 ], [ -58.360175798536588, -34.639193557245122 ], [ -58.360302063784083, -34.639192836445815 ], [ -58.36031609361946, -34.639192756349225 ], [ -58.360353192413207, -34.639192544288143 ], [ -58.360359115615758, -34.639192507822742 ], [ -58.36036831193924, -34.639194981859319 ], [ -58.3603695406592, -34.639195312814657 ], [ -58.360455739732643, -34.63921849964791 ], [ -58.360466490771003, -34.639221391442398 ], [ -58.360519567832121, -34.639235668644496 ], [ -58.360552394438528, -34.639244498633566 ], [ -58.360905139435175, -34.639339383606462 ], [ -58.360943601687239, -34.639349728995121 ], [ -58.3609554201254, -34.639352908292679 ], [ -58.361127586748488, -34.639399218677674 ], [ -58.361128378032731, -34.639400398462548 ], [ -58.361364003827781, -34.639751708860324 ], [ -58.361380093952995, -34.639775698173125 ], [ -58.36138674091606, -34.639785608619327 ], [ -58.361444084404042, -34.639871106130762 ], [ -58.361428023733687, -34.639896745067219 ], [ -58.361427883113798, -34.639896969549966 ], [ -58.361427900535183, -34.639896993001372 ], [ -58.361117731211564, -34.640392124728059 ], [ -58.361107499553704, -34.640408457925503 ], [ -58.360980276100726, -34.640611546639704 ], [ -58.360977149653216, -34.640616537861014 ], [ -58.360908096714887, -34.64072676724534 ], [ -58.360906035625852, -34.640727474929207 ], [ -58.359896541718399, -34.641074210957939 ], [ -58.359858922426945, -34.641087132401644 ], [ -58.359719162043284, -34.641135135864829 ], [ -58.359711995622476, -34.641137597854616 ], [ -58.359461824230024, -34.641223522600754 ], [ -58.359458024972113, -34.641224827320229 ], [ -58.359425161711584, -34.641236114806652 ], [ -58.359424964219329, -34.641236183146056 ], [ -58.359369773474953, -34.641255138872459 ], [ -58.359368297196795, -34.641255646012908 ], [ -58.359356089806056, -34.641259838911104 ], [ -58.359355482055378, -34.641260047521584 ], [ -58.359160285843707, -34.64132708965964 ], [ -58.359150924064103, -34.641330305128122 ], [ -58.359111025198281, -34.641344009526819 ], [ -58.359108538542657, -34.641344863747435 ], [ -58.358884685881144, -34.641421747854793 ], [ -58.358865944821602, -34.641428184142022 ], [ -58.358570110431167, -34.641529791337646 ], [ -58.358551463159785, -34.641536195205965 ], [ -58.358545826422791, -34.641538132013984 ], [ -58.358542984050814, -34.641539107608651 ], [ -58.358531693119659, -34.641542985715709 ], [ -58.358520217788289, -34.641546926762388 ], [ -58.358486459553447, -34.641558521510326 ], [ -58.358333363241705, -34.641693981699511 ], [ -58.358130708101868, -34.641872699371987 ], [ -58.357866108391526, -34.642521775049531 ], [ -58.357838865070654, -34.642587822555583 ], [ -58.35777148754925, -34.642753625646918 ], [ -58.357479768196754, -34.64346439503295 ], [ -58.357469563628868, -34.643502328558931 ], [ -58.357466779071018, -34.643512677997983 ], [ -58.357449971980024, -34.643575150434252 ], [ -58.357449531443486, -34.64357679062806 ], [ -58.357438232095383, -34.64361878858427 ], [ -58.357437883614004, -34.643620083615815 ], [ -58.357418660110795, -34.643691541962539 ], [ -58.357418307248885, -34.643692850511485 ], [ -58.357402649637343, -34.643751052129467 ], [ -58.357399950539062, -34.643761084342515 ], [ -58.357397307347362, -34.643770910183605 ], [ -58.357393838932353, -34.643783803718804 ], [ -58.357389825303031, -34.643799793091546 ], [ -58.357363722093687, -34.643903782097276 ], [ -58.357362278345391, -34.643909538183493 ], [ -58.357327682180724, -34.644047361585891 ], [ -58.357334765786781, -34.644072527146726 ], [ -58.357468268267873, -34.644546786663 ], [ -58.357487850918623, -34.644610008194974 ], [ -58.357572102813009, -34.64488202116307 ], [ -58.357594087405303, -34.644952999611263 ], [ -58.357603600741818, -34.644983713667159 ], [ -58.357605042965275, -34.644984217256813 ], [ -58.357739906853539, -34.645031308372175 ], [ -58.357822505858607, -34.645060149412416 ], [ -58.358100184978952, -34.645157107521982 ], [ -58.358102341429131, -34.645157860261143 ], [ -58.358298113010527, -34.64522621744235 ], [ -58.358752142180464, -34.645384749117262 ], [ -58.358921240739747, -34.645478252643699 ], [ -58.359143262196589, -34.645601019620258 ], [ -58.359160995690274, -34.645610825035803 ], [ -58.35981916193726, -34.645974753880481 ], [ -58.359820763620895, -34.645976115448306 ], [ -58.360254466312426, -34.646344797341072 ], [ -58.360256188206414, -34.646346236269338 ], [ -58.360379807444588, -34.646449540468346 ], [ -58.360888701628539, -34.64687480120044 ], [ -58.36099534980827, -34.646979830750546 ], [ -58.361135593751932, -34.647128330249515 ], [ -58.361398850147154, -34.647407083238619 ], [ -58.361438792976472, -34.647446777170011 ], [ -58.361454870557985, -34.647462754552009 ], [ -58.361474362188687, -34.647482124208231 ], [ -58.361512483772678, -34.647520008238843 ], [ -58.361577844898889, -34.647584961961087 ], [ -58.361672676858284, -34.647679201931332 ], [ -58.36180392839784, -34.647777177861215 ], [ -58.361805702216188, -34.647819410091174 ], [ -58.361826891878515, -34.647841743847721 ], [ -58.362390701632798, -34.648144872406633 ], [ -58.362399071992492, -34.648149339533553 ], [ -58.363080415132217, -34.648162136302446 ], [ -58.363082649195761, -34.64816197352453 ], [ -58.363912359174158, -34.648101516479045 ], [ -58.363923175755673, -34.648100815880881 ], [ -58.3639251744723, -34.648101425686747 ], [ -58.364338595853191, -34.648227559122326 ], [ -58.364340151160384, -34.648228938291119 ], [ -58.364554398433327, -34.648418921447679 ], [ -58.364637020341092, -34.648492186813982 ], [ -58.364901611259356, -34.648726809920213 ], [ -58.364950561718288, -34.648770215573734 ], [ -58.364976151086516, -34.648792907692687 ], [ -58.364976462921376, -34.648793082711045 ], [ -58.365002227760222, -34.648807543309985 ], [ -58.365066901052494, -34.648843841357731 ], [ -58.36509114974934, -34.648857451519859 ], [ -58.365134338742259, -34.648881691084775 ], [ -58.366146715470954, -34.649385736472254 ], [ -58.366240260826984, -34.649431470324608 ], [ -58.366977402186166, -34.649791845480699 ], [ -58.367073204100414, -34.649841394359676 ], [ -58.367623187326984, -34.650125843043966 ], [ -58.367624920610716, -34.650126739508636 ], [ -58.36765381444949, -34.650141683301158 ], [ -58.367654047990861, -34.650140352085216 ], [ -58.367685866550076, -34.649958981768101 ], [ -58.36786483934273, -34.649045543573166 ], [ -58.368081960108711, -34.647937375960062 ], [ -58.368125014463942, -34.647694168152341 ], [ -58.368160041104993, -34.647459292145491 ], [ -58.368178169323969, -34.647337728837869 ], [ -58.368277349212619, -34.646672237321958 ], [ -58.368310502462734, -34.646442895362249 ], [ -58.368342023184795, -34.646225594119194 ], [ -58.368362164186891, -34.646088834465743 ], [ -58.368396726788994, -34.64585415537622 ], [ -58.368426788257942, -34.645645937417328 ], [ -58.3685271071136, -34.644949813596149 ], [ -58.368559135618568, -34.644733850337566 ], [ -58.368586958339471, -34.644545631166807 ], [ -58.36865149836936, -34.644139058160256 ], [ -58.368697022498743, -34.643819232491303 ], [ -58.368740313926864, -34.643514545233479 ], [ -58.368827809468037, -34.642925664116468 ], [ -58.368971372392103, -34.641959288978917 ], [ -58.369065648668986, -34.641324920122798 ], [ -58.369096120609299, -34.641126913397777 ], [ -58.369250884750883, -34.640119841043564 ], [ -58.369295606226537, -34.63982881726691 ], [ -58.369361177598343, -34.639407526033288 ], [ -58.36939705393474, -34.639176002365652 ], [ -58.369536439024273, -34.638276172507027 ], [ -58.369575748641815, -34.638022397213554 ], [ -58.369628499947702, -34.637682050267443 ], [ -58.36967547788737, -34.637378947181027 ], [ -58.369809450110445, -34.636513830645868 ], [ -58.369922821737411, -34.635782150116711 ], [ -58.369955778095729, -34.635568722554517 ], [ -58.370111117429182, -34.63456207137272 ], [ -58.370235300793183, -34.633757229648879 ], [ -58.370252998570621, -34.633626044599971 ], [ -58.370284270315771, -34.633393248639656 ], [ -58.370340592439696, -34.63292997758257 ], [ -58.370364456408858, -34.632693584682187 ], [ -58.370440873477364, -34.631934128511531 ], [ -58.370457529017905, -34.631743294910883 ], [ -58.370538392873307, -34.630814050943727 ], [ -58.370589244793116, -34.630230487544672 ], [ -58.370616977985328, -34.629912223468082 ], [ -58.370619771513105, -34.629880159460797 ], [ -58.370636462109928, -34.629733551150949 ], [ -58.370663234060096, -34.62949785076114 ], [ -58.370663057596708, -34.62949767394926 ], [ -58.37046442630011, -34.629299049678529 ], [ -58.369635353670077, -34.628504182043969 ], [ -58.369579645312342, -34.62845112850141 ], [ -58.369449745775093, -34.628327418264334 ], [ -58.368096632250072, -34.627193681217115 ], [ -58.367950496367932, -34.627146665389162 ], [ -58.367983768429923, -34.627105775127319 ], [ -58.367983649604945, -34.627090486984549 ], [ -58.367982953415456, -34.627001266786586 ], [ -58.367971146321288, -34.625478213314089 ], [ -58.367976576732516, -34.6251997631352 ], [ -58.366493327352224, -34.625199651474141 ], [ -58.366493153977082, -34.625199647730909 ], [ -58.363460551945977, -34.625125657716545 ], [ -58.363460378561427, -34.625125662081736 ], [ -58.363360818620322, -34.625131004386432 ], [ -58.363260353546053, -34.625136395445573 ], [ -58.363201122687805, -34.625139575734678 ], [ -58.363078179306328, -34.625010766674492 ], [ -58.362935259696997, -34.624861026345506 ], [ -58.362836419466426, -34.624757468180874 ], [ -58.362656723017352, -34.624569193425785 ], [ -58.362605464681991, -34.624515488786564 ], [ -58.362498154721749, -34.62440305587112 ], [ -58.362468090013472, -34.624371555808317 ], [ -58.362445841901327, -34.624348244764448 ], [ -58.362423698349289, -34.624325043775983 ], [ -58.362336646744609, -34.624233835650479 ], [ -58.362021896242894, -34.623904054009934 ], [ -58.361996199411671, -34.623877129838164 ], [ -58.362007087157522, -34.623870028490877 ], [ -58.36197125869689, -34.623832488443888 ], [ -58.361969302084511, -34.623830438359533 ], [ -58.361948863136156, -34.623809023507683 ], [ -58.361929633022555, -34.623788875248451 ], [ -58.361929525415718, -34.623788762346408 ], [ -58.361928844565533, -34.623788047992463 ], [ -58.361875295861743, -34.623731941561033 ], [ -58.361793813671724, -34.62364656714437 ], [ -58.361783827292705, -34.62363610418231 ], [ -58.361666585000634, -34.623513261299323 ], [ -58.36165569727364, -34.623520361715237 ], [ -58.361629262321756, -34.623492663432572 ], [ -58.361603237947563, -34.623465396364388 ], [ -58.361592492566253, -34.623454137702439 ], [ -58.361575081336966, -34.623435894665967 ], [ -58.361557004623201, -34.623416954340946 ], [ -58.361440150017224, -34.623294516719866 ], [ -58.361291541394166, -34.623138807272014 ], [ -58.361278333839074, -34.623124967564372 ], [ -58.361273402786672, -34.623119801016038 ], [ -58.361239275305309, -34.623084042038101 ], [ -58.361238131843422, -34.623082843096135 ], [ -58.360974852017691, -34.622806981346201 ], [ -58.360957679500359, -34.622788988145892 ], [ -58.360878763055808, -34.622706299439443 ], [ -58.360663509954371, -34.622480755990047 ], [ -58.360663382541794, -34.622480622472899 ], [ -58.360392235304616, -34.622196511150769 ], [ -58.360380714889587, -34.622184440449431 ], [ -58.360169082456771, -34.621962686682643 ], [ -58.36012323208061, -34.621914643666827 ], [ -58.360122811528889, -34.621914202651638 ], [ -58.360035406756907, -34.621822617514567 ], [ -58.360032715995281, -34.621819798233439 ], [ -58.359870787314279, -34.621650123987571 ], [ -58.359869212907348, -34.621648474694744 ], [ -58.359518762221747, -34.621281256680163 ], [ -58.359507652553823, -34.62126961534986 ], [ -58.359460671549016, -34.621220386625957 ], [ -58.358273843022161, -34.619976742985088 ], [ -58.357397754183225, -34.61905868350803 ], [ -58.356534781688339, -34.618154342408722 ], [ -58.356521635686555, -34.618140566173402 ], [ -58.356044683675535, -34.617640738986857 ], [ -58.356039135743998, -34.617634924552313 ], [ -58.356029197735189, -34.617624509759473 ], [ -58.356022027560797, -34.61761699551176 ], [ -58.356016207552813, -34.617610896798965 ], [ -58.356003588961983, -34.617643182654227 ], [ -58.355960308973877, -34.617752415492873 ], [ -58.355894305631246, -34.617918997414435 ], [ -58.355856470937645, -34.618014485695461 ], [ -58.355814898287768, -34.618119409430761 ], [ -58.355630831883431, -34.618532295445839 ], [ -58.35550040975842, -34.618824847614647 ], [ -58.355433011751643, -34.618964741471515 ], [ -58.355400358397432, -34.61903251824166 ], [ -58.355217941785398, -34.619411144822877 ], [ -58.355212257654919, -34.619422942952085 ], [ -58.355206411665044, -34.619435077150911 ], [ -58.355145720969212, -34.619554501043851 ], [ -58.355145559185225, -34.619554817298479 ], [ -58.355070353246084, -34.61954751130245 ], [ -58.35505192843565, -34.619545721863282 ], [ -58.354821697964709, -34.619523356864519 ], [ -58.354293662065587, -34.619472064165286 ], [ -58.354277485329554, -34.619470492958492 ], [ -58.354255300373623, -34.619468337668053 ], [ -58.354255124836151, -34.619468329398387 ], [ -58.354254979733632, -34.619468524963146 ], [ -58.354254961122606, -34.619468550165074 ], [ -58.354079537552451, -34.619705364503503 ], [ -58.354079318004544, -34.619705660875645 ], [ -58.354079057589459, -34.619705521823967 ], [ -58.353962952735522, -34.619643657942774 ], [ -58.353919272709241, -34.619620383861196 ], [ -58.353896813892618, -34.619608417136988 ], [ -58.35375422103413, -34.619532438442391 ], [ -58.353598267862793, -34.619449340681605 ], [ -58.353523445200302, -34.6194094721452 ], [ -58.35352322180379, -34.619409423071801 ], [ -58.353523149798256, -34.619409406977219 ], [ -58.353523086601299, -34.619409373567848 ], [ -58.353523045167826, -34.619409386188067 ], [ -58.353523015718906, -34.619409395181648 ], [ -58.353090823671131, -34.619541482495322 ], [ -58.353031156246985, -34.619623546043812 ], [ -58.352938118390405, -34.619751507575309 ], [ -58.352938063865025, -34.619751512934492 ], [ -58.352936142856777, -34.619755468425893 ], [ -58.352919850952773, -34.61975768289463 ], [ -58.35275605886077, -34.619770496083348 ], [ -58.352698502985767, -34.619775295350834 ], [ -58.352589077560296, -34.619575543453053 ], [ -58.352580618385637, -34.619560101651707 ], [ -58.352571368153974, -34.619543215165436 ], [ -58.352571303753223, -34.619543155723811 ], [ -58.352571239622669, -34.619543096981808 ], [ -58.352571019663266, -34.61954289484536 ], [ -58.352570996819516, -34.619542854260771 ], [ -58.352570648933884, -34.619542947855287 ], [ -58.352570116599118, -34.619543091480445 ], [ -58.352569820954876, -34.619543171312429 ], [ -58.352553122643627, -34.619547672345334 ], [ -58.352220168698921, -34.619637424084367 ], [ -58.352219658225387, -34.619637561536649 ], [ -58.352210511703049, -34.619637154780563 ], [ -58.352173252896897, -34.61963550009385 ], [ -58.351983031633708, -34.619627049833717 ], [ -58.351923270152184, -34.619624394692217 ], [ -58.351922922590227, -34.619624196964118 ], [ -58.351786765818076, -34.619546571275748 ], [ -58.351689756030183, -34.619491266247813 ], [ -58.351677764579136, -34.619484429824716 ], [ -58.351655644013633, -34.619471819259438 ], [ -58.351522902436258, -34.619395165819853 ], [ -58.35151993493421, -34.61939345219195 ], [ -58.3514693332924, -34.619364231504001 ] ] ] } },
{ "type": "Feature", "properties": { "id": 7, "objeto": "BARRIO", "nombre": "Boedo", "comuna": 5, "perimetro_": 6602.51, "area_metro": 2609851.12 }, "geometry": { "type": "Polygon", "coordinates": [ [ [ -58.411782811125846, -34.630360270483472 ], [ -58.411782768114172, -34.630361050191752 ], [ -58.411654373885746, -34.631535369289146 ], [ -58.411642279818089, -34.631658625815795 ], [ -58.41163799768043, -34.631702265246048 ], [ -58.411524156291684, -34.632860028364306 ], [ -58.411524050933046, -34.632861101907842 ], [ -58.411481127158979, -34.632971930085979 ], [ -58.410990442838944, -34.634237648665376 ], [ -58.410883769355372, -34.634512817278093 ], [ -58.410568840839908, -34.635098883950484 ], [ -58.410492069227878, -34.635241810085347 ], [ -58.410515456344733, -34.635713725582988 ], [ -58.41070949083322, -34.636338463455999 ], [ -58.410930826220046, -34.637047438371724 ], [ -58.411005654901508, -34.63728571224938 ], [ -58.411263904263691, -34.638103577189355 ], [ -58.411629220316996, -34.638163310745931 ], [ -58.411883187305968, -34.63820475614839 ], [ -58.412074712221028, -34.638238387472192 ], [ -58.413195356141472, -34.638435163540379 ], [ -58.414556604868352, -34.638674097526405 ], [ -58.415847064556885, -34.638900594311608 ], [ -58.415921210369056, -34.638913607143415 ], [ -58.416093303507878, -34.638943810037361 ], [ -58.41613903072944, -34.63895183501225 ], [ -58.417089993767689, -34.639112552939629 ], [ -58.417261154870445, -34.639141490947203 ], [ -58.418442608154649, -34.639334019148301 ], [ -58.418451252719244, -34.639335427807978 ], [ -58.418452939724716, -34.63933570262499 ], [ -58.418453030238595, -34.639335717080954 ], [ -58.418459699889738, -34.639336823768645 ], [ -58.418461551614932, -34.639337105691411 ], [ -58.418467757882787, -34.639338117224284 ], [ -58.418468131873816, -34.639338178007812 ], [ -58.418483052442483, -34.639340609287821 ], [ -58.418519680307227, -34.639345954621241 ], [ -58.418625760134489, -34.639361436593845 ], [ -58.419180865989937, -34.639442538102251 ], [ -58.419298401085655, -34.639459710183466 ], [ -58.419537208693477, -34.639500852929395 ], [ -58.419759573567042, -34.639539172411652 ], [ -58.419952615924892, -34.639573566301095 ], [ -58.420920356995346, -34.639745981348653 ], [ -58.42092081392704, -34.639746062634927 ], [ -58.422309027653512, -34.639993370204564 ], [ -58.423494816779041, -34.640204609716719 ], [ -58.423762511712404, -34.639172856104523 ], [ -58.424046333297547, -34.638078712652245 ], [ -58.424280385065195, -34.637174976751893 ], [ -58.424318329061464, -34.637037351535866 ], [ -58.424388776327781, -34.636781838551954 ], [ -58.424522732783458, -34.636251171951798 ], [ -58.424528509340227, -34.636228285907933 ], [ -58.424676683364559, -34.635659032138079 ], [ -58.424862696291719, -34.634880773041196 ], [ -58.425185972136575, -34.633705511011208 ], [ -58.425225659217162, -34.633553127971204 ], [ -58.425459343012783, -34.632651783175085 ], [ -58.425531633742956, -34.632369689814034 ], [ -58.425689186649244, -34.631754661556279 ], [ -58.425755761093569, -34.631487989515229 ], [ -58.425805605779829, -34.631288566164734 ], [ -58.425854186243519, -34.631067471413246 ], [ -58.425856953084235, -34.631054876751385 ], [ -58.425935454702106, -34.630697613942793 ], [ -58.425982590916561, -34.630456428774856 ], [ -58.426018284140234, -34.630273902559161 ], [ -58.426215645567083, -34.629399305111427 ], [ -58.426253632467329, -34.629230934460466 ], [ -58.42631959308536, -34.628938162152053 ], [ -58.426355179152914, -34.628780209319814 ], [ -58.426458671788602, -34.628320846357568 ], [ -58.426504937653384, -34.628115505526843 ], [ -58.426758704696695, -34.627003035060817 ], [ -58.426822209569693, -34.626724669909073 ], [ -58.426974485151071, -34.62605217330092 ], [ -58.427014730977305, -34.625867843375296 ], [ -58.427043457126864, -34.62573627454654 ], [ -58.427178999556268, -34.625139477346977 ], [ -58.427240287546731, -34.624857167527544 ], [ -58.427464893998113, -34.623761024582201 ], [ -58.427494347963517, -34.623612228797519 ], [ -58.427798187928353, -34.622079200302956 ], [ -58.426617993722836, -34.621908427006581 ], [ -58.425166417119641, -34.621698472217979 ], [ -58.425087668802909, -34.621687077974876 ], [ -58.424291351989226, -34.621571856216882 ], [ -58.424280331960198, -34.621570696171545 ], [ -58.424058038621062, -34.621547297036038 ], [ -58.424043726875148, -34.621545790666815 ], [ -58.423746679172808, -34.621514614678951 ], [ -58.423721992899132, -34.621512024105982 ], [ -58.423704385082814, -34.621510172285333 ], [ -58.423523858399946, -34.621491184652072 ], [ -58.422245158118031, -34.621400515417569 ], [ -58.422215692508544, -34.621398425923083 ], [ -58.421451937995045, -34.62134422177143 ], [ -58.420976103099022, -34.621309480065278 ], [ -58.420500438744028, -34.621276778277441 ], [ -58.420241311437998, -34.621258377458531 ], [ -58.419429005630548, -34.621198157168557 ], [ -58.418068719910877, -34.621097236861189 ], [ -58.416513028352973, -34.620981859775029 ], [ -58.416108070867118, -34.620951773961252 ], [ -58.416105889118604, -34.620951587424798 ], [ -58.415096621651244, -34.620865180260573 ], [ -58.413826987939942, -34.620756501642326 ], [ -58.412547393108532, -34.620646961035654 ], [ -58.412440324181567, -34.62188798772624 ], [ -58.412359916674454, -34.62187316459169 ], [ -58.412045407018397, -34.622979384112405 ], [ -58.41233697069864, -34.623037464806508 ], [ -58.412223252751012, -34.62399714621592 ], [ -58.412130169767927, -34.624782680130977 ], [ -58.412097595669231, -34.624973795167413 ], [ -58.412068696783834, -34.625142658410667 ], [ -58.411993826013877, -34.62650905035494 ], [ -58.411975190144261, -34.626849070161711 ], [ -58.411965941614703, -34.627017839734393 ], [ -58.411934547500877, -34.627590727441046 ], [ -58.411877679472084, -34.628628390876699 ], [ -58.411845798928844, -34.629210003027929 ], [ -58.411789357162007, -34.630240721800689 ], [ -58.411782811125846, -34.630360270483472 ] ] ] } },
{ "type": "Feature", "properties": { "id": 8, "objeto": "BARRIO", "nombre": "Caballito", "comuna": 6, "perimetro_": 10990.96, "area_metro": 6851029.56 }, "geometry": { "type": "Polygon", "coordinates": [ [ [ -58.427798187928353, -34.622079200302956 ], [ -58.427494347963517, -34.623612228797519 ], [ -58.427464893998113, -34.623761024582201 ], [ -58.427240287546731, -34.624857167527544 ], [ -58.427178999556268, -34.625139477346977 ], [ -58.427043457126864, -34.62573627454654 ], [ -58.427014730977305, -34.625867843375296 ], [ -58.426974485151071, -34.62605217330092 ], [ -58.426822209569693, -34.626724669909073 ], [ -58.426758704696695, -34.627003035060817 ], [ -58.42708292615113, -34.627050456225568 ], [ -58.427512932075977, -34.627111876891526 ], [ -58.428162929634802, -34.627204717252958 ], [ -58.428369934149131, -34.627234283737494 ], [ -58.42963658799291, -34.627417459254836 ], [ -58.430936469958887, -34.627605418770031 ], [ -58.432336370466537, -34.627807826073749 ], [ -58.432547723131457, -34.627838372721556 ], [ -58.433820868395017, -34.628024675798038 ], [ -58.434765699748496, -34.628162930161437 ], [ -58.435649965493425, -34.628292289928162 ], [ -58.437171964142621, -34.628514951244867 ], [ -58.438595150124819, -34.628723137377818 ], [ -58.439529945665925, -34.628859874466073 ], [ -58.441761607341505, -34.629186277818199 ], [ -58.442927367872493, -34.629356691984924 ], [ -58.444479647338653, -34.629587647623559 ], [ -58.446062947170191, -34.629823024667431 ], [ -58.446425696967111, -34.629876949542961 ], [ -58.447515483058318, -34.630041111158015 ], [ -58.448224204264399, -34.630147892652268 ], [ -58.448442507148556, -34.630180764407342 ], [ -58.449055946034498, -34.630273134679044 ], [ -58.449360854341961, -34.63031795866145 ], [ -58.450499809362306, -34.630485268596892 ], [ -58.451578195709843, -34.630643688528863 ], [ -58.451997054831729, -34.629750056832563 ], [ -58.452104686697098, -34.629524219158256 ], [ -58.452570573514926, -34.628546503535802 ], [ -58.452670958464438, -34.628335876112736 ], [ -58.452672907652392, -34.628331933478954 ], [ -58.452673417037687, -34.628330899596548 ], [ -58.4528723214883, -34.627929340307681 ], [ -58.453438821338729, -34.626785783086014 ], [ -58.453939779736508, -34.625769120628647 ], [ -58.454019860599111, -34.625654537502669 ], [ -58.454032993809037, -34.625635745724139 ], [ -58.454576631542942, -34.624484646083559 ], [ -58.454776365929924, -34.62405170149421 ], [ -58.455050302853266, -34.623457906970962 ], [ -58.455559493729282, -34.622343490665237 ], [ -58.456077702193305, -34.621209212491287 ], [ -58.456624695009488, -34.620011975637013 ], [ -58.457226282479326, -34.618695230399098 ], [ -58.457296399922562, -34.618541780680033 ], [ -58.457767363434506, -34.617511015850326 ], [ -58.458200233802621, -34.616565600200921 ], [ -58.458500792526479, -34.615905462794885 ], [ -58.459034681789504, -34.614739481134322 ], [ -58.459449971836904, -34.61389068145688 ], [ -58.459545463696628, -34.61374695023683 ], [ -58.460037835880122, -34.612761246611036 ], [ -58.460486923187752, -34.611862020351616 ], [ -58.460554217613762, -34.611726104761281 ], [ -58.461076378452404, -34.610671170859355 ], [ -58.461642137185422, -34.609528065339447 ], [ -58.462194423492967, -34.608412140118652 ], [ -58.462706151952311, -34.60737818546292 ], [ -58.462511534237258, -34.607247197010274 ], [ -58.462152025772518, -34.607003035142547 ], [ -58.461624949782149, -34.606645104315007 ], [ -58.461542034011039, -34.606588796754153 ], [ -58.460514634290867, -34.605891091741789 ], [ -58.459655202477848, -34.605309229345316 ], [ -58.459514676368528, -34.605214223329078 ], [ -58.45878411059789, -34.604720109371726 ], [ -58.458475643600117, -34.604497063269704 ], [ -58.45808181449781, -34.604598035153366 ], [ -58.456565086222533, -34.604991487362803 ], [ -58.455805182805314, -34.605188629059569 ], [ -58.455526414814415, -34.605260936288666 ], [ -58.454984207834606, -34.605401959516527 ], [ -58.454003699943783, -34.605656963143119 ], [ -58.453071139391561, -34.60589949714835 ], [ -58.452960754570583, -34.605928290969594 ], [ -58.45243020767137, -34.606065641343058 ], [ -58.45201702965371, -34.606172436716029 ], [ -58.451509562039156, -34.606303587939188 ], [ -58.451051920043959, -34.606420022748111 ], [ -58.451015783185198, -34.606429220826321 ], [ -58.450990376393555, -34.60643568776814 ], [ -58.450740778223704, -34.606499217958323 ], [ -58.450657987954727, -34.606520265713854 ], [ -58.450239013235603, -34.606626913834774 ], [ -58.449292038131404, -34.606862798232434 ], [ -58.44906368321476, -34.606919744343031 ], [ -58.447042203272197, -34.607423301575203 ], [ -58.446249635039479, -34.607620731773437 ], [ -58.445679971023957, -34.607362548652851 ], [ -58.445133715893888, -34.60718021194922 ], [ -58.444169541365774, -34.606928019032388 ], [ -58.442982407051204, -34.606617470408203 ], [ -58.442826382985061, -34.60657659821387 ], [ -58.441602131397943, -34.606244199282472 ], [ -58.441467654912231, -34.606208611508784 ], [ -58.440337520328733, -34.605898751313873 ], [ -58.440144027191465, -34.605845685914559 ], [ -58.439287874778955, -34.605610938967494 ], [ -58.43920415657378, -34.605587963253505 ], [ -58.438513596197446, -34.605237144847173 ], [ -58.437977552944886, -34.604964819837079 ], [ -58.437191708988657, -34.60456555333019 ], [ -58.437177170644432, -34.604558166672469 ], [ -58.437059972380325, -34.604498585487072 ], [ -58.437055908888233, -34.604496519455765 ], [ -58.43705489191494, -34.60449603517349 ], [ -58.437027176396199, -34.604482847717613 ], [ -58.436854781641294, -34.604400818948967 ], [ -58.436618801065329, -34.604288534246606 ], [ -58.435340700284705, -34.603680279571371 ], [ -58.43515106544892, -34.603580095204478 ], [ -58.434974456084142, -34.603486741837152 ], [ -58.433916681794301, -34.602964795518837 ], [ -58.433868486084378, -34.602940980051493 ], [ -58.433336877719661, -34.602678593637329 ], [ -58.432332970179331, -34.603933291837258 ], [ -58.431532337717904, -34.604948875705936 ], [ -58.430671988778066, -34.60594640975917 ], [ -58.430608699695775, -34.607052112479245 ], [ -58.430562770262469, -34.607758659465212 ], [ -58.430552313523279, -34.607923870956633 ], [ -58.430515711347141, -34.60851872793139 ], [ -58.430476789035303, -34.608730270199779 ], [ -58.430416790133641, -34.609470405505682 ], [ -58.430373498317351, -34.6101768825378 ], [ -58.430333086825236, -34.610920402336852 ], [ -58.430321504749486, -34.611133571709239 ], [ -58.430257457400636, -34.611764759842139 ], [ -58.430235682679296, -34.611902290910344 ], [ -58.430130090701709, -34.613333056490355 ], [ -58.430088676347964, -34.614020167365204 ], [ -58.430031374266648, -34.615454043676067 ], [ -58.429255350056906, -34.615110514693477 ], [ -58.429221897461467, -34.615262198147285 ], [ -58.428795879070336, -34.6171918212994 ], [ -58.428591140786587, -34.618118958247585 ], [ -58.428590207751022, -34.618123476799404 ], [ -58.428553841141245, -34.618299583132455 ], [ -58.428320390207183, -34.619430023755442 ], [ -58.428286844627877, -34.619592410272652 ], [ -58.42828038348047, -34.619625322851007 ], [ -58.428071630943968, -34.620688629417202 ], [ -58.42794451483298, -34.621336065017559 ], [ -58.427845825042368, -34.62183850729086 ], [ -58.427798187928353, -34.622079200302956 ] ] ] } },
{ "type": "Feature", "properties": { "id": 9, "objeto": "BARRIO", "nombre": "Chacarita", "comuna": 15, "perimetro_": 7724.85, "area_metro": 3115707.4 }, "geometry": { "type": "Polygon", "coordinates": [ [ [ -58.460226666340127, -34.578301110897925 ], [ -58.460200392842282, -34.57830117062904 ], [ -58.460103976036145, -34.578301389893198 ], [ -58.459786422086424, -34.578320553588945 ], [ -58.459696907984927, -34.578325955928015 ], [ -58.45854032711722, -34.578395847110997 ], [ -58.457765851152594, -34.578442620081496 ], [ -58.457745603182481, -34.578443843297876 ], [ -58.457342699597646, -34.57855255877373 ], [ -58.457163725580315, -34.578600789703145 ], [ -58.457149543357822, -34.578604616442838 ], [ -58.45597288954054, -34.578922068753876 ], [ -58.455401308834517, -34.579076260718168 ], [ -58.454864377740208, -34.579248481814687 ], [ -58.453535577763837, -34.579674658777726 ], [ -58.45302273531032, -34.579839126828993 ], [ -58.452195184092496, -34.580104552090098 ], [ -58.452140875715699, -34.58012195366252 ], [ -58.45202446286698, -34.580159255667517 ], [ -58.451253959541283, -34.580406382656044 ], [ -58.451019793741132, -34.580481486818364 ], [ -58.451011863506096, -34.580484632896294 ], [ -58.450954655932478, -34.580507327719218 ], [ -58.450519447715223, -34.580679941040373 ], [ -58.450001228865126, -34.580885474658736 ], [ -58.449676581517537, -34.581014220983747 ], [ -58.449597699933435, -34.581045503330678 ], [ -58.449443917751118, -34.581102106296164 ], [ -58.449194256415829, -34.58119398071166 ], [ -58.448461872108197, -34.581463617440747 ], [ -58.44839570962192, -34.581487975805281 ], [ -58.448328132356224, -34.581512857688374 ], [ -58.448291872271767, -34.581526207850033 ], [ -58.448281945107041, -34.581529862809731 ], [ -58.448277353142501, -34.581531837267335 ], [ -58.448054152673578, -34.581627781631425 ], [ -58.447094829519109, -34.582040144790831 ], [ -58.446184107599386, -34.582431586030538 ], [ -58.445788395835194, -34.582601664867937 ], [ -58.44464496827613, -34.58309312185488 ], [ -58.444473973453611, -34.583166615821767 ], [ -58.444451033439229, -34.583176475673376 ], [ -58.444409366222253, -34.58319439046155 ], [ -58.444402238746825, -34.583197455104525 ], [ -58.444402696145474, -34.583199021851996 ], [ -58.444788089964234, -34.584519157278116 ], [ -58.444588211785494, -34.58467138375304 ], [ -58.443479737138766, -34.585406573926896 ], [ -58.442427707288729, -34.586104298599558 ], [ -58.441400102641403, -34.586785820809418 ], [ -58.441091800337333, -34.586990205454661 ], [ -58.440159136113465, -34.587606662332234 ], [ -58.439391686149506, -34.58811384770685 ], [ -58.438616987003421, -34.588625885421258 ], [ -58.438548263688631, -34.588667252280231 ], [ -58.438538419590337, -34.588673181654272 ], [ -58.438538896919589, -34.588673428741366 ], [ -58.438585782110131, -34.588697323281174 ], [ -58.438644313985044, -34.588727153330225 ], [ -58.450602703613001, -34.594404361805765 ], [ -58.450633204843356, -34.594426759035528 ], [ -58.450958963583034, -34.594665960752998 ], [ -58.451706570842411, -34.595214914296818 ], [ -58.451888539793295, -34.595342398099305 ], [ -58.452085752120183, -34.595481150819374 ], [ -58.452609268583878, -34.595849513897825 ], [ -58.45282206601879, -34.595994041297367 ], [ -58.453657170712354, -34.596561091730344 ], [ -58.453769404459877, -34.596639622604954 ], [ -58.453818283410158, -34.596673852542843 ], [ -58.454796716771114, -34.597358090244569 ], [ -58.455485973134834, -34.597840116317954 ], [ -58.45592235752644, -34.597700704185741 ], [ -58.456011242792762, -34.597672314707502 ], [ -58.456059473527652, -34.597656909557969 ], [ -58.456238233999962, -34.597595439389124 ], [ -58.456495856864649, -34.597506931595703 ], [ -58.457075144401522, -34.597307875162521 ], [ -58.457616105769695, -34.597121912770127 ], [ -58.457831655912244, -34.597044878902366 ], [ -58.457933214578524, -34.597008495670927 ], [ -58.457940154117694, -34.597006009851413 ], [ -58.457940945520079, -34.597005818784496 ], [ -58.458033274682407, -34.596983514389073 ], [ -58.458248529338697, -34.596931514990466 ], [ -58.459209929503906, -34.596699082126982 ], [ -58.459277121891127, -34.596682886690694 ], [ -58.460773409574379, -34.596596235191583 ], [ -58.461010157604186, -34.596582577896584 ], [ -58.461501832476216, -34.596552373136916 ], [ -58.461506478331074, -34.596552092862716 ], [ -58.462323684866988, -34.596516467983754 ], [ -58.462481829037735, -34.596509638162864 ], [ -58.462522259479229, -34.596507228022034 ], [ -58.463769379937553, -34.59643287752143 ], [ -58.463865271572864, -34.596434849428498 ], [ -58.464615540999333, -34.596483999146237 ], [ -58.465160766112724, -34.596581223143659 ], [ -58.465162873213764, -34.596581599004942 ], [ -58.465272561460722, -34.596607442881897 ], [ -58.46534137198109, -34.596617371826106 ], [ -58.465452064882889, -34.596624343332593 ], [ -58.465541693952773, -34.596651733259989 ], [ -58.465621583114718, -34.596709737435219 ], [ -58.465578289355491, -34.596563141629623 ], [ -58.465555912678902, -34.596487722684827 ], [ -58.465513305967768, -34.596344124971175 ], [ -58.465456157841345, -34.596151306191196 ], [ -58.46520033553486, -34.595341887446459 ], [ -58.465075193210332, -34.594906667769578 ], [ -58.464828228560442, -34.594047759805107 ], [ -58.464455572399395, -34.592799072422395 ], [ -58.464383340566116, -34.592557035439725 ], [ -58.464410674738474, -34.592472807973365 ], [ -58.465029585469523, -34.591941946962912 ], [ -58.465881188724559, -34.591213715832779 ], [ -58.466050494480051, -34.591092278626355 ], [ -58.46639434041122, -34.590867826669978 ], [ -58.466532126776734, -34.590777882629872 ], [ -58.466593777194113, -34.590740767557264 ], [ -58.466829638959702, -34.590598667711433 ], [ -58.465784518525332, -34.589609985498505 ], [ -58.464534842218427, -34.588427749818152 ], [ -58.463076131374237, -34.587070558764317 ], [ -58.462976775018774, -34.58698617890402 ], [ -58.461954349647108, -34.586117856724805 ], [ -58.46187191205059, -34.586047843943668 ], [ -58.461465547580318, -34.585838918937959 ], [ -58.460380575719334, -34.585533343699815 ], [ -58.460415692883558, -34.585408078956789 ], [ -58.460448053182404, -34.585293429313921 ], [ -58.460427280110778, -34.585208920260747 ], [ -58.460472414789187, -34.585041806185451 ], [ -58.460537387539468, -34.584949622570818 ], [ -58.460536309909287, -34.584051860220029 ], [ -58.46053498382868, -34.582955994256118 ], [ -58.460533742829107, -34.581859002216028 ], [ -58.460532416324781, -34.580777925541945 ], [ -58.460531090657135, -34.579672623765525 ], [ -58.460529518856909, -34.57830048444562 ], [ -58.460525036407368, -34.578300493358078 ], [ -58.460226666340127, -34.578301110897925 ] ] ] } },
{ "type": "Feature", "properties": { "id": 10, "objeto": "BARRIO", "nombre": "Coghlan", "comuna": 12, "perimetro_": 4627.56, "area_metro": 1279951.49 }, "geometry": { "type": "Polygon", "coordinates": [ [ [ -58.46918578969931, -34.558934831005139 ], [ -58.46893154692517, -34.559212172912375 ], [ -58.468466466317885, -34.559730444574726 ], [ -58.46774023393548, -34.560539787315179 ], [ -58.467038843370773, -34.561321377105322 ], [ -58.467685559876358, -34.561693617501696 ], [ -58.466915442145918, -34.562017522276804 ], [ -58.466491862186068, -34.562196481995343 ], [ -58.466577501847695, -34.562259861841966 ], [ -58.467542102791164, -34.56297400204182 ], [ -58.467650558422079, -34.563054352418995 ], [ -58.468611938124866, -34.563681229571117 ], [ -58.46961240766511, -34.564333660663209 ], [ -58.470440667151138, -34.564873766771314 ], [ -58.470651287795157, -34.565011081374259 ], [ -58.471372715074729, -34.565458158349252 ], [ -58.472421920613009, -34.566103872594667 ], [ -58.47295884559847, -34.566423235007925 ], [ -58.472989855381442, -34.56644167936269 ], [ -58.473534726418151, -34.566557805462629 ], [ -58.473608651520337, -34.56657226625196 ], [ -58.474595788789408, -34.56681680648164 ], [ -58.474663927163995, -34.566744063977289 ], [ -58.47466697453941, -34.566740810441914 ], [ -58.475124904535292, -34.56622484032976 ], [ -58.476191428604125, -34.566855308825332 ], [ -58.476357239677732, -34.566705851660117 ], [ -58.477178715534414, -34.565973914574755 ], [ -58.478149298727182, -34.565109063557948 ], [ -58.479119436932365, -34.56424455721988 ], [ -58.479313070190329, -34.564072063591475 ], [ -58.479056043770115, -34.563938290887997 ], [ -58.479542602981091, -34.563776603808208 ], [ -58.47972271923264, -34.563702211910233 ], [ -58.479911258998868, -34.563610776203795 ], [ -58.480069236273962, -34.563513499548272 ], [ -58.480375486216062, -34.563322537364627 ], [ -58.480226564425294, -34.563242010107359 ], [ -58.480977781219579, -34.562648870381437 ], [ -58.481158790036574, -34.562505949660874 ], [ -58.483560693641742, -34.559110690163635 ], [ -58.483408731670657, -34.559037755461716 ], [ -58.482447486077334, -34.558500785646046 ], [ -58.481537416038584, -34.557992251472498 ], [ -58.480806644415324, -34.557583828224317 ], [ -58.480629486221773, -34.557484484494267 ], [ -58.480526903824732, -34.557426962613128 ], [ -58.479722418289512, -34.556976288735221 ], [ -58.479355508843312, -34.556770699067449 ], [ -58.47881808661473, -34.556469635401562 ], [ -58.477911295697339, -34.555961636997857 ], [ -58.476991832545984, -34.555446520059832 ], [ -58.476081658776067, -34.554936536932367 ], [ -58.475177456231016, -34.554429926754722 ], [ -58.474253429806623, -34.55391218347193 ], [ -58.473930469391817, -34.553731222128256 ], [ -58.473587593049267, -34.553540261146637 ], [ -58.472985138764926, -34.554329201728464 ], [ -58.472985116978052, -34.554329230575931 ], [ -58.472744460854408, -34.554644439581793 ], [ -58.472450927811735, -34.555023062207013 ], [ -58.471851430394125, -34.555796503920618 ], [ -58.471557463770345, -34.556169348901228 ], [ -58.470873603514669, -34.557036526429535 ], [ -58.470069966408303, -34.557950748666286 ], [ -58.469651203254436, -34.558427120360591 ], [ -58.46918578969931, -34.558934831005139 ] ] ] } },
{ "type": "Feature", "properties": { "id": 11, "objeto": "BARRIO", "nombre": "Colegiales", "comuna": 13, "perimetro_": 6374.62, "area_metro": 2289774.32 }, "geometry": { "type": "Polygon", "coordinates": [ [ [ -58.449046761194452, -34.567859827048814 ], [ -58.448645070930922, -34.568074220017792 ], [ -58.4481355929735, -34.568334586426801 ], [ -58.447044597635823, -34.568892132867177 ], [ -58.446693559140755, -34.569071596712725 ], [ -58.44649935138748, -34.569166923997038 ], [ -58.445707444748642, -34.569555764688602 ], [ -58.444888199884126, -34.569958046287994 ], [ -58.444113138123555, -34.570338639179845 ], [ -58.443830118301783, -34.570477610618795 ], [ -58.443642289450857, -34.570569765836325 ], [ -58.442958828221208, -34.570921210326773 ], [ -58.442546722017802, -34.571133046566949 ], [ -58.442206051780346, -34.571308203000498 ], [ -58.441946522436758, -34.571451189060525 ], [ -58.44074720899485, -34.572112113951889 ], [ -58.441705678478996, -34.573079911899001 ], [ -58.442423033539981, -34.573804065116782 ], [ -58.443141679006359, -34.574529623177071 ], [ -58.443546104930284, -34.574937916399278 ], [ -58.443974225584341, -34.575370125943124 ], [ -58.443756787035248, -34.57550977902202 ], [ -58.442921735548246, -34.576046095554624 ], [ -58.442730481082044, -34.576168953083688 ], [ -58.442568016861919, -34.576285360993673 ], [ -58.44188079335612, -34.576777762556979 ], [ -58.441816755510914, -34.576823667235594 ], [ -58.440891180524638, -34.577802181577212 ], [ -58.440223153694063, -34.578330110502804 ], [ -58.43994155146995, -34.578552652291499 ], [ -58.440535783125064, -34.579105591779999 ], [ -58.441545849305072, -34.580045512095516 ], [ -58.441580372766715, -34.580077638737045 ], [ -58.442285069052559, -34.580733401251592 ], [ -58.442511928976494, -34.580944499830338 ], [ -58.44342564986102, -34.581794752848182 ], [ -58.44343418819475, -34.581802697597084 ], [ -58.443763954142291, -34.582233421122559 ], [ -58.443782159323064, -34.582257199123084 ], [ -58.444451017095986, -34.583176453135245 ], [ -58.444451033439229, -34.583176475673376 ], [ -58.444473973453611, -34.583166615821767 ], [ -58.44464496827613, -34.58309312185488 ], [ -58.445788395835194, -34.582601664867937 ], [ -58.446184107599386, -34.582431586030538 ], [ -58.447094829519109, -34.582040144790831 ], [ -58.448054152673578, -34.581627781631425 ], [ -58.448277353142501, -34.581531837267335 ], [ -58.448281945107041, -34.581529862809731 ], [ -58.448291872271767, -34.581526207850033 ], [ -58.448328132356224, -34.581512857688374 ], [ -58.44839570962192, -34.581487975805281 ], [ -58.448461872108197, -34.581463617440747 ], [ -58.449194256415829, -34.58119398071166 ], [ -58.449443917751118, -34.581102106296164 ], [ -58.449597699933435, -34.581045503330678 ], [ -58.449676581517537, -34.581014220983747 ], [ -58.450001228865126, -34.580885474658736 ], [ -58.450519447715223, -34.580679941040373 ], [ -58.450954655932478, -34.580507327719218 ], [ -58.451011863506096, -34.580484632896294 ], [ -58.451019793741132, -34.580481486818364 ], [ -58.451253959541283, -34.580406382656044 ], [ -58.45202446286698, -34.580159255667517 ], [ -58.452140875715699, -34.58012195366252 ], [ -58.452195184092496, -34.580104552090098 ], [ -58.45302273531032, -34.579839126828993 ], [ -58.453535577763837, -34.579674658777726 ], [ -58.454864377740208, -34.579248481814687 ], [ -58.455401308834517, -34.579076260718168 ], [ -58.45597288954054, -34.578922068753876 ], [ -58.457149543357822, -34.578604616442838 ], [ -58.457163725580315, -34.578600789703145 ], [ -58.457342699597646, -34.57855255877373 ], [ -58.457745603182481, -34.578443843297876 ], [ -58.457765851152594, -34.578442620081496 ], [ -58.45854032711722, -34.578395847110997 ], [ -58.459696907984927, -34.578325955928015 ], [ -58.459786422086424, -34.578320553588945 ], [ -58.460103976036145, -34.578301389893198 ], [ -58.460200392842282, -34.57830117062904 ], [ -58.460226666340127, -34.578301110897925 ], [ -58.460548772390382, -34.577948788211174 ], [ -58.460634404597101, -34.577859319995405 ], [ -58.461607027632766, -34.576843151856131 ], [ -58.462248822677473, -34.57617257835102 ], [ -58.462377817987189, -34.576037792760197 ], [ -58.463188835027395, -34.575111026455005 ], [ -58.463357270753782, -34.575014325093214 ], [ -58.462904843233758, -34.574598753441471 ], [ -58.462524276217415, -34.574208109507786 ], [ -58.461732078112568, -34.573438157555309 ], [ -58.46138066625322, -34.573097416930011 ], [ -58.460884557453895, -34.572616366352065 ], [ -58.460263506506294, -34.572014297752041 ], [ -58.459681284816014, -34.571446876131709 ], [ -58.458796006250132, -34.570586547457339 ], [ -58.457986510069745, -34.569799738654368 ], [ -58.457711546291065, -34.569532466786391 ], [ -58.457630023875744, -34.569004071714076 ], [ -58.457477031565922, -34.569115264560089 ], [ -58.456577557388435, -34.568588939936333 ], [ -58.456314545484972, -34.568435005575047 ], [ -58.455678518423227, -34.568062749289687 ], [ -58.454789111026301, -34.567542256881076 ], [ -58.453936673062969, -34.567043392343216 ], [ -58.453877922599112, -34.567009010085741 ], [ -58.453751890993807, -34.566938014687032 ], [ -58.452289750658643, -34.56611435102797 ], [ -58.451720528505199, -34.566415783499508 ], [ -58.451586352962707, -34.566486828424758 ], [ -58.450951527164584, -34.566833580158892 ], [ -58.450782741195994, -34.566925771782955 ], [ -58.450165232885958, -34.567262967849508 ], [ -58.449932293730143, -34.56738731159502 ], [ -58.449046761194452, -34.567859827048814 ] ] ] } },
{ "type": "Feature", "properties": { "id": 12, "objeto": "BARRIO", "nombre": "Constitucion", "comuna": 1, "perimetro_": 6326.84, "area_metro": 2101995.2 }, "geometry": { "type": "Polygon", "coordinates": [ [ [ -58.37557794412637, -34.627305912484928 ], [ -58.376609120682147, -34.627868491861953 ], [ -58.377724275744605, -34.628476885513464 ], [ -58.377936777968507, -34.628614923412485 ], [ -58.378574135072995, -34.629029068121255 ], [ -58.378722701055295, -34.62912560310513 ], [ -58.379049190418385, -34.629337746977214 ], [ -58.378966237513715, -34.629564381801465 ], [ -58.378633309445156, -34.630483417826639 ], [ -58.378633300690922, -34.630483447567336 ], [ -58.378626131247934, -34.630503215186138 ], [ -58.378626122498268, -34.630503240419742 ], [ -58.378634967714675, -34.630519225990042 ], [ -58.379124247622023, -34.631403412666877 ], [ -58.379475684850064, -34.632038490558593 ], [ -58.379522417931462, -34.632146335761398 ], [ -58.379530509310804, -34.632165007902316 ], [ -58.379514867131, -34.632215631575363 ], [ -58.379582433842081, -34.632296242148357 ], [ -58.379640553118392, -34.632366283394653 ], [ -58.380012370042564, -34.632586334002426 ], [ -58.38009694326454, -34.632636386186185 ], [ -58.380118140972399, -34.632738092236131 ], [ -58.380148037958705, -34.633035417169253 ], [ -58.380148089788285, -34.633035934618107 ], [ -58.381254835370264, -34.633074279360862 ], [ -58.381254946548253, -34.63307428321226 ], [ -58.381255901353036, -34.633051776373392 ], [ -58.381269145476423, -34.632739582099198 ], [ -58.381269151748157, -34.632739434259165 ], [ -58.38127929874917, -34.632500244607769 ], [ -58.38128521214712, -34.632360850689594 ], [ -58.381294571781531, -34.632089294166583 ], [ -58.381302298646915, -34.631865108738275 ], [ -58.381311702654898, -34.631592261407391 ], [ -58.381312005750374, -34.631583467382228 ], [ -58.381335591745867, -34.630899123433515 ], [ -58.38133726434333, -34.630850598544441 ], [ -58.381337272058971, -34.630850378600677 ], [ -58.381337292131796, -34.630849799901192 ], [ -58.381337305864974, -34.630849394278179 ], [ -58.381337474771726, -34.630849518787322 ], [ -58.381337676310174, -34.630849619127517 ], [ -58.381337857246244, -34.630849709390866 ], [ -58.381338017579935, -34.630849789577347 ], [ -58.381407731595857, -34.630901019795921 ], [ -58.381662619251706, -34.631089307212513 ], [ -58.381737655326148, -34.631144736284249 ], [ -58.382184394827831, -34.631417754599731 ], [ -58.382627304386183, -34.631688429302855 ], [ -58.383396204704034, -34.632224785746125 ], [ -58.383994634958164, -34.632401023021224 ], [ -58.385357793296578, -34.63280618911709 ], [ -58.385421471628213, -34.632825115503465 ], [ -58.385920251130905, -34.632970020465336 ], [ -58.386524408345053, -34.633145536662894 ], [ -58.387272255210284, -34.633360020513152 ], [ -58.387631044321338, -34.633455948908207 ], [ -58.387656919951915, -34.633462867110723 ], [ -58.388465509564888, -34.633689419009414 ], [ -58.388526509532205, -34.63370650980778 ], [ -58.388544312486815, -34.633711497782151 ], [ -58.388561248812636, -34.633716243306218 ], [ -58.388638977950428, -34.633734103140469 ], [ -58.388644738317034, -34.633735426698408 ], [ -58.388768070304998, -34.633763764581353 ], [ -58.389519799994247, -34.633936336433663 ], [ -58.390356970268883, -34.634128602067136 ], [ -58.390531025540049, -34.63267045264427 ], [ -58.390561492571855, -34.63241596101912 ], [ -58.390666628261258, -34.631534184060015 ], [ -58.390787210390485, -34.630522695746507 ], [ -58.390894229654272, -34.629625003998939 ], [ -58.390929498183944, -34.629332697817901 ], [ -58.391065681131707, -34.628203822833996 ], [ -58.391174186861434, -34.627257398001589 ], [ -58.391190639524922, -34.627048461689697 ], [ -58.391223022062078, -34.626637138433985 ], [ -58.391246630168041, -34.626337219858407 ], [ -58.39133337045844, -34.62523303349473 ], [ -58.391407532888131, -34.62429031959315 ], [ -58.391435731407483, -34.623992939260198 ], [ -58.391448460442803, -34.623717781485226 ], [ -58.391455820479891, -34.623558691721719 ], [ -58.39146177383774, -34.62342998975501 ], [ -58.391492866334808, -34.62273831063446 ], [ -58.391558108999199, -34.621564461750374 ], [ -58.391614851135095, -34.620544387022242 ], [ -58.391614867771317, -34.620544060718281 ], [ -58.391627065042677, -34.620229134541923 ], [ -58.391670360127257, -34.619113934786 ], [ -58.391701417107221, -34.61816380098751 ], [ -58.391415383986249, -34.618149406572286 ], [ -58.391124359622147, -34.618132197005941 ], [ -58.391110864024526, -34.618131399377084 ], [ -58.390330376728876, -34.61808524116578 ], [ -58.390128247216516, -34.61807328896267 ], [ -58.388968883729675, -34.618001882511429 ], [ -58.387741804837397, -34.617926338788521 ], [ -58.387552068929665, -34.617917967726974 ], [ -58.387464971545391, -34.617914124948605 ], [ -58.387292355562018, -34.617906498781288 ], [ -58.387207898908017, -34.617902767437876 ], [ -58.385878920405162, -34.617853620575588 ], [ -58.385577212717187, -34.617842443126996 ], [ -58.384322595671883, -34.617798537771364 ], [ -58.383307846743492, -34.617762946599299 ], [ -58.383018844651488, -34.617739024180381 ], [ -58.382851473432446, -34.617725181695988 ], [ -58.382696544951727, -34.617717256910474 ], [ -58.38178725288838, -34.617670742531303 ], [ -58.381516037033805, -34.61766584207821 ], [ -58.381137832594405, -34.617658967918352 ], [ -58.380688671316797, -34.617650848372186 ], [ -58.380279376533316, -34.617643457416726 ], [ -58.380048023989389, -34.617639285732047 ], [ -58.379868386717888, -34.617626979422639 ], [ -58.378953502351237, -34.617564659847453 ], [ -58.378777952647901, -34.617552777524295 ], [ -58.377362998907635, -34.617456857779494 ], [ -58.377353458198442, -34.617622135345542 ], [ -58.377311450938059, -34.618460355537309 ], [ -58.377308539136955, -34.61855817101079 ], [ -58.377273001841289, -34.619728583032753 ], [ -58.377270267601965, -34.619819074578977 ], [ -58.377229545769133, -34.6208128604435 ], [ -58.377233301097419, -34.620888850014644 ], [ -58.377239392086864, -34.621011261608295 ], [ -58.377239559799435, -34.621014630329505 ], [ -58.377216415711857, -34.62189708963912 ], [ -58.377203543096435, -34.622070744310278 ], [ -58.37714931184248, -34.622804460935704 ], [ -58.377136829885195, -34.62297333833029 ], [ -58.377108162233654, -34.623361185024535 ], [ -58.37708783705925, -34.623491806057146 ], [ -58.377070257089819, -34.623604892825973 ], [ -58.376997909759659, -34.623952848740132 ], [ -58.376755531140581, -34.625118560885241 ], [ -58.376229551963348, -34.62627390311426 ], [ -58.376181482534882, -34.626366912280055 ], [ -58.376181235592561, -34.626367390756776 ], [ -58.375947033167357, -34.626742467428784 ], [ -58.375698013757294, -34.627141269127335 ], [ -58.37569712899306, -34.627142686422594 ], [ -58.37557794412637, -34.627305912484928 ] ] ] } },
{ "type": "Feature", "properties": { "id": 13, "objeto": "BARRIO", "nombre": "Flores", "comuna": 7, "perimetro_": 15772.44, "area_metro": 8590784.94 }, "geometry": { "type": "Polygon", "coordinates": [ [ [ -58.451578195709843, -34.630643688528863 ], [ -58.45323468568408, -34.631144475870158 ], [ -58.454379774338605, -34.631505131229225 ], [ -58.453943380328283, -34.632394333630479 ], [ -58.453871969042943, -34.632538907414741 ], [ -58.453385882915327, -34.633523174521571 ], [ -58.453324353539493, -34.633647818419959 ], [ -58.452900977204621, -34.634508073327382 ], [ -58.452417936226567, -34.635489801729122 ], [ -58.452049591463911, -34.636238297016718 ], [ -58.452003454768949, -34.636332048244498 ], [ -58.451925423704772, -34.636490611075672 ], [ -58.451924122275535, -34.636493254810595 ], [ -58.451602551064333, -34.637146701261173 ], [ -58.451442785207242, -34.637471349179293 ], [ -58.451304511578002, -34.637516542618265 ], [ -58.45088631941001, -34.637801371949124 ], [ -58.450548367553964, -34.638031547232181 ], [ -58.450324214101528, -34.638187016191459 ], [ -58.449560790094047, -34.638695318125684 ], [ -58.449556780494206, -34.63869836265971 ], [ -58.449409363141108, -34.638810301917836 ], [ -58.448128734535942, -34.639782905010357 ], [ -58.447340897199062, -34.640381260310157 ], [ -58.44715290473593, -34.640524969127597 ], [ -58.446206183487533, -34.641250176546478 ], [ -58.446056053032244, -34.641363879901412 ], [ -58.445311040905736, -34.641932540732491 ], [ -58.445253587147349, -34.6420440121951 ], [ -58.44424608651493, -34.642811119164534 ], [ -58.443599432414025, -34.642231289535687 ], [ -58.443314447433821, -34.641975751157176 ], [ -58.443080088246369, -34.641782048649475 ], [ -58.44295410043636, -34.64199541005236 ], [ -58.442441580261708, -34.642660117916314 ], [ -58.442390950323166, -34.642725814370316 ], [ -58.441477377361174, -34.643582773900221 ], [ -58.440747630910863, -34.644267224184823 ], [ -58.440627453545332, -34.644379456124227 ], [ -58.440524153123611, -34.644475987530271 ], [ -58.440186548379309, -34.644791349247718 ], [ -58.439872635077606, -34.645084601035251 ], [ -58.439654779025901, -34.645288504305988 ], [ -58.439120275595783, -34.645788967361035 ], [ -58.438852978955019, -34.646039127223851 ], [ -58.437872507963831, -34.646956961691757 ], [ -58.43742459106528, -34.647356519034055 ], [ -58.435014960036078, -34.646280975622098 ], [ -58.43492550133184, -34.646241024833159 ], [ -58.434602262650287, -34.646577905546103 ], [ -58.434504828668423, -34.646679450475276 ], [ -58.433767568280608, -34.647254745015488 ], [ -58.432969460712215, -34.647878594491189 ], [ -58.432956732566439, -34.647888534822286 ], [ -58.432842626620221, -34.647977648255655 ], [ -58.43261471904551, -34.64815970856349 ], [ -58.432103050236925, -34.648568440035795 ], [ -58.432034205791361, -34.648623433909627 ], [ -58.431964405549067, -34.648679191961946 ], [ -58.431793296478951, -34.648815864431356 ], [ -58.431151621501094, -34.649328392779566 ], [ -58.431134302630028, -34.649342225835461 ], [ -58.430902022635173, -34.649527753533569 ], [ -58.430899804516763, -34.649529525192705 ], [ -58.430838886411252, -34.649578181755345 ], [ -58.430818766592004, -34.649594251333042 ], [ -58.430767036760273, -34.649632316020337 ], [ -58.430592028710947, -34.649761093136185 ], [ -58.430506649927707, -34.649823845651404 ], [ -58.430503943563053, -34.649825834786469 ], [ -58.430494221186535, -34.649832980577749 ], [ -58.430474557057472, -34.649847433392033 ], [ -58.430432458920855, -34.649878374808424 ], [ -58.430439538870523, -34.649884352196814 ], [ -58.430442655846285, -34.649886983765221 ], [ -58.430442942343554, -34.649887225646161 ], [ -58.430549565802728, -34.649977244459649 ], [ -58.430563783467868, -34.649989247962729 ], [ -58.430662855099172, -34.650072890711954 ], [ -58.430711476180981, -34.650113939717158 ], [ -58.430985583454927, -34.650345357361957 ], [ -58.431004879238408, -34.650361347448921 ], [ -58.432029747131978, -34.65121062474234 ], [ -58.432033245378584, -34.651213523589824 ], [ -58.432050464702456, -34.651227252946342 ], [ -58.432744563793825, -34.65178065145632 ], [ -58.43299314820959, -34.651978842652284 ], [ -58.432998508116306, -34.651983052502459 ], [ -58.433336836919331, -34.65224878592884 ], [ -58.433641386699925, -34.652487986051803 ], [ -58.433680528975174, -34.652518729103683 ], [ -58.433702563514281, -34.652536184822317 ], [ -58.43443587935198, -34.653117109717876 ], [ -58.435063369733626, -34.653614183038052 ], [ -58.436023519428716, -34.654374785250404 ], [ -58.437100133353454, -34.65510558881126 ], [ -58.437313147479514, -34.655270320583369 ], [ -58.437588890212901, -34.655483561201407 ], [ -58.43773478192189, -34.655596383104729 ], [ -58.438007702623153, -34.655807438580553 ], [ -58.438086950520706, -34.655747549710476 ], [ -58.438420260266, -34.655495656678951 ], [ -58.438847845239074, -34.655106304271584 ], [ -58.439488254341846, -34.654607554974511 ], [ -58.44040559363463, -34.653893077594844 ], [ -58.440555958302646, -34.653775952569454 ], [ -58.441535240667896, -34.653013137897048 ], [ -58.441633604002078, -34.652936535172458 ], [ -58.44265420253349, -34.652141629344683 ], [ -58.442750099245288, -34.652066933585367 ], [ -58.442785984604491, -34.65203803305949 ], [ -58.442790479546204, -34.652034412832549 ], [ -58.442824935661349, -34.652006664062711 ], [ -58.442903526949053, -34.651944398487899 ], [ -58.442905136173366, -34.651943122353742 ], [ -58.442910425337828, -34.651938931659586 ], [ -58.4429536405165, -34.651901755518693 ], [ -58.443007424087043, -34.651851974835743 ], [ -58.443062149138406, -34.651792406723118 ], [ -58.443113720569301, -34.651728681639618 ], [ -58.443159158169777, -34.651661576116595 ], [ -58.44320672978553, -34.651578766478458 ], [ -58.443245011955092, -34.651497011751331 ], [ -58.443254699824628, -34.651471709728384 ], [ -58.443268120503745, -34.651436663121963 ], [ -58.443297371694058, -34.651347019512535 ], [ -58.443325955196173, -34.651193994601179 ], [ -58.443523493889856, -34.651171350805853 ], [ -58.444408154941804, -34.65106980065697 ], [ -58.44462216107317, -34.650952156612398 ], [ -58.444952617158464, -34.651014460298427 ], [ -58.447668541314258, -34.651129873663685 ], [ -58.448829954980717, -34.651179209028633 ], [ -58.449133859211592, -34.651169885322183 ], [ -58.451035538034184, -34.651111523788323 ], [ -58.451036010342619, -34.651111509413198 ], [ -58.451538653352216, -34.651096078932113 ], [ -58.451974341863405, -34.651082701714586 ], [ -58.451976349991128, -34.651082639703468 ], [ -58.452858492072615, -34.650998813828949 ], [ -58.4533401773609, -34.65095303880841 ], [ -58.453822594040901, -34.650907161884568 ], [ -58.454637785811585, -34.650827221941711 ], [ -58.454701408043796, -34.651158355809535 ], [ -58.454734644808624, -34.651331070142966 ], [ -58.45475407432194, -34.651432033577194 ], [ -58.45476630964086, -34.651495615731008 ], [ -58.45479976794504, -34.651776747719907 ], [ -58.454818202196975, -34.651841222697485 ], [ -58.454862042812813, -34.651994569915999 ], [ -58.454925027741673, -34.652129300610888 ], [ -58.454943494126084, -34.652168801872371 ], [ -58.455006812886303, -34.652239971086679 ], [ -58.455063296518226, -34.652303458850788 ], [ -58.455251572942423, -34.652470582895397 ], [ -58.455251727821931, -34.652470720822038 ], [ -58.455298427297699, -34.652512179056266 ], [ -58.455325917360923, -34.652536576744509 ], [ -58.45532595117291, -34.652536604690596 ], [ -58.455334329992105, -34.65254362094884 ], [ -58.455477055902428, -34.652663119917221 ], [ -58.455547875836942, -34.652722406877672 ], [ -58.456996602451845, -34.653935275185653 ], [ -58.457114367662847, -34.654054507704529 ], [ -58.457615564465172, -34.654487437286605 ], [ -58.45801900431551, -34.654835922396671 ], [ -58.458336858874773, -34.655110476809284 ], [ -58.458338744821283, -34.655112105741715 ], [ -58.458585022098639, -34.655310245475818 ], [ -58.458927342272816, -34.655585652910723 ], [ -58.459201721862712, -34.655771270843466 ], [ -58.459252671602243, -34.655816587539356 ], [ -58.459672866992669, -34.656190327985385 ], [ -58.460296726538154, -34.656711984283668 ], [ -58.460347652456683, -34.65675456742693 ], [ -58.460370894387793, -34.656777995739183 ], [ -58.460399534762821, -34.656806866013937 ], [ -58.460403038457073, -34.656810397835784 ], [ -58.460403133357829, -34.65681049338793 ], [ -58.460413151997876, -34.656802974029425 ], [ -58.460414638904567, -34.656801882488033 ], [ -58.460905047965696, -34.656441890817597 ], [ -58.461113996028523, -34.656288139632949 ], [ -58.461305660041326, -34.656133093374031 ], [ -58.461477930225229, -34.655985020763211 ], [ -58.461493156477125, -34.655971246479581 ], [ -58.461629409759908, -34.655824121399476 ], [ -58.462032559413728, -34.655482343330107 ], [ -58.462197670972841, -34.655343886800836 ], [ -58.462507851581456, -34.65508378070497 ], [ -58.462531755097544, -34.6550637361076 ], [ -58.462574059918623, -34.655028260304526 ], [ -58.462868178890353, -34.654799924432545 ], [ -58.463534413024291, -34.654282694288973 ], [ -58.463678349319622, -34.654183538337968 ], [ -58.463767574391063, -34.654096987817454 ], [ -58.463940058605964, -34.653961352098804 ], [ -58.464594285221828, -34.653537893917381 ], [ -58.465023612091187, -34.653216969691456 ], [ -58.465427799370232, -34.652900624466078 ], [ -58.46568540957761, -34.652682307884305 ], [ -58.46584208428748, -34.652546511102841 ], [ -58.466377361985408, -34.652083062524568 ], [ -58.466454919702272, -34.652007341701591 ], [ -58.466519029597329, -34.651948130595962 ], [ -58.466630277194227, -34.651792984205834 ], [ -58.466976817491869, -34.651518288811715 ], [ -58.467009823392019, -34.65149212604873 ], [ -58.467034649792538, -34.651472447404537 ], [ -58.466821246004102, -34.651188026711111 ], [ -58.466299262206491, -34.650528949492539 ], [ -58.465960523765773, -34.650116395919987 ], [ -58.465797290281643, -34.649911376118844 ], [ -58.465713933350877, -34.64980255355821 ], [ -58.465623665403641, -34.649686901048092 ], [ -58.465283852802663, -34.649274504207931 ], [ -58.464411231392504, -34.648158129598315 ], [ -58.464408102017359, -34.648154550106419 ], [ -58.463886584338411, -34.647558316121575 ], [ -58.46335859841593, -34.646832076800386 ], [ -58.463000236860609, -34.646174489260019 ], [ -58.463055074689038, -34.646141649007546 ], [ -58.463170123062525, -34.646072750379993 ], [ -58.463417734918778, -34.645924463908393 ], [ -58.464120043629663, -34.645392132856514 ], [ -58.464697086283117, -34.644954659708191 ], [ -58.46486733435372, -34.644850572053727 ], [ -58.465086748719706, -34.6447163428072 ], [ -58.465432537196108, -34.64444242040026 ], [ -58.465597574530257, -34.644311682348267 ], [ -58.466709273190837, -34.643431155902562 ], [ -58.466851311513189, -34.64331861636348 ], [ -58.46799084591202, -34.642421598488248 ], [ -58.469243330807224, -34.641401323639812 ], [ -58.469293935116298, -34.641284911352557 ], [ -58.469906461112558, -34.639875782768371 ], [ -58.469972056941401, -34.639724862228555 ], [ -58.47001122826736, -34.639634354245885 ], [ -58.470376021396383, -34.638791450438134 ], [ -58.470442978462003, -34.638636727363235 ], [ -58.470809792288748, -34.637791837982959 ], [ -58.471224555644554, -34.636836450379953 ], [ -58.471303862722557, -34.636659753938936 ], [ -58.47175686440962, -34.635649572793604 ], [ -58.472281151953304, -34.634480439447692 ], [ -58.472875184276717, -34.63315587394861 ], [ -58.473484698543572, -34.631796514659072 ], [ -58.474104503333386, -34.630442995903685 ], [ -58.474161745149352, -34.630317924482114 ], [ -58.474164928876135, -34.630310968068606 ], [ -58.474254574948695, -34.630115091718451 ], [ -58.474554544558714, -34.629459564901097 ], [ -58.474990949449911, -34.628506063178101 ], [ -58.475469500410277, -34.62746044140215 ], [ -58.476037290454961, -34.626219876513275 ], [ -58.476490948699336, -34.625228478682168 ], [ -58.476951323860206, -34.624222431095745 ], [ -58.47701527826144, -34.624082632778148 ], [ -58.477415352572507, -34.623228000475102 ], [ -58.47780801107838, -34.622389211867578 ], [ -58.476742565262562, -34.621835101734128 ], [ -58.476027278993627, -34.621463061761432 ], [ -58.475746396877895, -34.621315834882452 ], [ -58.475498808597628, -34.621184355430039 ], [ -58.474510338892195, -34.62066770799882 ], [ -58.474190615122069, -34.620502452691795 ], [ -58.472935244577613, -34.619853184707168 ], [ -58.472789825689169, -34.61977805377159 ], [ -58.472644667472487, -34.619701247804187 ], [ -58.471622219040277, -34.619160243812559 ], [ -58.471400643517015, -34.619043003859474 ], [ -58.470387927889149, -34.618495666257992 ], [ -58.469629004509493, -34.61808542497122 ], [ -58.46937172650312, -34.617946349868902 ], [ -58.46934313441669, -34.617930893741118 ], [ -58.469340980905898, -34.617929729213358 ], [ -58.469094793471662, -34.617802838367403 ], [ -58.468798005699163, -34.617649891968263 ], [ -58.468636408887953, -34.61756665932689 ], [ -58.467962001231307, -34.617274710741178 ], [ -58.466764231528508, -34.616756223211972 ], [ -58.466652896287812, -34.616708056239453 ], [ -58.465678746215438, -34.616286384002649 ], [ -58.46554398751158, -34.616228005181931 ], [ -58.464614055757025, -34.615824859491191 ], [ -58.464539949842539, -34.61579273275089 ], [ -58.464539514804692, -34.615792577711062 ], [ -58.464467289828598, -34.615766817637997 ], [ -58.464374527650605, -34.615733719243003 ], [ -58.464136190749961, -34.615648649579974 ], [ -58.46320550680111, -34.615303366101216 ], [ -58.463031569062913, -34.615238223807268 ], [ -58.461866395696731, -34.614801731754405 ], [ -58.460668952342758, -34.614353043351002 ], [ -58.460395019119154, -34.614250430256043 ], [ -58.460130625468615, -34.614149785494654 ], [ -58.459449971836904, -34.61389068145688 ], [ -58.459034681789504, -34.614739481134322 ], [ -58.458500792526479, -34.615905462794885 ], [ -58.458200233802621, -34.616565600200921 ], [ -58.457767363434506, -34.617511015850326 ], [ -58.457296399922562, -34.618541780680033 ], [ -58.457226282479326, -34.618695230399098 ], [ -58.456624695009488, -34.620011975637013 ], [ -58.456077702193305, -34.621209212491287 ], [ -58.455559493729282, -34.622343490665237 ], [ -58.455050302853266, -34.623457906970962 ], [ -58.454776365929924, -34.62405170149421 ], [ -58.454576631542942, -34.624484646083559 ], [ -58.454032993809037, -34.625635745724139 ], [ -58.454019860599111, -34.625654537502669 ], [ -58.453939779736508, -34.625769120628647 ], [ -58.453438821338729, -34.626785783086014 ], [ -58.4528723214883, -34.627929340307681 ], [ -58.452673417037687, -34.628330899596548 ], [ -58.452672907652392, -34.628331933478954 ], [ -58.452670958464438, -34.628335876112736 ], [ -58.452570573514926, -34.628546503535802 ], [ -58.452104686697098, -34.629524219158256 ], [ -58.451997054831729, -34.629750056832563 ], [ -58.451578195709843, -34.630643688528863 ] ] ] } },
{ "type": "Feature", "properties": { "id": 14, "objeto": "BARRIO", "nombre": "Floresta", "comuna": 10, "perimetro_": 7519.65, "area_metro": 2320640.95 }, "geometry": { "type": "Polygon", "coordinates": [ [ [ -58.47780801107838, -34.622389211867578 ], [ -58.477415352572507, -34.623228000475102 ], [ -58.47701527826144, -34.624082632778148 ], [ -58.476951323860206, -34.624222431095745 ], [ -58.476490948699336, -34.625228478682168 ], [ -58.476037290454961, -34.626219876513275 ], [ -58.475469500410277, -34.62746044140215 ], [ -58.474990949449911, -34.628506063178101 ], [ -58.474554544558714, -34.629459564901097 ], [ -58.474254574948695, -34.630115091718451 ], [ -58.474164928876135, -34.630310968068606 ], [ -58.474161745149352, -34.630317924482114 ], [ -58.474104503333386, -34.630442995903685 ], [ -58.473484698543572, -34.631796514659072 ], [ -58.472875184276717, -34.63315587394861 ], [ -58.472281151953304, -34.634480439447692 ], [ -58.47175686440962, -34.635649572793604 ], [ -58.471303862722557, -34.636659753938936 ], [ -58.472417831725039, -34.636992073277703 ], [ -58.473493125850155, -34.63731290611635 ], [ -58.474416210125518, -34.637921493724512 ], [ -58.475323877082232, -34.638479017755316 ], [ -58.476073061293455, -34.638939227520517 ], [ -58.476291242902896, -34.638766527283401 ], [ -58.476779060576156, -34.638380555290759 ], [ -58.47759188116288, -34.637737428930265 ], [ -58.47835740783902, -34.637131697316256 ], [ -58.478546192563442, -34.636998855477707 ], [ -58.478787879770003, -34.636828893495874 ], [ -58.478905441869216, -34.636734652486325 ], [ -58.479201388829502, -34.636497288275969 ], [ -58.479695652445834, -34.636100810239235 ], [ -58.479927704953042, -34.635914720916077 ], [ -58.4810071929275, -34.635048855981481 ], [ -58.482380799136195, -34.633947088857873 ], [ -58.483109632273845, -34.633386525350708 ], [ -58.483383573733306, -34.633150863524889 ], [ -58.483572032407629, -34.63299845852309 ], [ -58.483716323042536, -34.632888207309335 ], [ -58.484731906113723, -34.632077524294232 ], [ -58.485573903180004, -34.631407155803949 ], [ -58.486028074336289, -34.631045589040696 ], [ -58.486725932186609, -34.630489958218021 ], [ -58.486862555038911, -34.630381268670888 ], [ -58.48694636870912, -34.630314561943713 ], [ -58.487717976953924, -34.629700459507937 ], [ -58.488083632014842, -34.62940946749368 ], [ -58.488234220438002, -34.629289576137168 ], [ -58.48928619819889, -34.628452375343741 ], [ -58.490221897073368, -34.627707657681 ], [ -58.490400506132545, -34.627566282940109 ], [ -58.491095831022911, -34.627015904276625 ], [ -58.491356450185002, -34.626808588671175 ], [ -58.491705336571705, -34.626529088919256 ], [ -58.491741413134065, -34.626500186443124 ], [ -58.492756528769576, -34.625693458033332 ], [ -58.492817081532841, -34.625645343696277 ], [ -58.493355333705374, -34.625217601771055 ], [ -58.493892558877306, -34.624790561707705 ], [ -58.49405684213734, -34.624660096814836 ], [ -58.494201536792211, -34.624545340279191 ], [ -58.494927050358044, -34.623970359185115 ], [ -58.494967843825151, -34.623938024621175 ], [ -58.495507607060688, -34.623510272692343 ], [ -58.496044980749922, -34.623084349770053 ], [ -58.497121329292, -34.622231228899601 ], [ -58.497662944172951, -34.621801917266907 ], [ -58.497856425368688, -34.621648551031896 ], [ -58.49820080705291, -34.621375562732361 ], [ -58.497220917617241, -34.620567096532731 ], [ -58.496319102527416, -34.619822898593519 ], [ -58.495446446107714, -34.619102841552753 ], [ -58.494713364718059, -34.618497822968543 ], [ -58.494657906485095, -34.618452052326397 ], [ -58.494516457525876, -34.618332298034417 ], [ -58.493793111614238, -34.617719657054543 ], [ -58.493634536860625, -34.617584483612113 ], [ -58.492778448658413, -34.616854754286834 ], [ -58.492636578245673, -34.616733449244414 ], [ -58.491561961395028, -34.617593854044728 ], [ -58.490616426186776, -34.61835084020251 ], [ -58.49048902487182, -34.618452348695278 ], [ -58.48941274346182, -34.619309355279469 ], [ -58.488337717544752, -34.620165365841544 ], [ -58.488204178765208, -34.620271661518807 ], [ -58.487264543859197, -34.62102115461667 ], [ -58.486184789838774, -34.621882429219568 ], [ -58.485113019767873, -34.622737283630038 ], [ -58.48497095633082, -34.622850620036019 ], [ -58.48403875918396, -34.62359719941292 ], [ -58.48339123341826, -34.624115766100324 ], [ -58.4827431937344, -34.624634748549248 ], [ -58.481920950292654, -34.624292055528613 ], [ -58.48188688103702, -34.624277402752135 ], [ -58.481886845049566, -34.624277387433494 ], [ -58.481822974906386, -34.624249919196899 ], [ -58.481787871863823, -34.624234822150122 ], [ -58.481733770730301, -34.624211519645186 ], [ -58.480740713419422, -34.623784266900714 ], [ -58.479756356512794, -34.623360666430749 ], [ -58.479376809868015, -34.623197334842651 ], [ -58.478799862226019, -34.622915363601564 ], [ -58.478286666999509, -34.622640706734167 ], [ -58.478116844397441, -34.622549810345078 ], [ -58.478007027481652, -34.622492710618353 ], [ -58.47780801107838, -34.622389211867578 ] ] ] } },
{ "type": "Feature", "properties": { "id": 15, "objeto": "BARRIO", "nombre": "Liniers", "comuna": 9, "perimetro_": 9256.93, "area_metro": 4374419.15 }, "geometry": { "type": "Polygon", "coordinates": [ [ [ -58.510670043066519, -34.6348222783488 ], [ -58.509997248076168, -34.63510003998843 ], [ -58.509977185192881, -34.635108322678114 ], [ -58.509657420674174, -34.635244763251485 ], [ -58.509657319275341, -34.635244806558077 ], [ -58.509541571891333, -34.635294194974328 ], [ -58.509380277029074, -34.635354026288297 ], [ -58.508829864335731, -34.635558197559249 ], [ -58.508275300104849, -34.635733545961145 ], [ -58.507651032165569, -34.635895889023416 ], [ -58.507091855968035, -34.635895738627134 ], [ -58.506961156796464, -34.635895715174989 ], [ -58.50681882923088, -34.635817173289944 ], [ -58.50633359731976, -34.636200192616997 ], [ -58.506138046005525, -34.636354549800267 ], [ -58.505737754516616, -34.636670515608223 ], [ -58.505671766648668, -34.636722601691233 ], [ -58.505671995688679, -34.636722634062686 ], [ -58.509355578429052, -34.637211820928371 ], [ -58.510508919438102, -34.637375634323142 ], [ -58.510481557743816, -34.637489771494302 ], [ -58.510314831092991, -34.638123081170058 ], [ -58.510051942209529, -34.639121430872713 ], [ -58.509821535166523, -34.640013005499306 ], [ -58.509787833020361, -34.640082385050896 ], [ -58.50920995544061, -34.640522537536675 ], [ -58.508031099021188, -34.641420307620628 ], [ -58.506964989068862, -34.642232109194339 ], [ -58.506846851850995, -34.642321518732658 ], [ -58.505659255432185, -34.643219901557941 ], [ -58.504470184432478, -34.644119400863907 ], [ -58.504348804792755, -34.644211203211604 ], [ -58.503843099954473, -34.644593347342706 ], [ -58.503326828726351, -34.644983450521131 ], [ -58.502835267615609, -34.645384319005352 ], [ -58.502299069052611, -34.645822663501455 ], [ -58.503338379781162, -34.646323387566028 ], [ -58.504357580098684, -34.646801573211441 ], [ -58.505382844850239, -34.647282494816565 ], [ -58.506503924189197, -34.647808374305811 ], [ -58.506699110677211, -34.647899996060119 ], [ -58.50767513666392, -34.648357817043696 ], [ -58.508940379587109, -34.648951369139873 ], [ -58.50912576958158, -34.649038342059043 ], [ -58.510611797354279, -34.649730456144653 ], [ -58.510651872572332, -34.649772060722988 ], [ -58.511677194446762, -34.650225816361491 ], [ -58.51264517368471, -34.650675924109471 ], [ -58.513516586160918, -34.651081064413596 ], [ -58.514414944011527, -34.65149872224049 ], [ -58.515415248666208, -34.651946752632149 ], [ -58.516076744314418, -34.652271329839621 ], [ -58.516555045937686, -34.652493588299315 ], [ -58.517144763938198, -34.652767767681276 ], [ -58.51817937914592, -34.653248787959079 ], [ -58.51919388755293, -34.653720302316657 ], [ -58.519716959686242, -34.653963443298366 ], [ -58.519907742218741, -34.654052088300922 ], [ -58.520244126783723, -34.654208552407049 ], [ -58.520761664015808, -34.654449015170265 ], [ -58.521285257188559, -34.654692571908107 ], [ -58.521854290037403, -34.654956878564825 ], [ -58.52234200022032, -34.655183546452427 ], [ -58.522888449002259, -34.655437719184413 ], [ -58.523401824355794, -34.655676200424658 ], [ -58.523881016274018, -34.655898922637164 ], [ -58.524588173301453, -34.656227585347196 ], [ -58.524920995175407, -34.6563824184352 ], [ -58.525292480700379, -34.656601045655272 ], [ -58.525316067412376, -34.6566147459693 ], [ -58.525370153290254, -34.656646161568013 ], [ -58.525429946469238, -34.656683338776418 ], [ -58.525767233033619, -34.656893048947772 ], [ -58.525772140934563, -34.656896165325229 ], [ -58.525880965892085, -34.656814029476564 ], [ -58.52879092409146, -34.65461758061042 ], [ -58.529150649113717, -34.654346045872479 ], [ -58.52916797951432, -34.654332966005761 ], [ -58.529207023857978, -34.654303493902511 ], [ -58.52920705002191, -34.654303474057251 ], [ -58.529208051049466, -34.654286502590516 ], [ -58.529209115555098, -34.654268419645717 ], [ -58.52921167517701, -34.654225034096449 ], [ -58.52985024965632, -34.643400864145789 ], [ -58.530080613935546, -34.639495387079798 ], [ -58.530083963525819, -34.639438596912164 ], [ -58.530098360354479, -34.639194494467546 ], [ -58.530269144830548, -34.636298813355793 ], [ -58.530289880952104, -34.635947217818781 ], [ -58.530296592482365, -34.635833425565529 ], [ -58.530305321316298, -34.635685427934028 ], [ -58.53031744243188, -34.635479909916178 ], [ -58.530329059948293, -34.635282902445326 ], [ -58.530354474609062, -34.634851989477774 ], [ -58.530357525791203, -34.634800226626709 ], [ -58.530027502078283, -34.634810080737019 ], [ -58.530020524822781, -34.634810289175768 ], [ -58.529836477065274, -34.63481578470077 ], [ -58.529793702926916, -34.634817061899312 ], [ -58.529625176756134, -34.634822093426706 ], [ -58.529389909672098, -34.634829116979859 ], [ -58.529319195080866, -34.634832886243302 ], [ -58.529092589914789, -34.634844965089684 ], [ -58.528902393803257, -34.634855102115601 ], [ -58.528713512810576, -34.634865169631915 ], [ -58.528540737842114, -34.634860710017314 ], [ -58.528205213235317, -34.634847236168326 ], [ -58.527954694942217, -34.634826815113868 ], [ -58.527743446058729, -34.634809594466851 ], [ -58.527387328716962, -34.634780563575369 ], [ -58.527075642812441, -34.63475515465111 ], [ -58.526919333464534, -34.634687841831635 ], [ -58.525603515804512, -34.634590632590687 ], [ -58.524299104116515, -34.634475586034448 ], [ -58.52423033532763, -34.634458718835958 ], [ -58.523273287653709, -34.634224261326324 ], [ -58.523036731927199, -34.634166348680473 ], [ -58.52233611324916, -34.63401780182501 ], [ -58.521082185712167, -34.633828819842137 ], [ -58.521026693615028, -34.633828044759078 ], [ -58.520686609508921, -34.633825927364477 ], [ -58.520783200254542, -34.633504450876636 ], [ -58.520813210758384, -34.633404567796433 ], [ -58.520746581793063, -34.633224293181819 ], [ -58.520525530283848, -34.633008809596944 ], [ -58.520388507608594, -34.632974295435538 ], [ -58.520339735996565, -34.632917768731211 ], [ -58.520239890158365, -34.632802110339469 ], [ -58.520172983538586, -34.632917155213484 ], [ -58.520066936523634, -34.632951076278779 ], [ -58.519895208458991, -34.632972201477486 ], [ -58.519891307890262, -34.632972627854997 ], [ -58.519886738871442, -34.632973128458708 ], [ -58.519745610698237, -34.632988608992818 ], [ -58.519744702313474, -34.632988659892597 ], [ -58.519718331898439, -34.632990145911009 ], [ -58.519683563558878, -34.632992104543305 ], [ -58.519424255141104, -34.633006715327888 ], [ -58.519331370354521, -34.633011189402062 ], [ -58.51926182126099, -34.633014539450258 ], [ -58.51925301107606, -34.633014963552817 ], [ -58.519081508496257, -34.633016661054903 ], [ -58.519080341597487, -34.633016629137536 ], [ -58.518887246360457, -34.63300203140075 ], [ -58.518801782402356, -34.633002826610422 ], [ -58.518718114550317, -34.633003605620011 ], [ -58.518521532932894, -34.633005435418546 ], [ -58.517347459650892, -34.633016257323611 ], [ -58.517088533551266, -34.633019083249749 ], [ -58.516606860701607, -34.633085569634417 ], [ -58.515936609913496, -34.633104267674234 ], [ -58.515931863963665, -34.633104400427825 ], [ -58.515368482003474, -34.633162248221964 ], [ -58.514863194735256, -34.633207926774318 ], [ -58.514072760856003, -34.633406317815798 ], [ -58.513912279964863, -34.633462652793277 ], [ -58.513342973763976, -34.633662420955446 ], [ -58.513322146500286, -34.633669729177072 ], [ -58.513317655672097, -34.633671628502377 ], [ -58.513316425845595, -34.633672148223113 ], [ -58.512622240976988, -34.633965721482163 ], [ -58.512532207853418, -34.634003786852318 ], [ -58.512264400826787, -34.634122533799982 ], [ -58.511863905601331, -34.634300113583748 ], [ -58.51148425792011, -34.634464401430137 ], [ -58.511445935456038, -34.634480985514799 ], [ -58.511326770381018, -34.634532581846294 ], [ -58.510670043066519, -34.6348222783488 ] ] ] } },
{ "type": "Feature", "properties": { "id": 16, "objeto": "BARRIO", "nombre": "Mataderos", "comuna": 9, "perimetro_": 11124.64, "area_metro": 7398179.54 }, "geometry": { "type": "Polygon", "coordinates": [ [ [ -58.495302064570311, -34.644852439732254 ], [ -58.495239542501196, -34.644903181494072 ], [ -58.495233405976819, -34.644908161620513 ], [ -58.494960754062092, -34.645129463578598 ], [ -58.494897694029788, -34.64518064609495 ], [ -58.493859614097268, -34.645996551226872 ], [ -58.492765629957063, -34.646856404043326 ], [ -58.492629838891581, -34.646962916484114 ], [ -58.49141545367101, -34.647916027459921 ], [ -58.490337094191361, -34.648762404610508 ], [ -58.489547350599899, -34.649382228880427 ], [ -58.48951301086931, -34.649408010429951 ], [ -58.48949143211648, -34.649424211693741 ], [ -58.489403796426878, -34.649490007648325 ], [ -58.489240562712851, -34.649612648458522 ], [ -58.488406760367482, -34.650280785960511 ], [ -58.487459207659754, -34.651040067016979 ], [ -58.487299036953495, -34.651168409646068 ], [ -58.486470231115639, -34.651833433694371 ], [ -58.486394451028787, -34.651892795416217 ], [ -58.486298299326279, -34.651968115074169 ], [ -58.485916263398437, -34.652267343546427 ], [ -58.48568622258523, -34.652444218321243 ], [ -58.485561318522699, -34.652540298641078 ], [ -58.485348981900003, -34.65270432077412 ], [ -58.485173311869261, -34.652840018020697 ], [ -58.485085128743606, -34.65290813297819 ], [ -58.484985186821994, -34.652985334419398 ], [ -58.483894423779503, -34.653827924265229 ], [ -58.483789904560638, -34.653908670751598 ], [ -58.483752645083094, -34.653937455565469 ], [ -58.482656408242825, -34.654802710204869 ], [ -58.482096608184477, -34.655244490799397 ], [ -58.481554950588176, -34.655672040860061 ], [ -58.481466836115715, -34.655742149792253 ], [ -58.481400385069158, -34.655795022209354 ], [ -58.480398511374467, -34.656591791566797 ], [ -58.48023795680966, -34.656719467729999 ], [ -58.480160779587408, -34.656780840385977 ], [ -58.478818293732544, -34.657848560507588 ], [ -58.478851053452402, -34.657871083459561 ], [ -58.479356979751778, -34.658218915068872 ], [ -58.479463013344542, -34.658291719071592 ], [ -58.47946977977648, -34.658296101749869 ], [ -58.479546650072578, -34.658345896448097 ], [ -58.479633227183598, -34.658401978060304 ], [ -58.479718369716473, -34.658457073659505 ], [ -58.479822876770861, -34.658524699828469 ], [ -58.480169615068355, -34.65874923147809 ], [ -58.480300537493363, -34.658833509001028 ], [ -58.48053391393843, -34.658983829344891 ], [ -58.480841959115075, -34.659182166741608 ], [ -58.481434101180248, -34.659563490768626 ], [ -58.482333620157839, -34.660142794041754 ], [ -58.483232638827801, -34.660721667939896 ], [ -58.484131841307651, -34.661300675740591 ], [ -58.485037532043819, -34.661875732012071 ], [ -58.485227027786173, -34.661996048470748 ], [ -58.485361026147253, -34.662081167288044 ], [ -58.485809453976323, -34.662365851679652 ], [ -58.485945451344016, -34.662452189092178 ], [ -58.485951705037508, -34.662454061968518 ], [ -58.487132360919112, -34.662807598300397 ], [ -58.487868126182939, -34.663027857682323 ], [ -58.488861017615271, -34.663325082021338 ], [ -58.488895073161864, -34.663335276367484 ], [ -58.488952421454442, -34.663352443245614 ], [ -58.488953068769007, -34.663353048711436 ], [ -58.488955645188945, -34.663355458566315 ], [ -58.488966567474321, -34.663365674725689 ], [ -58.490077021787279, -34.664404319850455 ], [ -58.490999929454851, -34.665267427377181 ], [ -58.491134978289629, -34.665393805335796 ], [ -58.491578395231492, -34.665830923614948 ], [ -58.491578426880331, -34.66583095515707 ], [ -58.491761555489298, -34.666011480824679 ], [ -58.491935235430731, -34.666190455297354 ], [ -58.492140189193023, -34.666401573707589 ], [ -58.492349377427722, -34.666617051790752 ], [ -58.492597902207443, -34.666873047567556 ], [ -58.493458496208113, -34.667804039147946 ], [ -58.493608396960262, -34.667966256200813 ], [ -58.494347320008046, -34.668695040587224 ], [ -58.495737684078776, -34.670066279911033 ], [ -58.495872835698606, -34.670199554601616 ], [ -58.497039525153696, -34.67118424077124 ], [ -58.49740751891742, -34.671448364717236 ], [ -58.497915942986651, -34.671813222878185 ], [ -58.498252393738738, -34.67205460697366 ], [ -58.498569773429736, -34.67228242940331 ], [ -58.498719624221181, -34.672389995583039 ], [ -58.498723309841914, -34.67239264105681 ], [ -58.498927765352668, -34.672518496967399 ], [ -58.499127020676973, -34.67263991821396 ], [ -58.499741397160932, -34.672969174108722 ], [ -58.500117562720135, -34.673170751920786 ], [ -58.500200991358859, -34.67321545008798 ], [ -58.500523842060119, -34.673388421287349 ], [ -58.500680875902191, -34.673472553353321 ], [ -58.50164159490955, -34.673987397206503 ], [ -58.501773697251771, -34.674065903718159 ], [ -58.5019756023989, -34.674185892462333 ], [ -58.502115518616463, -34.674269041953735 ], [ -58.502497570187316, -34.674496083483746 ], [ -58.502517854741086, -34.674508139646399 ], [ -58.502519078188186, -34.674508866691717 ], [ -58.502521094221727, -34.674510026757744 ], [ -58.50252527504022, -34.674512432484036 ], [ -58.502615385908946, -34.674444170220681 ], [ -58.508274307017601, -34.670156978456497 ], [ -58.508743487644772, -34.669801495796179 ], [ -58.508922596079714, -34.669665789823952 ], [ -58.51120730139656, -34.667934666441731 ], [ -58.511986834169079, -34.66734398734939 ], [ -58.511986863613167, -34.667343965703729 ], [ -58.512218188874229, -34.66716867999866 ], [ -58.513245807726456, -34.666389991927531 ], [ -58.518030984969727, -34.662763670608363 ], [ -58.518341394056684, -34.662528417105882 ], [ -58.518365487079237, -34.662510153513495 ], [ -58.518387698102586, -34.662493324013383 ], [ -58.518756787906867, -34.66221359423573 ], [ -58.51991540005389, -34.661335475613114 ], [ -58.523043019183866, -34.658964888494218 ], [ -58.523043256866117, -34.658964708095056 ], [ -58.52477216651242, -34.657654182978064 ], [ -58.524772213393526, -34.657654147799306 ], [ -58.525771707023736, -34.656896496366407 ], [ -58.525772140934563, -34.656896165325229 ], [ -58.525767233033619, -34.656893048947772 ], [ -58.525429946469238, -34.656683338776418 ], [ -58.525370153290254, -34.656646161568013 ], [ -58.525316067412376, -34.6566147459693 ], [ -58.525292480700379, -34.656601045655272 ], [ -58.524920995175407, -34.6563824184352 ], [ -58.524588173301453, -34.656227585347196 ], [ -58.523881016274018, -34.655898922637164 ], [ -58.523401824355794, -34.655676200424658 ], [ -58.522888449002259, -34.655437719184413 ], [ -58.52234200022032, -34.655183546452427 ], [ -58.521854290037403, -34.654956878564825 ], [ -58.521285257188559, -34.654692571908107 ], [ -58.520761664015808, -34.654449015170265 ], [ -58.520244126783723, -34.654208552407049 ], [ -58.519907742218741, -34.654052088300922 ], [ -58.519716959686242, -34.653963443298366 ], [ -58.51919388755293, -34.653720302316657 ], [ -58.51817937914592, -34.653248787959079 ], [ -58.517144763938198, -34.652767767681276 ], [ -58.516555045937686, -34.652493588299315 ], [ -58.516076744314418, -34.652271329839621 ], [ -58.515415248666208, -34.651946752632149 ], [ -58.514414944011527, -34.65149872224049 ], [ -58.513516586160918, -34.651081064413596 ], [ -58.51264517368471, -34.650675924109471 ], [ -58.511677194446762, -34.650225816361491 ], [ -58.510651872572332, -34.649772060722988 ], [ -58.510611797354279, -34.649730456144653 ], [ -58.50912576958158, -34.649038342059043 ], [ -58.508940379587109, -34.648951369139873 ], [ -58.50767513666392, -34.648357817043696 ], [ -58.506699110677211, -34.647899996060119 ], [ -58.506503924189197, -34.647808374305811 ], [ -58.505382844850239, -34.647282494816565 ], [ -58.504357580098684, -34.646801573211441 ], [ -58.503338379781162, -34.646323387566028 ], [ -58.502299069052611, -34.645822663501455 ], [ -58.501274784226148, -34.645355236771138 ], [ -58.500248629768819, -34.644873787652969 ], [ -58.499221464980629, -34.644391837081074 ], [ -58.498185873965127, -34.643905866220983 ], [ -58.497137425921906, -34.64341397409882 ], [ -58.496676759745824, -34.643774315886283 ], [ -58.496419677924123, -34.64397537288427 ], [ -58.495398322112237, -34.644774385178437 ], [ -58.495313946201456, -34.644842805014392 ], [ -58.495302064570311, -34.644852439732254 ] ] ] } },
{ "type": "Feature", "properties": { "id": 17, "objeto": "BARRIO", "nombre": "Monserrat", "comuna": 1, "perimetro_": 6739.22, "area_metro": 2198622.15 }, "geometry": { "type": "Polygon", "coordinates": [ [ [ -58.367731500922353, -34.606905840430827 ], [ -58.367730118706319, -34.60691807523731 ], [ -58.36764462842153, -34.607668357375637 ], [ -58.367623464850091, -34.607854094785303 ], [ -58.367264636604624, -34.611003117040539 ], [ -58.367132806966993, -34.612165846334022 ], [ -58.36708399177779, -34.612602089822289 ], [ -58.366995102555713, -34.613396457468589 ], [ -58.366860512402887, -34.614581718419132 ], [ -58.366739962535263, -34.615629664213969 ], [ -58.367573556816211, -34.615689829282744 ], [ -58.368585079093855, -34.615762802689474 ], [ -58.368816412634025, -34.615784396199729 ], [ -58.369146721559659, -34.61579746344978 ], [ -58.36949915178004, -34.61582524356362 ], [ -58.370252462744368, -34.61586563615824 ], [ -58.370349877379944, -34.615866216115151 ], [ -58.37057006510598, -34.615898836593608 ], [ -58.370695263978526, -34.615914424395044 ], [ -58.371722298528411, -34.615984144764603 ], [ -58.371719352299316, -34.616029987858511 ], [ -58.372996045257167, -34.616029742493133 ], [ -58.373132756080366, -34.616034491333401 ], [ -58.373272702825801, -34.61603938393138 ], [ -58.374342615908866, -34.6160833377808 ], [ -58.374538521733456, -34.616092847128002 ], [ -58.374710919304604, -34.616101282628009 ], [ -58.375256551974921, -34.616137029508231 ], [ -58.375863127061365, -34.616217819219543 ], [ -58.375864314345769, -34.616217889479799 ], [ -58.375981180647265, -34.616224805043785 ], [ -58.376032115074089, -34.616227796343715 ], [ -58.376159624506741, -34.616235285441334 ], [ -58.377268031423327, -34.61629050887268 ], [ -58.377430378971397, -34.616298017599718 ], [ -58.377362998907635, -34.617456857779494 ], [ -58.378777952647901, -34.617552777524295 ], [ -58.378953502351237, -34.617564659847453 ], [ -58.379868386717888, -34.617626979422639 ], [ -58.380048023989389, -34.617639285732047 ], [ -58.380279376533316, -34.617643457416726 ], [ -58.380688671316797, -34.617650848372186 ], [ -58.381137832594405, -34.617658967918352 ], [ -58.381516037033805, -34.61766584207821 ], [ -58.38178725288838, -34.617670742531303 ], [ -58.382696544951727, -34.617717256910474 ], [ -58.382851473432446, -34.617725181695988 ], [ -58.383018844651488, -34.617739024180381 ], [ -58.383307846743492, -34.617762946599299 ], [ -58.384322595671883, -34.617798537771364 ], [ -58.385577212717187, -34.617842443126996 ], [ -58.385878920405162, -34.617853620575588 ], [ -58.387207898908017, -34.617902767437876 ], [ -58.387292355562018, -34.617906498781288 ], [ -58.387464971545391, -34.617914124948605 ], [ -58.387552068929665, -34.617917967726974 ], [ -58.387741804837397, -34.617926338788521 ], [ -58.388968883729675, -34.618001882511429 ], [ -58.390128247216516, -34.61807328896267 ], [ -58.390330376728876, -34.61808524116578 ], [ -58.391110864024526, -34.618131399377084 ], [ -58.391124359622147, -34.618132197005941 ], [ -58.391415383986249, -34.618149406572286 ], [ -58.391701417107221, -34.61816380098751 ], [ -58.391679602267409, -34.616883349505414 ], [ -58.391661844321035, -34.615839875316908 ], [ -58.391663066969635, -34.615704873979745 ], [ -58.39166476202498, -34.615516210485978 ], [ -58.391673053569946, -34.615185225656745 ], [ -58.39168120206098, -34.614921705705505 ], [ -58.391688122333285, -34.61469938262313 ], [ -58.391688920653742, -34.614669923782181 ], [ -58.391689068584533, -34.614664467580738 ], [ -58.391704923847492, -34.614079666150758 ], [ -58.391714678442646, -34.613829739606928 ], [ -58.391753696528987, -34.612829679062045 ], [ -58.391761244861883, -34.612667849687355 ], [ -58.391770877773077, -34.612460247401856 ], [ -58.391789969242225, -34.611676026392864 ], [ -58.391789982642997, -34.611675655916876 ], [ -58.391790035925702, -34.611673276197891 ], [ -58.391799125199441, -34.611504405795742 ], [ -58.391810982567648, -34.611284691480968 ], [ -58.391863838861099, -34.610560866344798 ], [ -58.391879586730795, -34.610345282773807 ], [ -58.39195611909355, -34.609296932791267 ], [ -58.391411992454735, -34.609258672591537 ], [ -58.3905573043983, -34.609198570363347 ], [ -58.389796870621581, -34.609145075903783 ], [ -58.389762679943516, -34.60914267014104 ], [ -58.389176820330555, -34.609083582637965 ], [ -58.389060223440126, -34.609071824823701 ], [ -58.388512183506528, -34.609016556625207 ], [ -58.388177906009737, -34.608982829220921 ], [ -58.387972679383338, -34.608962815538014 ], [ -58.387805814475236, -34.60894654271285 ], [ -58.387747236695546, -34.608938125041028 ], [ -58.387745706219519, -34.608937905047988 ], [ -58.387661122356661, -34.608925749260521 ], [ -58.387485228821582, -34.608901757841899 ], [ -58.387322428439433, -34.608879551925966 ], [ -58.387234120704939, -34.608861187240429 ], [ -58.387231955667673, -34.608861026339113 ], [ -58.386280495642914, -34.608790306083606 ], [ -58.38614814409722, -34.608781631019347 ], [ -58.385989421870946, -34.608771044317642 ], [ -58.3850682950048, -34.608709604039028 ], [ -58.384870707958726, -34.608692998309223 ], [ -58.384712383320995, -34.608679656360927 ], [ -58.384097721547235, -34.608631987480408 ], [ -58.383802266362196, -34.608609073207624 ], [ -58.38361261806849, -34.608594364498281 ], [ -58.383469112779224, -34.608582580157417 ], [ -58.383308914356668, -34.608569376684983 ], [ -58.382692470124596, -34.608521078477551 ], [ -58.382253975963771, -34.608486720585319 ], [ -58.382173128240559, -34.608480385752699 ], [ -58.381975458109849, -34.608462930647619 ], [ -58.381797375369075, -34.608447247882168 ], [ -58.381348028985734, -34.60841941118025 ], [ -58.381313104892108, -34.608417252250682 ], [ -58.380892038382598, -34.608391216781797 ], [ -58.380719003512922, -34.608381234634976 ], [ -58.380717869752004, -34.608381168965231 ], [ -58.380496425955478, -34.60837454036551 ], [ -58.379962834644822, -34.608344868263259 ], [ -58.379811060935317, -34.608336428159284 ], [ -58.379758595001086, -34.608333510403241 ], [ -58.37936044837415, -34.608311368661873 ], [ -58.379222136007208, -34.608302610771418 ], [ -58.377814142896675, -34.608216068596391 ], [ -58.376961800339473, -34.608164883379757 ], [ -58.376404446760432, -34.608131409156265 ], [ -58.376294872813702, -34.608124960725462 ], [ -58.376208220310545, -34.608119860860342 ], [ -58.376193311582192, -34.608118869471269 ], [ -58.374997227425418, -34.608039325541917 ], [ -58.374986755579265, -34.608038629276919 ], [ -58.374978527228947, -34.608038086073847 ], [ -58.374922028726097, -34.608034357448552 ], [ -58.374860733659773, -34.608030282780369 ], [ -58.37411549876861, -34.607980741773169 ], [ -58.373576138210701, -34.607945274739706 ], [ -58.373543654372178, -34.607943153240541 ], [ -58.373520523891806, -34.607941642567738 ], [ -58.373520518150634, -34.607941912088371 ], [ -58.373518810887852, -34.608030022925043 ], [ -58.373172789000648, -34.608005176145781 ], [ -58.372183235198378, -34.607934101474171 ], [ -58.371555736213665, -34.60788906318605 ], [ -58.371481658243916, -34.607881441834749 ], [ -58.37147358287838, -34.607880610957146 ], [ -58.371258008397547, -34.607858428609802 ], [ -58.371093409255131, -34.607790632854602 ], [ -58.370836607924268, -34.607574556304776 ], [ -58.370764139764873, -34.607513579729023 ], [ -58.370634539980614, -34.607398213060534 ], [ -58.370309065187108, -34.607195564864782 ], [ -58.370195914200472, -34.606775613775824 ], [ -58.370195878949787, -34.606578638817204 ], [ -58.369849851333193, -34.606557388293915 ], [ -58.36944423760476, -34.606506723569353 ], [ -58.369371305203614, -34.606528640485791 ], [ -58.369256250682113, -34.606594326752898 ], [ -58.369225173573859, -34.606742265657964 ], [ -58.368805055363254, -34.606831152846347 ], [ -58.368153696336449, -34.606968961586063 ], [ -58.367731500922353, -34.606905840430827 ] ] ] } },
{ "type": "Feature", "properties": { "id": 18, "objeto": "BARRIO", "nombre": "Monte Castro", "comuna": 10, "perimetro_": 7361.04, "area_metro": 2627481.57 }, "geometry": { "type": "Polygon", "coordinates": [ [ [ -58.494785749748949, -34.615021200546877 ], [ -58.493829454909395, -34.615778285000474 ], [ -58.493710151575343, -34.615873808540464 ], [ -58.492636578245673, -34.616733449244414 ], [ -58.492778448658413, -34.616854754286834 ], [ -58.493634536860625, -34.617584483612113 ], [ -58.493793111614238, -34.617719657054543 ], [ -58.494516457525876, -34.618332298034417 ], [ -58.494657906485095, -34.618452052326397 ], [ -58.494713364718059, -34.618497822968543 ], [ -58.495446446107714, -34.619102841552753 ], [ -58.496319102527416, -34.619822898593519 ], [ -58.497220917617241, -34.620567096532731 ], [ -58.49820080705291, -34.621375562732361 ], [ -58.49917300341, -34.62188317365888 ], [ -58.499343754877579, -34.621969180914256 ], [ -58.500269859888867, -34.622433064307145 ], [ -58.501580687374393, -34.623089498820647 ], [ -58.501754000074989, -34.623176276198571 ], [ -58.502697003050393, -34.623647530074379 ], [ -58.503491746398566, -34.624037416620141 ], [ -58.504669527859029, -34.625147035354892 ], [ -58.504761746709654, -34.625233765592469 ], [ -58.505869072511103, -34.626274170204098 ], [ -58.505962146879327, -34.626361462605075 ], [ -58.507177578780833, -34.627501325746024 ], [ -58.507293237509266, -34.627599313328957 ], [ -58.50818050337282, -34.626933842499227 ], [ -58.508312242367417, -34.626835835014013 ], [ -58.509255529040274, -34.626134630414363 ], [ -58.509361717896624, -34.626053321171277 ], [ -58.510082125939782, -34.625501350893586 ], [ -58.510183884132715, -34.625420606914176 ], [ -58.510562471735504, -34.625120246038477 ], [ -58.510735074209023, -34.624983276078446 ], [ -58.510873651647515, -34.624877414485745 ], [ -58.511212014985368, -34.624618930939626 ], [ -58.511650888646365, -34.62428368328802 ], [ -58.511775755008401, -34.624393564454351 ], [ -58.511810371014548, -34.624424240396387 ], [ -58.512488994542835, -34.625025609736753 ], [ -58.512616590260812, -34.625135418616672 ], [ -58.512647260235283, -34.625161806061136 ], [ -58.512712392539186, -34.625217846131555 ], [ -58.512938275080259, -34.625418384066464 ], [ -58.513561088493141, -34.625971310676704 ], [ -58.513672152373886, -34.626069927823991 ], [ -58.514106860968326, -34.626452920699045 ], [ -58.514438862271035, -34.626745461708403 ], [ -58.514561093605892, -34.626853228155518 ], [ -58.514677956150798, -34.626956208405161 ], [ -58.515421751978209, -34.627610829145048 ], [ -58.515546287937163, -34.627720495596058 ], [ -58.516381392110219, -34.628455283944646 ], [ -58.516960762397431, -34.628008828441686 ], [ -58.517412146598339, -34.62766094931407 ], [ -58.517954806228651, -34.627242674639128 ], [ -58.518468255406717, -34.626846946197936 ], [ -58.518974631740129, -34.626456640832359 ], [ -58.51953617976902, -34.626023914207217 ], [ -58.52009406081568, -34.625595199791753 ], [ -58.520618217920401, -34.625192274713946 ], [ -58.521635611222997, -34.624410163269395 ], [ -58.521175557088185, -34.623999110109644 ], [ -58.520693686831834, -34.6235685578458 ], [ -58.520287598977539, -34.623205645895609 ], [ -58.519895069046157, -34.622854908957663 ], [ -58.519893831774461, -34.622853803490635 ], [ -58.519578879499242, -34.62257231977329 ], [ -58.519380479150769, -34.622395000165071 ], [ -58.518888057403331, -34.621955009440327 ], [ -58.518393765311664, -34.621513256164988 ], [ -58.518290884248799, -34.621421329886978 ], [ -58.517906638425693, -34.621077273037741 ], [ -58.517555993318346, -34.620762908092594 ], [ -58.517430936879023, -34.620650790131386 ], [ -58.517398617874399, -34.620621909472646 ], [ -58.516949275507223, -34.620220363347691 ], [ -58.516633907016036, -34.619938933374243 ], [ -58.516526259018853, -34.61984286834825 ], [ -58.516411535154397, -34.619740522511563 ], [ -58.516032739725439, -34.619402467948952 ], [ -58.515694984168213, -34.619101036372989 ], [ -58.515150030641422, -34.618614700954346 ], [ -58.515012963037691, -34.618492376097315 ], [ -58.514977816870307, -34.61846097561525 ], [ -58.514943158384881, -34.61843001030212 ], [ -58.514332570794473, -34.617885120180532 ], [ -58.513650057935166, -34.617276029593718 ], [ -58.513046049005155, -34.616736904702016 ], [ -58.512573209572288, -34.616457093032651 ], [ -58.512136843571021, -34.616198039045806 ], [ -58.511677218012039, -34.615925191069529 ], [ -58.511250059742224, -34.615671694700033 ], [ -58.511003037430555, -34.615525028633321 ], [ -58.510840712666862, -34.615426851629408 ], [ -58.510703013748298, -34.615343594161672 ], [ -58.510575284876502, -34.6152661071715 ], [ -58.510428042448417, -34.615176022126931 ], [ -58.510357371644865, -34.615132776732679 ], [ -58.510343854818899, -34.61512450510584 ], [ -58.510340661286904, -34.615122525015764 ], [ -58.510148073497923, -34.615003142021749 ], [ -58.510137561486808, -34.614996625184489 ], [ -58.510117771225396, -34.614984699780528 ], [ -58.510017843853255, -34.614924486261494 ], [ -58.509743557032067, -34.614759377793405 ], [ -58.509580214958923, -34.614663593658022 ], [ -58.509205388621986, -34.614444014089095 ], [ -58.50905568021556, -34.614357027385495 ], [ -58.508847266233921, -34.614235977022808 ], [ -58.508754109574191, -34.614182419625678 ], [ -58.508724483567697, -34.614165387506453 ], [ -58.50846724803116, -34.614017523882559 ], [ -58.508307998120408, -34.613924975319115 ], [ -58.508096428929555, -34.61380208322641 ], [ -58.508015147690621, -34.613754869603362 ], [ -58.507867657112243, -34.61366971140292 ], [ -58.507760242792216, -34.613607669773145 ], [ -58.507624568489881, -34.61352930458105 ], [ -58.50752138435989, -34.613468425837603 ], [ -58.507054291819713, -34.613192816387176 ], [ -58.505604719372165, -34.612337588414015 ], [ -58.505564080517587, -34.612313611189961 ], [ -58.505411913262037, -34.612232535955222 ], [ -58.505333006859409, -34.612190552458706 ], [ -58.505249351153303, -34.612146042059088 ], [ -58.504901696570066, -34.611935956119495 ], [ -58.504664776605189, -34.611792785609502 ], [ -58.504526748737106, -34.611709803372094 ], [ -58.504278555954741, -34.61156051887405 ], [ -58.504139252335364, -34.611477888177383 ], [ -58.503990553730794, -34.611389728435121 ], [ -58.503938834447183, -34.611359064917337 ], [ -58.503860388589871, -34.611312556077593 ], [ -58.503721426775805, -34.611229362299945 ], [ -58.503533151923861, -34.611116683836947 ], [ -58.503407888286375, -34.61104171605448 ], [ -58.50325299336442, -34.610949442457247 ], [ -58.503101849229026, -34.610859420088836 ], [ -58.502432058502229, -34.610462007401445 ], [ -58.502369218952744, -34.610424721335882 ], [ -58.502206915161501, -34.610328433843932 ], [ -58.50211133537443, -34.610271425075851 ], [ -58.501459808686732, -34.60988281799618 ], [ -58.501327241234719, -34.609803774119442 ], [ -58.500192416685685, -34.609131084644062 ], [ -58.499351310061577, -34.610085715584461 ], [ -58.498443864192751, -34.611115502148103 ], [ -58.498299730304787, -34.611281249962218 ], [ -58.498202824907011, -34.611392747415657 ], [ -58.498158491304231, -34.611443757068443 ], [ -58.497533076746926, -34.612154929735965 ], [ -58.497404093819149, -34.612301587334997 ], [ -58.496560457881046, -34.613269086871874 ], [ -58.496439730440997, -34.61340757250224 ], [ -58.495573082725159, -34.61439626909074 ], [ -58.494785749748949, -34.615021200546877 ] ] ] } },
{ "type": "Feature", "properties": { "id": 19, "objeto": "BARRIO", "nombre": "Nueva Pompeya", "comuna": 4, "perimetro_": 11068.05, "area_metro": 4953276.05 }, "geometry": { "type": "Polygon", "coordinates": [ [ [ -58.40274972478354, -34.64706430695481 ], [ -58.403130692970997, -34.647562167812367 ], [ -58.403484677821062, -34.648024810339621 ], [ -58.40361374160878, -34.648193395851962 ], [ -58.404398059408756, -34.64920889682142 ], [ -58.404436496135034, -34.649258662673766 ], [ -58.404437980327963, -34.649260660024453 ], [ -58.404505284172821, -34.649351725494398 ], [ -58.404557926254043, -34.649419575132036 ], [ -58.405048640988014, -34.649802200678252 ], [ -58.404937214231275, -34.649995528844414 ], [ -58.404750705379662, -34.650319032957732 ], [ -58.404667432745967, -34.650463501465403 ], [ -58.404430155034795, -34.650875009202721 ], [ -58.404424981257357, -34.650886147290052 ], [ -58.404399247810062, -34.65094154843441 ], [ -58.404321251963189, -34.651109465937864 ], [ -58.404299962939703, -34.65116228935976 ], [ -58.404281567355092, -34.651207936212444 ], [ -58.404170579323967, -34.651483338552801 ], [ -58.404002722772162, -34.651931429589879 ], [ -58.403931676375066, -34.652135129142984 ], [ -58.403837317340063, -34.652405859087416 ], [ -58.403584193245848, -34.653274403284748 ], [ -58.403413189661912, -34.653851146194569 ], [ -58.40324282666834, -34.654425722124103 ], [ -58.40274911353869, -34.655876754705545 ], [ -58.402012536994199, -34.657618862116685 ], [ -58.401239757132437, -34.659442643947195 ], [ -58.40121326744125, -34.659505158810042 ], [ -58.401040003062363, -34.6599758696563 ], [ -58.401048544647182, -34.65998708776133 ], [ -58.401054187912919, -34.659994408877715 ], [ -58.401101652439749, -34.659953222488461 ], [ -58.40137447154094, -34.659871079439846 ], [ -58.401411689141469, -34.659851336231021 ], [ -58.401416552728364, -34.659848756191799 ], [ -58.401435108637465, -34.659838912636012 ], [ -58.401551358247225, -34.659780196705526 ], [ -58.401784284117909, -34.659661945340524 ], [ -58.401825016588688, -34.659638602149244 ], [ -58.401825257776729, -34.6596384643546 ], [ -58.401877594542512, -34.659608470958943 ], [ -58.402168253701795, -34.659540503531396 ], [ -58.402324157134373, -34.659483341843199 ], [ -58.40241132844519, -34.659458417154667 ], [ -58.402534898054448, -34.659426207297052 ], [ -58.40265323791315, -34.659423881077345 ], [ -58.402731177234415, -34.659411995020761 ], [ -58.402835085751988, -34.659409661454639 ], [ -58.403004960595297, -34.659367472891994 ], [ -58.40309160649084, -34.659364184085113 ], [ -58.403082902518335, -34.659350339483666 ], [ -58.40334153499704, -34.659354698178213 ], [ -58.403813658364726, -34.659404320586141 ], [ -58.40384031756907, -34.659407162225541 ], [ -58.40400421940214, -34.65942610141871 ], [ -58.404167673376598, -34.659447519962889 ], [ -58.404334098173692, -34.65947319800209 ], [ -58.404515767066108, -34.659506677687133 ], [ -58.404678297367504, -34.659542013827014 ], [ -58.404852631818848, -34.659568712656736 ], [ -58.405287252082339, -34.65965191787177 ], [ -58.405321319237416, -34.659660036882045 ], [ -58.405384218095186, -34.659671997884558 ], [ -58.405428892556067, -34.659677718734535 ], [ -58.405484694600815, -34.659695269587168 ], [ -58.405560832400695, -34.659712149478906 ], [ -58.405605750389086, -34.659736434088366 ], [ -58.405650463442036, -34.659771564391086 ], [ -58.405650790481722, -34.659771892660252 ], [ -58.405689625312554, -34.659810959345684 ], [ -58.405690107364379, -34.659811135349095 ], [ -58.40580230338724, -34.659852036762317 ], [ -58.405917775997985, -34.659887421161045 ], [ -58.406035621037752, -34.659916984335091 ], [ -58.406155410928967, -34.659940617907672 ], [ -58.406258124057949, -34.659967433476616 ], [ -58.406405299163943, -34.660008047818934 ], [ -58.406529404619434, -34.660017645326256 ], [ -58.406652083892702, -34.660002199878036 ], [ -58.406810840589571, -34.659989156166667 ], [ -58.406945055279003, -34.659989218275811 ], [ -58.407050397180171, -34.66000238428866 ], [ -58.407113899082276, -34.659997643288513 ], [ -58.407170185008944, -34.659994092404936 ], [ -58.407232234297105, -34.660004853182699 ], [ -58.407294296950788, -34.65999414947828 ], [ -58.407405439942096, -34.65996557970243 ], [ -58.407442980673956, -34.65993816959967 ], [ -58.407525269228259, -34.659895277454744 ], [ -58.407604669898234, -34.659855961644816 ], [ -58.407649363620081, -34.659829982584149 ], [ -58.407702152834943, -34.659823570575249 ], [ -58.407794512706126, -34.65982742833944 ], [ -58.407868399446677, -34.65983127763657 ], [ -58.407926126098076, -34.659831303867485 ], [ -58.408000017740775, -34.659829430012941 ], [ -58.408117765453753, -34.659850470970966 ], [ -58.408307108085964, -34.659850556518549 ], [ -58.408369465081421, -34.659831504409119 ], [ -58.408494196571894, -34.659766688516562 ], [ -58.408588882131632, -34.659745743431095 ], [ -58.408665107049821, -34.659705709781903 ], [ -58.408789826878099, -34.659658065507273 ], [ -58.408893758919959, -34.659619952390948 ], [ -58.408969966087909, -34.659608387885072 ], [ -58.408981512098052, -34.659606635273079 ], [ -58.409108550940672, -34.659543728069565 ], [ -58.409249447558814, -34.659475102901091 ], [ -58.409401898662651, -34.659391218140328 ], [ -58.409537155696569, -34.659307861046848 ], [ -58.409632431695314, -34.659264973200514 ], [ -58.409724835378015, -34.659198234417161 ], [ -58.409863461177132, -34.659069504884648 ], [ -58.409968537017846, -34.659028609586784 ], [ -58.409989278162371, -34.659012907018301 ], [ -58.410003432646086, -34.659002191793 ], [ -58.410027957896901, -34.658986711718264 ], [ -58.410041041737465, -34.65897845327418 ], [ -58.410082902558379, -34.658938426252767 ], [ -58.410132000750181, -34.658890748469851 ], [ -58.41021859224837, -34.658886015917723 ], [ -58.410286498659225, -34.658902645895317 ], [ -58.410333132010408, -34.658900191782088 ], [ -58.410398869807814, -34.658891040325543 ], [ -58.41046278014047, -34.658875374426835 ], [ -58.410523923602419, -34.658853424443954 ], [ -58.410580137469381, -34.658826126916132 ], [ -58.410581396729441, -34.65882551540075 ], [ -58.410634354915352, -34.658792056179252 ], [ -58.410682015683165, -34.658753542225099 ], [ -58.410758365978907, -34.658715776172023 ], [ -58.410837995531637, -34.658682959341427 ], [ -58.410896630080295, -34.65865700220904 ], [ -58.410998246824711, -34.658626517664352 ], [ -58.411090627061128, -34.658596029981489 ], [ -58.411192241374991, -34.658567453566469 ], [ -58.411239806027595, -34.658600034749284 ], [ -58.411300117346862, -34.658598080080097 ], [ -58.411449169687259, -34.658586479264301 ], [ -58.411597699701503, -34.658570972219344 ], [ -58.411745560091568, -34.658551574208822 ], [ -58.411860961039451, -34.658518736673813 ], [ -58.411973839929971, -34.658480375907381 ], [ -58.412022623570564, -34.65845945659342 ], [ -58.412072835811543, -34.658440989705269 ], [ -58.412143069309053, -34.65841993692969 ], [ -58.412215143402392, -34.658403679504246 ], [ -58.412288580235419, -34.65839232449396 ], [ -58.412362892153517, -34.658385949214335 ], [ -58.412409510351118, -34.658384512897726 ], [ -58.412456157893111, -34.658385038953149 ], [ -58.412721790212132, -34.658389353625935 ], [ -58.412987127124417, -34.658400571525732 ], [ -58.413251905802177, -34.658418681729543 ], [ -58.413515864512746, -34.65844366520443 ], [ -58.41377874043426, -34.658475498412201 ], [ -58.414040275112676, -34.65851414880445 ], [ -58.414300209004566, -34.658559578426008 ], [ -58.414558284750264, -34.658611743014845 ], [ -58.414927167763032, -34.65873683937793 ], [ -58.415217868714045, -34.658841044203527 ], [ -58.415581482352977, -34.65894374178469 ], [ -58.415611810527892, -34.658950239321577 ], [ -58.415780059176022, -34.658986287640552 ], [ -58.415957199151997, -34.659069400182396 ], [ -58.416187496455784, -34.659132391831825 ], [ -58.416398767552408, -34.659130388314388 ], [ -58.416627958245428, -34.659245683229898 ], [ -58.416630954056487, -34.65924719063873 ], [ -58.416891616228234, -34.659378316005693 ], [ -58.41709075552523, -34.659407011521893 ], [ -58.417318748386066, -34.65945241267832 ], [ -58.417708317372288, -34.659602813795189 ], [ -58.417768955146364, -34.659557521493753 ], [ -58.417829589158146, -34.659516999440903 ], [ -58.417901752140551, -34.659507486671892 ], [ -58.41790348368805, -34.659508917859945 ], [ -58.417959452597877, -34.659555207342521 ], [ -58.417997492555351, -34.659652114424922 ], [ -58.417998829750459, -34.659652544896019 ], [ -58.418101381537966, -34.65968554224041 ], [ -58.418684324815764, -34.659857477125996 ], [ -58.419464223585329, -34.660013023084922 ], [ -58.420026974944314, -34.660170633442263 ], [ -58.420894934395214, -34.660473594282379 ], [ -58.421087701012866, -34.660567568621751 ], [ -58.421849549928275, -34.660861184181101 ], [ -58.422495940797042, -34.661173836598202 ], [ -58.422591165615025, -34.661226337897048 ], [ -58.42328944534934, -34.661603771751572 ], [ -58.423499686922646, -34.66172999191496 ], [ -58.423597173926993, -34.661788518742384 ], [ -58.42364859484659, -34.661819389048844 ], [ -58.423893559356181, -34.661966453813015 ], [ -58.423893587710673, -34.661966473653301 ], [ -58.424043891438181, -34.6620516470974 ], [ -58.424124769534302, -34.661948461298003 ], [ -58.42412811077245, -34.661944198649671 ], [ -58.424155478772299, -34.661909282221302 ], [ -58.42419492383106, -34.661858957259909 ], [ -58.424197773924661, -34.661855320971554 ], [ -58.424216931000714, -34.661830879885486 ], [ -58.424688004873126, -34.661229862134299 ], [ -58.424944681086259, -34.660923250777088 ], [ -58.425031405908612, -34.660816376710414 ], [ -58.425095618991953, -34.660737273483882 ], [ -58.425309604466065, -34.660473663525146 ], [ -58.425720762659175, -34.659967149563172 ], [ -58.42635573437525, -34.659185051836268 ], [ -58.426443788242118, -34.659076590647764 ], [ -58.426748301616591, -34.658677947377946 ], [ -58.426880540418409, -34.658581688019005 ], [ -58.427139948404793, -34.658392851440595 ], [ -58.427283170495322, -34.658288527243606 ], [ -58.427766908564436, -34.657945600095971 ], [ -58.427831498623739, -34.657899811755037 ], [ -58.427972075552141, -34.657798725651695 ], [ -58.4286680501367, -34.657298077222386 ], [ -58.428797287476556, -34.657205578311981 ], [ -58.428908451342856, -34.657126031090854 ], [ -58.429156219926398, -34.656947236007646 ], [ -58.429486347585119, -34.65670900750986 ], [ -58.429636045625998, -34.656593978022279 ], [ -58.42984007499782, -34.656441125513467 ], [ -58.43070315718689, -34.655794521660447 ], [ -58.430813855561311, -34.655696333115728 ], [ -58.43093683881343, -34.655628629952446 ], [ -58.431290746833682, -34.655431528198449 ], [ -58.4313912580105, -34.655338596200622 ], [ -58.431995045550153, -34.654900511235397 ], [ -58.432120183155945, -34.654809696961955 ], [ -58.433085137556077, -34.654104442528293 ], [ -58.43443587935198, -34.653117109717876 ], [ -58.433702563514252, -34.652536184822303 ], [ -58.433680528975174, -34.652518729103683 ], [ -58.433641386699925, -34.652487986051803 ], [ -58.433336836919317, -34.652248785928819 ], [ -58.432998508116285, -34.651983052502459 ], [ -58.432993148209583, -34.651978842652284 ], [ -58.432744563793825, -34.65178065145632 ], [ -58.432050464702442, -34.651227252946342 ], [ -58.432033245378577, -34.651213523589824 ], [ -58.432029747131978, -34.65121062474234 ], [ -58.431004879238408, -34.650361347448921 ], [ -58.430985583454927, -34.650345357361957 ], [ -58.430711476180981, -34.650113939717158 ], [ -58.430662855099172, -34.650072890711954 ], [ -58.430563783467868, -34.649989247962722 ], [ -58.430549565802728, -34.649977244459649 ], [ -58.430442942343539, -34.649887225646161 ], [ -58.430442655846271, -34.649886983765207 ], [ -58.430439538870509, -34.649884352196814 ], [ -58.430432458920855, -34.649878374808424 ], [ -58.430474557057472, -34.649847433392033 ], [ -58.430494221186521, -34.649832980577742 ], [ -58.430503943563053, -34.649825834786469 ], [ -58.430506649927707, -34.649823845651404 ], [ -58.430592028710947, -34.649761093136185 ], [ -58.430767036760273, -34.649632316020337 ], [ -58.430818766592019, -34.649594251333006 ], [ -58.430838886411252, -34.649578181755345 ], [ -58.430899804516763, -34.649529525192705 ], [ -58.430902022635173, -34.649527753533569 ], [ -58.431134302630014, -34.649342225835433 ], [ -58.431151621501094, -34.649328392779566 ], [ -58.431793296478936, -34.648815864431356 ], [ -58.431964405549039, -34.648679191961946 ], [ -58.432034205791346, -34.648623433909627 ], [ -58.432103050236925, -34.648568440035795 ], [ -58.432614719045496, -34.64815970856349 ], [ -58.432842626620207, -34.647977648255655 ], [ -58.432956732566439, -34.647888534822286 ], [ -58.432969460712201, -34.647878594491196 ], [ -58.433767568280608, -34.647254745015516 ], [ -58.434504828668395, -34.646679450475276 ], [ -58.434602262650287, -34.646577905546103 ], [ -58.43492550133184, -34.646241024833131 ], [ -58.433538897372536, -34.645622097833801 ], [ -58.433484030610032, -34.645597576741658 ], [ -58.43262063815402, -34.645220176900793 ], [ -58.432110074021473, -34.645167863527469 ], [ -58.432177494855495, -34.644206464891745 ], [ -58.432218703857679, -34.643608301194263 ], [ -58.432255318074475, -34.642990417777526 ], [ -58.432308659829552, -34.642300566767311 ], [ -58.432346954147341, -34.641745500611513 ], [ -58.432116314834659, -34.641698329334261 ], [ -58.431424231206719, -34.641554980261034 ], [ -58.431160877962334, -34.641498853866914 ], [ -58.43099771917386, -34.641464091810001 ], [ -58.430926236233447, -34.641448862356704 ], [ -58.430900302280683, -34.641444470980687 ], [ -58.430788636905774, -34.641425562901887 ], [ -58.430126452056719, -34.641313434979821 ], [ -58.429925034589985, -34.641285702938383 ], [ -58.429835683847486, -34.641273358796525 ], [ -58.429734522074241, -34.64125938338114 ], [ -58.429525306658491, -34.641223783675436 ], [ -58.429253648603762, -34.641177559228474 ], [ -58.428569060058066, -34.641061238525552 ], [ -58.428357166112583, -34.641025191653931 ], [ -58.427999153831223, -34.640964736020969 ], [ -58.42767984620987, -34.640910783549494 ], [ -58.427425499480513, -34.640867806985277 ], [ -58.426771077364116, -34.640757259528613 ], [ -58.426169566466655, -34.640655668533022 ], [ -58.425852715984057, -34.640602122486754 ], [ -58.425072450508303, -34.640470257966982 ], [ -58.424974732759736, -34.640453481685022 ], [ -58.42492122161083, -34.640444294747851 ], [ -58.423494816779041, -34.640204609716719 ], [ -58.422309027653498, -34.639993370204557 ], [ -58.420920813927026, -34.639746062634934 ], [ -58.420920356995332, -34.639745981348646 ], [ -58.419952615924892, -34.639573566301081 ], [ -58.419759573567028, -34.639539172411652 ], [ -58.419537208693477, -34.639500852929395 ], [ -58.419298401085648, -34.639459710183466 ], [ -58.419180865989937, -34.639442538102251 ], [ -58.418625760134489, -34.639361436593845 ], [ -58.418519680307213, -34.639345954621241 ], [ -58.418483052442461, -34.639340609287828 ], [ -58.418468131873816, -34.639338178007812 ], [ -58.418467757882787, -34.639338117224263 ], [ -58.418461551614932, -34.639337105691411 ], [ -58.418459699889731, -34.639336823768652 ], [ -58.418453030238581, -34.639335717080897 ], [ -58.418452939724716, -34.63933570262499 ], [ -58.41845125271923, -34.639335427807978 ], [ -58.418442608154642, -34.639334019148301 ], [ -58.417261154870445, -34.639141490947203 ], [ -58.417089993767689, -34.639112552939629 ], [ -58.41613903072944, -34.63895183501225 ], [ -58.416093303507864, -34.638943810037361 ], [ -58.415921210369056, -34.638913607143415 ], [ -58.415847064556871, -34.638900594311615 ], [ -58.414556604868352, -34.638674097526405 ], [ -58.413195356141443, -34.638435163540386 ], [ -58.412074712221028, -34.638238387472192 ], [ -58.411883187305968, -34.63820475614839 ], [ -58.411629220316996, -34.638163310745924 ], [ -58.411263904263677, -34.638103577189327 ], [ -58.411370113996909, -34.638439611107721 ], [ -58.41175810274256, -34.639453869360437 ], [ -58.411829144241345, -34.639622633715931 ], [ -58.41223666971743, -34.640613870013873 ], [ -58.41235195263377, -34.640893568221173 ], [ -58.412438444581525, -34.641103213357482 ], [ -58.412492250566643, -34.641233630155284 ], [ -58.412701720674505, -34.641742947095878 ], [ -58.412941823291398, -34.642326501593928 ], [ -58.413054395957438, -34.642586831918656 ], [ -58.413151483701235, -34.642811451574786 ], [ -58.413251549672772, -34.643043043919079 ], [ -58.413439781534208, -34.643459321898753 ], [ -58.413342547768153, -34.643477451045108 ], [ -58.413106189068742, -34.644448206808939 ], [ -58.413033238428895, -34.644748038121463 ], [ -58.412831896155176, -34.645574792912115 ], [ -58.412808319615785, -34.645671755640571 ], [ -58.412559299866828, -34.646702575971212 ], [ -58.412287550942416, -34.647827401018667 ], [ -58.412244323338967, -34.64800653921084 ], [ -58.412212299960487, -34.648138877894098 ], [ -58.412103892117266, -34.648586868231178 ], [ -58.410373157094213, -34.64830697276529 ], [ -58.409011530485799, -34.648086750677166 ], [ -58.406369708650509, -34.647659429835791 ], [ -58.405004014597623, -34.647438502153442 ], [ -58.405003875000226, -34.64743847955134 ], [ -58.403649643586661, -34.647213692231226 ], [ -58.402749810940186, -34.64706432142021 ], [ -58.40274972478354, -34.64706430695481 ] ] ] } },
{ "type": "Feature", "properties": { "id": 20, "objeto": "BARRIO", "nombre": "Nuñez", "comuna": 13, "perimetro_": 10902.95, "area_metro": 4496656.39 }, "geometry": { "type": "Polygon", "coordinates": [ [ [ -58.454624107950053, -34.528603934802803 ], [ -58.454624107950053, -34.528603934802803 ], [ -58.454586438031889, -34.52864942408376 ], [ -58.454516636483007, -34.528733714581463 ], [ -58.45445650990267, -34.528806321674843 ], [ -58.454410371640918, -34.528862036779181 ], [ -58.454374271949966, -34.528905629558928 ], [ -58.454330930359774, -34.528959044270891 ], [ -58.454290857806861, -34.529008430106053 ], [ -58.45419404084997, -34.529127748044175 ], [ -58.454049962288337, -34.529305310758971 ], [ -58.453942970184137, -34.529342662339708 ], [ -58.453814347026459, -34.529387565281475 ], [ -58.453710361195178, -34.529423867083644 ], [ -58.453575618582697, -34.529470906002317 ], [ -58.453400247398044, -34.529528812709607 ], [ -58.453245673432392, -34.529579852001142 ], [ -58.453096675487963, -34.529629049883184 ], [ -58.452992393914485, -34.529663482648637 ], [ -58.452923492397503, -34.529686233197602 ], [ -58.452815471835329, -34.529721900336455 ], [ -58.452634899822961, -34.529781522842313 ], [ -58.452548643522839, -34.529808435603542 ], [ -58.452437437623047, -34.52984313275433 ], [ -58.452263658190077, -34.529897353098789 ], [ -58.452125701753062, -34.529940396202612 ], [ -58.452036173343181, -34.529981549319594 ], [ -58.451950930671927, -34.530020732331693 ], [ -58.451886198282857, -34.530067152040061 ], [ -58.451862953577198, -34.530095006686224 ], [ -58.451823619440091, -34.530142141602269 ], [ -58.451788892011734, -34.53019772314159 ], [ -58.45174723145729, -34.530264401095998 ], [ -58.451691980367151, -34.530352830593031 ], [ -58.451666079661024, -34.530426037946192 ], [ -58.451674231548907, -34.530498090639462 ], [ -58.451679009059305, -34.530540317915047 ], [ -58.451696166397198, -34.530578445894122 ], [ -58.45171998987577, -34.530631387675278 ], [ -58.451761003916921, -34.530704684533568 ], [ -58.451785329865984, -34.530748157764172 ], [ -58.451804584773285, -34.530782568432159 ], [ -58.451828986455283, -34.530826176915603 ], [ -58.451855882360917, -34.53087424279169 ], [ -58.451894452874981, -34.53093501260868 ], [ -58.451930354231266, -34.53099157694033 ], [ -58.451957308534347, -34.531034044697243 ], [ -58.451989622417216, -34.531084956656152 ], [ -58.452006571333222, -34.531111886736525 ], [ -58.452042396022506, -34.531168808409653 ], [ -58.452042396022506, -34.531168808409653 ], [ -58.452085829974855, -34.531222020965949 ], [ -58.452171741653359, -34.531327274699514 ], [ -58.452183955182051, -34.531342238693284 ], [ -58.452215905314851, -34.531381381805105 ], [ -58.452236900669654, -34.531407103942762 ], [ -58.452262346211519, -34.531438278132804 ], [ -58.452270138277996, -34.531447824107545 ], [ -58.45227020797639, -34.531447909749922 ], [ -58.452284606151508, -34.531465550284253 ], [ -58.452286148148239, -34.531467439426976 ], [ -58.452289885810629, -34.531472018539866 ], [ -58.45229971765324, -34.531484064369344 ], [ -58.452302062354335, -34.531486936545043 ], [ -58.45230274191465, -34.531487769530052 ], [ -58.452302766962447, -34.531487801082463 ], [ -58.452304510481547, -34.531490184627465 ], [ -58.452344656095249, -34.531545090894028 ], [ -58.452385417058899, -34.531600838238532 ], [ -58.452490275864868, -34.531744250175976 ], [ -58.452533333780202, -34.531803139165376 ], [ -58.452572572533612, -34.531856804902958 ], [ -58.452600653141246, -34.531895209297566 ], [ -58.45263839565299, -34.531946827728653 ], [ -58.452668718637277, -34.531988298976529 ], [ -58.452684450793519, -34.532009815738483 ], [ -58.452688117914214, -34.532014830656045 ], [ -58.452690800941518, -34.532018499790567 ], [ -58.452690991522225, -34.532018760321129 ], [ -58.452694248818716, -34.532023214582573 ], [ -58.45269858643595, -34.532029147287147 ], [ -58.452699992377312, -34.53203107016494 ], [ -58.452700380073033, -34.532031600240948 ], [ -58.452700398586465, -34.532031626384082 ], [ -58.452700646880366, -34.532032010415925 ], [ -58.452708280733155, -34.532043805755784 ], [ -58.452712137010131, -34.532049764226279 ], [ -58.452728210785018, -34.532074602791113 ], [ -58.4532190448707, -34.532833045631577 ], [ -58.454135352247782, -34.534178283013141 ], [ -58.454411986222304, -34.534521749150755 ], [ -58.454519828737347, -34.534751625773268 ], [ -58.454519828737361, -34.534751625773275 ], [ -58.454519828737361, -34.534751625773275 ], [ -58.454667510588777, -34.534948402722321 ], [ -58.454758706596877, -34.535026106301359 ], [ -58.454912459779152, -34.535157111251308 ], [ -58.454898045136616, -34.535204811344961 ], [ -58.45496648619892, -34.53527636720969 ], [ -58.455099775614336, -34.535315133306355 ], [ -58.455195392500421, -34.535369558244604 ], [ -58.455195392500421, -34.535369558244604 ], [ -58.455195392500428, -34.535369558244604 ], [ -58.455259948504683, -34.535384826461595 ], [ -58.455389056974489, -34.535453524019466 ], [ -58.455437470728974, -34.535497412466135 ], [ -58.455508796886846, -34.535545432718983 ], [ -58.455547148654752, -34.535559838241568 ], [ -58.455575192910885, -34.535574273330539 ], [ -58.455604351008631, -34.535589281729862 ], [ -58.456753926013448, -34.536176750719868 ], [ -58.456880731227685, -34.536241629905476 ], [ -58.457984462581713, -34.536748626282446 ], [ -58.457984462581777, -34.536748626282417 ], [ -58.458531875045672, -34.537000072901833 ], [ -58.458540220218467, -34.536986600664548 ], [ -58.458743387426161, -34.537080146256109 ], [ -58.458761440823402, -34.537088458130128 ], [ -58.458783653020689, -34.537098684796582 ], [ -58.458786930605591, -34.537100193914675 ], [ -58.458792144895916, -34.537102594620301 ], [ -58.458792186287809, -34.537102613551916 ], [ -58.458847187428979, -34.537127938593386 ], [ -58.458717967963096, -34.537216853765038 ], [ -58.458874033518008, -34.537343254676294 ], [ -58.459207627523412, -34.537613440941414 ], [ -58.459444797300463, -34.537805529149658 ], [ -58.458286350904316, -34.538604380921726 ], [ -58.457496490004765, -34.539011046638372 ], [ -58.454749329918712, -34.540332609080409 ], [ -58.453217573684107, -34.540799405708455 ], [ -58.453062592991252, -34.540842281112646 ], [ -58.45285561231659, -34.540896490086205 ], [ -58.452641055825836, -34.540961544068551 ], [ -58.452583778398854, -34.540978862761939 ], [ -58.452346155833268, -34.541060463575462 ], [ -58.451708940588588, -34.541325905101395 ], [ -58.450051399013425, -34.542233471382161 ], [ -58.449277185545156, -34.542658922586782 ], [ -58.449408423926478, -34.542764350028364 ], [ -58.449967084541292, -34.543549022308852 ], [ -58.450425125247001, -34.544141621620426 ], [ -58.450751707815201, -34.54453544294681 ], [ -58.452126397312803, -34.546290855692689 ], [ -58.45217736495556, -34.54639121479827 ], [ -58.452554614437901, -34.546880130361174 ], [ -58.452849541022992, -34.547262351618762 ], [ -58.453665718264958, -34.548319979434915 ], [ -58.453820933804089, -34.548573730653857 ], [ -58.453963441802287, -34.548770396730461 ], [ -58.454123461691019, -34.548991228588179 ], [ -58.454163356747124, -34.549203560728991 ], [ -58.454159758502968, -34.549411029992044 ], [ -58.454025182677995, -34.549525106629638 ], [ -58.45339854137066, -34.55005667664728 ], [ -58.453395536347919, -34.550059225647416 ], [ -58.453008638781277, -34.550510471991302 ], [ -58.454280173726573, -34.551171291749775 ], [ -58.45546014848977, -34.551794345885675 ], [ -58.455640680596616, -34.551889672713905 ], [ -58.455743995439228, -34.551944226462446 ], [ -58.456492046168741, -34.552332167348496 ], [ -58.457279851350208, -34.552740739315766 ], [ -58.457407606980098, -34.552806943828301 ], [ -58.457594856841041, -34.552903926705831 ], [ -58.458190229846039, -34.553212410525383 ], [ -58.458536049031267, -34.553391584512873 ], [ -58.458756751523055, -34.553505891471978 ], [ -58.459474188384362, -34.553882050995625 ], [ -58.460411656676833, -34.554373567591483 ], [ -58.461355776534454, -34.554868526825445 ], [ -58.462534919293631, -34.555486652596073 ], [ -58.462839391286501, -34.555620390148128 ], [ -58.463414628108495, -34.555921313231522 ], [ -58.463734169350808, -34.556088499657747 ], [ -58.464343801959799, -34.556407446792775 ], [ -58.465276986390741, -34.556895614915156 ], [ -58.466219545505027, -34.557388705555901 ], [ -58.467182801512237, -34.557892634213985 ], [ -58.467759772648776, -34.558194452508133 ], [ -58.468221148916591, -34.558434017405453 ], [ -58.46918578969931, -34.558934831005139 ], [ -58.469651203254436, -34.558427120360591 ], [ -58.470069966408303, -34.557950748666286 ], [ -58.470873603514669, -34.557036526429535 ], [ -58.471557463770345, -34.556169348901228 ], [ -58.471851430394125, -34.555796503920618 ], [ -58.472450927811735, -34.555023062207013 ], [ -58.472744460854408, -34.554644439581793 ], [ -58.472985116978052, -34.554329230575931 ], [ -58.472985138764926, -34.554329201728464 ], [ -58.473587593049267, -34.553540261146637 ], [ -58.474437341151727, -34.55242741425036 ], [ -58.473574289783187, -34.551950084689786 ], [ -58.472705033510103, -34.551469227582494 ], [ -58.471865069453564, -34.551004559988378 ], [ -58.471009196879663, -34.550531155433973 ], [ -58.470158951485082, -34.550060772429873 ], [ -58.469304290139611, -34.549587989487215 ], [ -58.468374652203877, -34.549082314987778 ], [ -58.468190970588012, -34.54894654457668 ], [ -58.468227566606252, -34.548900837894912 ], [ -58.468510203325543, -34.54854616929439 ], [ -58.46855471310996, -34.54849032108433 ], [ -58.468669233462691, -34.548353545707613 ], [ -58.468849517166312, -34.548120370105252 ], [ -58.468977065615306, -34.547960334234205 ], [ -58.469130617012354, -34.547767672422545 ], [ -58.469402352148407, -34.547417086591963 ], [ -58.469941135952872, -34.5467220421368 ], [ -58.470432507103752, -34.546072632022756 ], [ -58.47101416013939, -34.54528560539832 ], [ -58.471538616104155, -34.544575976618454 ], [ -58.472095485006015, -34.543823383683375 ], [ -58.472693444859516, -34.543015361380469 ], [ -58.473237528893321, -34.542280158943946 ], [ -58.473787814837756, -34.541536502545149 ], [ -58.474357491867814, -34.54076664442551 ], [ -58.474928859632094, -34.539994599222432 ], [ -58.4754205521294, -34.539343995530864 ], [ -58.475453480201736, -34.539300424270031 ], [ -58.475488180214739, -34.539254509101177 ], [ -58.475546171768052, -34.53917777344715 ], [ -58.475681285673829, -34.538998989720056 ], [ -58.475762200177378, -34.538891922067087 ], [ -58.47584686857838, -34.538779886183441 ], [ -58.475907967739957, -34.538699038602807 ], [ -58.475954554668476, -34.538637392988811 ], [ -58.475881894112177, -34.538605303220749 ], [ -58.475340759411957, -34.538366327873895 ], [ -58.475268099340433, -34.5383342395209 ], [ -58.47524704722116, -34.538324942409773 ], [ -58.474709879025283, -34.538087713914194 ], [ -58.474637832989643, -34.538055896087485 ], [ -58.474637219468953, -34.538055625136025 ], [ -58.474413819450085, -34.537956963815844 ], [ -58.474323333760523, -34.537917001632884 ], [ -58.474126108331582, -34.537829899468463 ], [ -58.474081672260375, -34.537810274759615 ], [ -58.474053449228968, -34.537797810332485 ], [ -58.473407505332979, -34.53751253269246 ], [ -58.473334845495799, -34.537480442530601 ], [ -58.473318617577618, -34.537473275473566 ], [ -58.471198575511821, -34.536536934164481 ], [ -58.4711259181476, -34.536504843165496 ], [ -58.471096627647462, -34.536491906241366 ], [ -58.468012492958017, -34.535129653319963 ], [ -58.467837840871113, -34.535052506356287 ], [ -58.46759704447495, -34.534946141563132 ], [ -58.467487966879474, -34.534897959295179 ], [ -58.467404885480285, -34.534861260194191 ], [ -58.46738656728926, -34.534853168585919 ], [ -58.467382588610633, -34.534851411102345 ], [ -58.467230559850961, -34.534784255785645 ], [ -58.467226127570569, -34.53478229801749 ], [ -58.467183862426864, -34.534763628003681 ], [ -58.466910732172721, -34.534642978417345 ], [ -58.466909098133513, -34.534642256611754 ], [ -58.466908410726859, -34.534641952963007 ], [ -58.46690790731062, -34.534641730588497 ], [ -58.466906776687672, -34.534641231157373 ], [ -58.46690558716508, -34.534640705708433 ], [ -58.466905122016726, -34.534640500238048 ], [ -58.466903421786419, -34.534639749193666 ], [ -58.466902799723265, -34.534639474409133 ], [ -58.466902379286672, -34.53463928868922 ], [ -58.466901563341089, -34.534638928260748 ], [ -58.466901100340735, -34.534638723739192 ], [ -58.466900626600605, -34.534638514473471 ], [ -58.466900056993296, -34.534638262860248 ], [ -58.466899753055664, -34.53463812860155 ], [ -58.466899241047727, -34.534637902431761 ], [ -58.46689857986906, -34.534637610368641 ], [ -58.466898305607529, -34.534637489218802 ], [ -58.466897432062602, -34.534637103346903 ], [ -58.466897354679183, -34.534637069164233 ], [ -58.466896258875998, -34.534636585113923 ], [ -58.466895871111142, -34.534636413826156 ], [ -58.466895033686157, -34.534636043909508 ], [ -58.466893858351639, -34.534635524727705 ], [ -58.466893548817922, -34.534635387997042 ], [ -58.466892699352975, -34.534635012761953 ], [ -58.466892299548164, -34.534634836155703 ], [ -58.466891536058448, -34.534634498898555 ], [ -58.466890382203445, -34.534633989204863 ], [ -58.466889978102763, -34.53463381070101 ], [ -58.466888406411655, -34.534633116436069 ], [ -58.46688806205831, -34.534632964324459 ], [ -58.466886957663455, -34.534632476478812 ], [ -58.466886084966333, -34.53463209098129 ], [ -58.466884976275622, -34.534631601238019 ], [ -58.466884636670699, -34.534631451223909 ], [ -58.466882826385614, -34.534630651564463 ], [ -58.46688265443521, -34.534630575608602 ], [ -58.466881634715371, -34.534630125166473 ], [ -58.466880504092693, -34.534629625735093 ], [ -58.466880053980098, -34.534629426906278 ], [ -58.466879313270184, -34.534629099711559 ], [ -58.46687868476338, -34.534628822080428 ], [ -58.466877732535018, -34.53462840145135 ], [ -58.466876791498883, -34.534627985766207 ], [ -58.466876621696436, -34.534627910759149 ], [ -58.46687636377083, -34.534627796825319 ], [ -58.466875327715222, -34.534627339167109 ], [ -58.466874469206118, -34.534626959936737 ], [ -58.466874299403671, -34.534626884929679 ], [ -58.466873452934593, -34.534626511017727 ], [ -58.466873005422492, -34.534626313337583 ], [ -58.466872151661825, -34.534625936204733 ], [ -58.466871131942142, -34.534625485762547 ], [ -58.466870615638463, -34.534625257694998 ], [ -58.466869830216943, -34.534624910749685 ], [ -58.466869219346258, -34.534624640908874 ], [ -58.46686829419356, -34.534624232239871 ], [ -58.466868095167577, -34.534624144323857 ], [ -58.466867956736614, -34.534624083174549 ], [ -58.466866897901404, -34.534623615453746 ], [ -58.466865980945308, -34.5346232104054 ], [ -58.466865773722745, -34.534623118868666 ], [ -58.466865635291803, -34.534623057719365 ], [ -58.466864743263386, -34.534622663682327 ], [ -58.466863659500561, -34.534622184950166 ], [ -58.466862855595288, -34.534621829839892 ], [ -58.466862422271163, -34.534621638426977 ], [ -58.466862394743032, -34.534621626266969 ], [ -58.466862068873574, -34.534621482320162 ], [ -58.466860803268361, -34.534620923262445 ], [ -58.466860534150548, -34.534620804384637 ], [ -58.466860072450622, -34.534620600437229 ], [ -58.466859746581179, -34.53462045649043 ], [ -58.466858480975993, -34.534619897432705 ], [ -58.466857645699292, -34.534619528464617 ], [ -58.466855324254738, -34.534618503009256 ], [ -58.466852749180553, -34.534617365517583 ], [ -58.466851696789362, -34.534616900643108 ], [ -58.466850427736119, -34.534616340062108 ], [ -58.466849375344928, -34.534615875187598 ], [ -58.466847534536733, -34.534615062044288 ], [ -58.466845212244692, -34.534614036214279 ], [ -58.466843178402009, -34.534613137801422 ], [ -58.466840857410268, -34.534612112545666 ], [ -58.466839737527842, -34.534611617858005 ], [ -58.466837416536244, -34.534610592602185 ], [ -58.466834136872869, -34.534609143870462 ], [ -58.466831815428897, -34.534608118414631 ], [ -58.466829466061647, -34.53460708062417 ], [ -58.466827801500074, -34.534606345334147 ], [ -58.466827715524907, -34.534606307356171 ], [ -58.46682714461776, -34.534606055168261 ], [ -58.466825480056208, -34.534605319878217 ], [ -58.466825394081063, -34.534605281900227 ], [ -58.466793632154065, -34.534591251634886 ], [ -58.466793528542851, -34.534591205866484 ], [ -58.466793436123872, -34.534591165042038 ], [ -58.466793342404678, -34.534591123643239 ], [ -58.466793212565634, -34.534591066289124 ], [ -58.466793117998726, -34.534591024515834 ], [ -58.466793039767687, -34.534590989958637 ], [ -58.466792918972892, -34.534590936599692 ], [ -58.466792755614428, -34.534590864438947 ], [ -58.466792627923311, -34.534590808033656 ], [ -58.466792507976272, -34.534590755049166 ], [ -58.466792442632872, -34.534590726184881 ], [ -58.466792389329463, -34.534590702639022 ], [ -58.466792290014133, -34.534590658768217 ], [ -58.466792235410487, -34.534590634648026 ], [ -58.466792173515287, -34.534590607306903 ], [ -58.466792088387848, -34.534590569703361 ], [ -58.46679200670863, -34.534590533622982 ], [ -58.466791922881463, -34.534590496593822 ], [ -58.466791858838285, -34.534590468303854 ], [ -58.466791748783244, -34.534590419688989 ], [ -58.466791642176389, -34.534590372597293 ], [ -58.466791532121363, -34.5345903239824 ], [ -58.466791465477741, -34.534590294543754 ], [ -58.466791352427045, -34.534590244605617 ], [ -58.466791310711031, -34.534590226178302 ], [ -58.466791238923811, -34.534590194467576 ], [ -58.466791207099845, -34.534590180409893 ], [ -58.466791126720842, -34.534590144903866 ], [ -58.466791057081551, -34.534590114141935 ], [ -58.466791020961701, -34.534590098186634 ], [ -58.466790974102075, -34.534590077487252 ], [ -58.466790883831074, -34.534590037611601 ], [ -58.466790796555742, -34.534589999059278 ], [ -58.466790710580604, -34.534589961081267 ], [ -58.466790597529901, -34.534589911143101 ], [ -58.466790551518024, -34.534589890818161 ], [ -58.466790434171443, -34.534589838982377 ], [ -58.466790356788117, -34.534589804799644 ], [ -58.466790306932857, -34.534589782776941 ], [ -58.466790269965273, -34.534589766447162 ], [ -58.466790186985797, -34.534589729792422 ], [ -58.46679015776229, -34.534589716883467 ], [ -58.466790121642418, -34.534589700928144 ], [ -58.466790058446975, -34.534589673012682 ], [ -58.466789963880103, -34.534589631239434 ], [ -58.466789914024829, -34.534589609216731 ], [ -58.466789860721406, -34.534589585670872 ], [ -58.466789768302462, -34.53458954484644 ], [ -58.466789678879131, -34.534589505345281 ], [ -58.466789601495805, -34.534589471162526 ], [ -58.466789570124341, -34.534589457304754 ], [ -58.466789537452648, -34.534589442872601 ], [ -58.4667894600693, -34.534589408689875 ], [ -58.466789427397622, -34.534589394257715 ], [ -58.466789320790745, -34.534589347166019 ], [ -58.466789221475445, -34.534589303295213 ], [ -58.466789144092083, -34.534589269112473 ], [ -58.466789031041415, -34.534589219174322 ], [ -58.466788917538217, -34.534589169036266 ], [ -58.46678881607496, -34.534589124216645 ], [ -58.46678873439572, -34.534589088136265 ], [ -58.466788652716481, -34.534589052055921 ], [ -58.46678855340118, -34.534589008185101 ], [ -58.466788475170148, -34.534588973627912 ], [ -58.466788380603248, -34.534588931854614 ], [ -58.466788229284738, -34.534588865012331 ], [ -58.466788035402523, -34.534588779368264 ], [ -58.466787947279464, -34.534588740441457 ], [ -58.466787835924201, -34.534588691252218 ], [ -58.466787726716881, -34.534588643011823 ], [ -58.4667876385938, -34.534588604085002 ], [ -58.466787546174857, -34.534588563260549 ], [ -58.466787476535572, -34.534588532498617 ], [ -58.466787440415715, -34.53458851654328 ], [ -58.466787344548564, -34.534588474195687 ], [ -58.466787281353135, -34.534588446280196 ], [ -58.466787248681435, -34.534588431848057 ], [ -58.46678719407776, -34.53458840772786 ], [ -58.466787138626401, -34.534588383233206 ], [ -58.466787102506522, -34.534588367277877 ], [ -58.466787025123182, -34.534588333095158 ], [ -58.466786947739855, -34.534588298912411 ], [ -58.46678690947202, -34.534588282008265 ], [ -58.466786837684815, -34.534588250297546 ], [ -58.466786670030487, -34.534588176239147 ], [ -58.466786310641851, -34.534588017485518 ], [ -58.466785925025398, -34.534587847146227 ], [ -58.466785155092715, -34.534587507041934 ], [ -58.466785104784925, -34.534587484819362 ], [ -58.466785016661881, -34.534587445892555 ], [ -58.466784959910292, -34.534587420823499 ], [ -58.466784872634918, -34.534587382271141 ], [ -58.46678478106368, -34.534587341821158 ], [ -58.466784703680368, -34.534587307638404 ], [ -58.466784626297027, -34.534587273455678 ], [ -58.466784516241972, -34.534587224840777 ], [ -58.466784348587645, -34.534587150782407 ], [ -58.466784071725996, -34.534587028483614 ], [ -58.466783989199051, -34.534586992028778 ], [ -58.466783603582606, -34.534586821689444 ], [ -58.466782779046262, -34.53458645746494 ], [ -58.466781749435505, -34.534586002652382 ], [ -58.466781703876151, -34.534585982527346 ], [ -58.466779382433444, -34.534584957070521 ], [ -58.466778545009468, -34.534584587153063 ], [ -58.466776217123012, -34.534583558849739 ], [ -58.466774939479002, -34.534582994472686 ], [ -58.466773889689122, -34.534582530746249 ], [ -58.466772617188759, -34.534581968641291 ], [ -58.466770044264798, -34.534580832096708 ], [ -58.466767722822354, -34.534579806639641 ], [ -58.466764480976728, -34.534578374610284 ], [ -58.466762159986949, -34.534577349353029 ], [ -58.46675767661759, -34.534575368901614 ], [ -58.466755354327752, -34.534574343069856 ], [ -58.466752436203706, -34.534573054038454 ], [ -58.466752256509452, -34.534572974661586 ], [ -58.466752054035545, -34.534572885222197 ], [ -58.466751788366203, -34.534572767867296 ], [ -58.46675147668504, -34.534572630187462 ], [ -58.466751204571871, -34.534572509986099 ], [ -58.466750708900577, -34.534572291031779 ], [ -58.466750114366498, -34.534572028406501 ], [ -58.466750079546884, -34.534572013025496 ], [ -58.466749934672286, -34.534571949029626 ], [ -58.466749733046086, -34.534571859964686 ], [ -58.466749552051624, -34.534571780013458 ], [ -58.466749466924263, -34.534571742409909 ], [ -58.466749156543301, -34.5345716053044 ], [ -58.466749023708637, -34.534571546626971 ], [ -58.466748883129902, -34.534571484528691 ], [ -58.466748387458608, -34.534571265574336 ], [ -58.466747758104958, -34.534570987568046 ], [ -58.466747373788913, -34.534570817802972 ], [ -58.466747231909956, -34.534570755130353 ], [ -58.46674670271927, -34.534570521369389 ], [ -58.466745437963354, -34.534569962684941 ], [ -58.466745052347051, -34.534569792345479 ], [ -58.466743116521513, -34.534568937227434 ], [ -58.46674295661132, -34.534568866589801 ], [ -58.466740669141451, -34.534567856138729 ], [ -58.466740635169543, -34.534567841132237 ], [ -58.466738347699746, -34.534566830681158 ], [ -58.466737392477128, -34.534566408727677 ], [ -58.46673507103548, -34.534565383270007 ], [ -58.466733058279388, -34.534564494168933 ], [ -58.466730735990176, -34.534563468336728 ], [ -58.466727628280651, -34.534562095558186 ], [ -58.466725306839258, -34.53456107010031 ], [ -58.466723686991116, -34.534560354559503 ], [ -58.466721365549851, -34.53455932910159 ], [ -58.466715336269502, -34.53455666576734 ], [ -58.466715266630274, -34.534556635005366 ], [ -58.46671517076323, -34.534556592657694 ], [ -58.466715066304388, -34.534556546514743 ], [ -58.466714913685792, -34.534556479098008 ], [ -58.466714791590888, -34.534556425164638 ], [ -58.466713994130707, -34.534556072899818 ], [ -58.4667130148284, -34.534555640309271 ], [ -58.46671294518918, -34.534555609547304 ], [ -58.466712849322157, -34.534555567199632 ], [ -58.466712744863301, -34.534555521056681 ], [ -58.46671259224469, -34.534555453639911 ], [ -58.466712470149815, -34.534555399706527 ], [ -58.466711672689641, -34.534555047441721 ], [ -58.466710996476657, -34.5345547487358 ], [ -58.466708675035683, -34.534553723277661 ], [ -58.466707142463093, -34.534553046288998 ], [ -58.466704821474742, -34.53455202103067 ], [ -58.466684356351195, -34.534542980896674 ], [ -58.466682034910889, -34.534541955438002 ], [ -58.466680201850011, -34.534541145712979 ], [ -58.466677879562098, -34.53454011987975 ], [ -58.466670349536471, -34.534536793611977 ], [ -58.466668028096507, -34.534535768153034 ], [ -58.466665340824598, -34.534534581093631 ], [ -58.466663019384754, -34.534533555634596 ], [ -58.466654137330359, -34.534529632128013 ], [ -58.466651816343315, -34.534528606868683 ], [ -58.466581821825159, -34.534497687863599 ], [ -58.46657950038734, -34.534496662402944 ], [ -58.466522430254869, -34.534471452498657 ], [ -58.466504841575365, -34.534463682937677 ], [ -58.466502520592478, -34.534462657674609 ], [ -58.466424952332837, -34.534428392896501 ], [ -58.466424270525984, -34.534428091716777 ], [ -58.466422631351939, -34.534427367631942 ], [ -58.466421949545079, -34.534427066452196 ], [ -58.466315024398149, -34.534379833516532 ], [ -58.466129219219404, -34.534297756046399 ], [ -58.466127366385017, -34.534296937574197 ], [ -58.4661255088023, -34.534296117004416 ], [ -58.466123649524256, -34.534295295685673 ], [ -58.466121797365702, -34.534294477511871 ], [ -58.465895917987723, -34.534194697067797 ], [ -58.46589587659566, -34.53419467813859 ], [ -58.464988207572063, -34.533793712624622 ], [ -58.464658977326692, -34.533648273571401 ], [ -58.464650749944326, -34.53364463906756 ], [ -58.464618648254998, -34.533630457912885 ], [ -58.464618616431679, -34.533630443854712 ], [ -58.464612608360184, -34.533627789743967 ], [ -58.464612576536901, -34.533627775685751 ], [ -58.46459952521051, -34.53362201016261 ], [ -58.464593485316939, -34.533619341992754 ], [ -58.464565979514724, -34.533607191085139 ], [ -58.464559939623271, -34.533604522913585 ], [ -58.464507188390563, -34.533581219604251 ], [ -58.464501148502883, -34.533578551429819 ], [ -58.464450085904481, -34.533555994051035 ], [ -58.464444046020418, -34.533553325873712 ], [ -58.464381194282524, -34.533525560481635 ], [ -58.464375154402887, -34.533522892300915 ], [ -58.464304964591648, -34.533491885174982 ], [ -58.46429892471685, -34.533489216990461 ], [ -58.464244751994528, -34.533465285543215 ], [ -58.464238712123588, -34.53346261735571 ], [ -58.464171464541543, -34.533432909875124 ], [ -58.464165425522985, -34.533430242058472 ], [ -58.464143711677544, -34.533420649685581 ], [ -58.464138582299135, -34.533418383715258 ], [ -58.464137672659277, -34.533417981869832 ], [ -58.46413254340721, -34.533415715703875 ], [ -58.464115414276094, -34.53340814869226 ], [ -58.464109374409965, -34.533405480503674 ], [ -58.463806696357629, -34.533271767976068 ], [ -58.463804425289418, -34.533270764693498 ], [ -58.463803639891715, -34.53327041773084 ], [ -58.46380065781139, -34.533269100346537 ], [ -58.463799403831658, -34.53326854637978 ], [ -58.463798386743342, -34.533268097063832 ], [ -58.463797601345682, -34.53326775010111 ], [ -58.46379757995269, -34.533267725528866 ], [ -58.463786025328432, -34.53325445373433 ], [ -58.463763875318875, -34.533229011924888 ], [ -58.463240061564115, -34.532627346438979 ], [ -58.463193789849925, -34.532574197032893 ], [ -58.463158038167428, -34.532533131336137 ], [ -58.463157797826916, -34.532532855271846 ], [ -58.463124843275097, -34.532495002392572 ], [ -58.463095011347377, -34.532460736239067 ], [ -58.462928618785398, -34.532269610389392 ], [ -58.462826978294579, -34.532152861085933 ], [ -58.46267746439657, -34.531981121264955 ], [ -58.462665215753823, -34.531967051744545 ], [ -58.462516928657095, -34.531796719779322 ], [ -58.462432995272138, -34.531700308766034 ], [ -58.462348035771711, -34.531602718420586 ], [ -58.462344499148401, -34.531598656004753 ], [ -58.462341885917489, -34.531595653976737 ], [ -58.462224183717034, -34.531460452516832 ], [ -58.462220484800618, -34.531456203130475 ], [ -58.461713480843429, -34.530873815257266 ], [ -58.461688114874342, -34.53084467791323 ], [ -58.461688112538681, -34.530844675233034 ], [ -58.461687937456261, -34.530844474116357 ], [ -58.46165144841936, -34.530802559239589 ], [ -58.461468221668063, -34.530592085228307 ], [ -58.461419903172292, -34.530536582002213 ], [ -58.461398979752651, -34.530512547044751 ], [ -58.461380287215185, -34.530491074710874 ], [ -58.461374651921794, -34.53048460138146 ], [ -58.461285316642289, -34.530381980700319 ], [ -58.461277401896851, -34.53037288890647 ], [ -58.4612604230485, -34.53035338509472 ], [ -58.461201220404064, -34.530285378199387 ], [ -58.461134899563334, -34.530209194367423 ], [ -58.461123574701396, -34.530196185421879 ], [ -58.461111156934784, -34.530181921043457 ], [ -58.461109094424053, -34.530179551821853 ], [ -58.461106296129422, -34.530176337399489 ], [ -58.461102420986002, -34.530171885992132 ], [ -58.461100489780243, -34.530169667600859 ], [ -58.461078052135846, -34.530143893291111 ], [ -58.461072893425381, -34.530137967434428 ], [ -58.461072893396171, -34.530137967393905 ], [ -58.461072169136187, -34.530136962323532 ], [ -58.461066416341609, -34.530128982964754 ], [ -58.46106080837167, -34.530121204055405 ], [ -58.461058063500815, -34.530117396598271 ], [ -58.46105521859544, -34.530113449939016 ], [ -58.46104853203726, -34.530104175339602 ], [ -58.46104052398676, -34.530093067229856 ], [ -58.461008671412735, -34.530048883921225 ], [ -58.461008290852327, -34.530048356038364 ], [ -58.461004190587438, -34.530042667577746 ], [ -58.461004158852859, -34.530042619249443 ], [ -58.461004136453823, -34.530042584501906 ], [ -58.4610029883696, -34.530040803481612 ], [ -58.461002367351504, -34.530039839748419 ], [ -58.460995010149333, -34.53002842656776 ], [ -58.460994300795029, -34.530027326465309 ], [ -58.46099344850127, -34.530026004303501 ], [ -58.460953399726669, -34.52996387665646 ], [ -58.460947014814508, -34.529953971735146 ], [ -58.460942958123916, -34.529947678585152 ], [ -58.460941417294329, -34.529945288293696 ], [ -58.460941151787388, -34.529944876229855 ], [ -58.460941076636352, -34.529944757239257 ], [ -58.460938469233476, -34.529940202248319 ], [ -58.460930372597453, -34.52992605162283 ], [ -58.460929746329569, -34.529924957037252 ], [ -58.460928984440891, -34.529923625414781 ], [ -58.460925634803836, -34.529917770742671 ], [ -58.460919310480072, -34.52990671734517 ], [ -58.460916194187007, -34.529901270712017 ], [ -58.460914110542284, -34.52989762893327 ], [ -58.460907414587098, -34.529885925466104 ], [ -58.460896885613536, -34.529867523317492 ], [ -58.460890094110269, -34.529855653166592 ], [ -58.460888443127644, -34.52985276758794 ], [ -58.460885958727438, -34.529848425366104 ], [ -58.46088438718683, -34.529845678635269 ], [ -58.46088371828435, -34.529844509530797 ], [ -58.460883713524439, -34.529844501211443 ], [ -58.460883690968643, -34.52984446088707 ], [ -58.460883534133899, -34.529844147185322 ], [ -58.460883443922938, -34.529843970522691 ], [ -58.460883412562936, -34.529843908161332 ], [ -58.460880153383762, -34.529837427078419 ], [ -58.460880022777218, -34.529837167320558 ], [ -58.46087883086836, -34.529834797172967 ], [ -58.460875345011104, -34.529827865324691 ], [ -58.46085951465475, -34.529796385641156 ], [ -58.460834180241008, -34.52974600629301 ], [ -58.460833716705608, -34.529745084701602 ], [ -58.460832544566159, -34.529742753822624 ], [ -58.460832186419047, -34.529742041622725 ], [ -58.460832178041763, -34.529742024963895 ], [ -58.460832169710855, -34.529742007495862 ], [ -58.460831856044813, -34.52974128904745 ], [ -58.460830985839479, -34.529739294158745 ], [ -58.46082780234763, -34.52973199789605 ], [ -58.460822751019577, -34.529720420690275 ], [ -58.460786630789364, -34.529637635575561 ], [ -58.46078662938173, -34.529637632349306 ], [ -58.460725223011899, -34.529495831155941 ], [ -58.460679141481179, -34.529402305824419 ], [ -58.460656497442166, -34.529356348255888 ], [ -58.460580581218807, -34.529219443252551 ], [ -58.460497614866277, -34.529085369438526 ], [ -58.46047483279979, -34.529052160517985 ], [ -58.46040775088683, -34.52895437650033 ], [ -58.460311158117165, -34.528826706011031 ], [ -58.460057162769438, -34.528509709677046 ], [ -58.459799665400141, -34.528194655286541 ], [ -58.45973779589842, -34.52812252712436 ], [ -58.459672822287459, -34.528052292748953 ], [ -58.459665689635997, -34.52804489357321 ], [ -58.45966046282593, -34.528038982187425 ], [ -58.459600169554186, -34.527970791993532 ], [ -58.459569078939474, -34.527929401699524 ], [ -58.459541592118029, -34.527892809020209 ], [ -58.459506669379607, -34.527837382417083 ], [ -58.45948626773928, -34.527775654338001 ], [ -58.459473171222676, -34.527712582446981 ], [ -58.459467502862367, -34.527648758991901 ], [ -58.459469315983235, -34.527584779822796 ], [ -58.459478594203247, -34.527521246194809 ], [ -58.459481183053526, -34.527499353165709 ], [ -58.459479995780519, -34.527477377987957 ], [ -58.459475567786384, -34.527458001372935 ], [ -58.45947505632855, -34.527455763266019 ], [ -58.459472803309481, -34.527450305131175 ], [ -58.459466463794094, -34.52743494709911 ], [ -58.459454392426153, -34.52741534955981 ], [ -58.459298788471209, -34.527206413954453 ], [ -58.459286281773572, -34.527191264544129 ], [ -58.459281170174989, -34.527185072843388 ], [ -58.459273232930407, -34.527175458696291 ], [ -58.459253813205493, -34.52715193615235 ], [ -58.45920406516786, -34.527100378817302 ], [ -58.459150658518148, -34.527052773221087 ], [ -58.459149870003515, -34.527052070076287 ], [ -58.459149860898329, -34.527052062375986 ], [ -58.459149820993638, -34.527052026805819 ], [ -58.459147076430838, -34.527049919154535 ], [ -58.459140773766222, -34.527045079104539 ], [ -58.459133685813384, -34.527039636001547 ], [ -58.459099553358527, -34.527013424402284 ], [ -58.459095790700601, -34.527010534913757 ], [ -58.45909340920845, -34.527008705594817 ], [ -58.459093215346122, -34.527008556851634 ], [ -58.459091423753378, -34.527007181202606 ], [ -58.459091419966924, -34.527007178460273 ], [ -58.459091381277943, -34.527007148749533 ], [ -58.459073426186031, -34.526995289630989 ], [ -58.459031687212338, -34.526967721526233 ], [ -58.459031101782749, -34.526967334853303 ], [ -58.459029069486832, -34.526965992547986 ], [ -58.459029036813206, -34.526965971813873 ], [ -58.459027113426615, -34.526964753008691 ], [ -58.459023932106277, -34.526962737603149 ], [ -58.45901933837979, -34.526959827106566 ], [ -58.459014830963852, -34.526956971294332 ], [ -58.459014730129056, -34.526956907400297 ], [ -58.459014687653386, -34.526956880355804 ], [ -58.459004615470782, -34.526950498755241 ], [ -58.458974028844544, -34.526931119838181 ], [ -58.458945746488872, -34.526913200651556 ], [ -58.458944939558279, -34.526912689394742 ], [ -58.458908481117597, -34.526889589967659 ], [ -58.45890669947012, -34.526888461146548 ], [ -58.458906668327963, -34.526888441415423 ], [ -58.458906406325546, -34.526888272922228 ], [ -58.458905234219223, -34.526887478939045 ], [ -58.458904997314576, -34.526887317946183 ], [ -58.45890119292735, -34.526884732605311 ], [ -58.458900177970321, -34.526884042872659 ], [ -58.458887914071852, -34.526875708714151 ], [ -58.458886227191996, -34.526874562294495 ], [ -58.458844471225433, -34.526846186302798 ], [ -58.458810063254674, -34.526822803686926 ], [ -58.458809627825666, -34.526822507782434 ], [ -58.458788918100254, -34.526808434068485 ], [ -58.458787013215485, -34.52680713956498 ], [ -58.458786725413496, -34.526806952357809 ], [ -58.45878668648087, -34.526806926814608 ], [ -58.45878216300995, -34.52680398464139 ], [ -58.458778510596062, -34.526801608847549 ], [ -58.458755436708074, -34.52678659991858 ], [ -58.458739482287356, -34.526776222001374 ], [ -58.458739374876181, -34.526776152133309 ], [ -58.458739326317371, -34.526776120372226 ], [ -58.458731417289322, -34.526770975937488 ], [ -58.458710147043128, -34.526757140209803 ], [ -58.45870815042106, -34.526755841460002 ], [ -58.458708114509299, -34.526755821590967 ], [ -58.458701630071161, -34.526752233917534 ], [ -58.458652486616231, -34.526725043685559 ], [ -58.458641479326829, -34.526718954021199 ], [ -58.458626666084768, -34.526710758217732 ], [ -58.458624762007389, -34.526709704738195 ], [ -58.458574686279782, -34.526686389039078 ], [ -58.458553588873727, -34.526676566202681 ], [ -58.458545477997561, -34.526672790079026 ], [ -58.458539410788724, -34.526669965181263 ], [ -58.45853851147222, -34.526669546458663 ], [ -58.458537407773299, -34.526669032293853 ], [ -58.458537396524441, -34.526669027337931 ], [ -58.458537341336779, -34.52666900164251 ], [ -58.458523829742418, -34.526663796916843 ], [ -58.458511856854273, -34.526659184905832 ], [ -58.45845869009198, -34.52663870480648 ], [ -58.458446403552749, -34.52663397196617 ], [ -58.458446209839529, -34.526633910333473 ], [ -58.458440562670177, -34.526632113604109 ], [ -58.458322811179286, -34.526594649171081 ], [ -58.458196578441012, -34.526561567665439 ], [ -58.458174658398107, -34.526557006548586 ], [ -58.458068164926566, -34.526534847351442 ], [ -58.457938037847711, -34.526514587400484 ], [ -58.457806670950887, -34.526500859041697 ], [ -58.457712684172208, -34.526496438656025 ], [ -58.45761856629678, -34.526498037964402 ], [ -58.457524879306106, -34.526505647077265 ], [ -58.457432180827993, -34.526519221852183 ], [ -58.457341026315426, -34.526538680288027 ], [ -58.457251959244758, -34.526563906130178 ], [ -58.457165512205165, -34.526594748870522 ], [ -58.457042751564281, -34.526627561129402 ], [ -58.456922500876352, -34.526666215585735 ], [ -58.456805163116037, -34.526710583363176 ], [ -58.456719458022626, -34.52674828843891 ], [ -58.456715423639316, -34.526750338081023 ], [ -58.456636738966154, -34.526790314187416 ], [ -58.456557325073412, -34.526836500177183 ], [ -58.45612550373653, -34.527104554644701 ], [ -58.455993725005683, -34.527184920431694 ], [ -58.455639039254329, -34.527401225566926 ], [ -58.455609599065902, -34.527414798400777 ], [ -58.455582730077616, -34.527431634578463 ], [ -58.455558958383456, -34.527451405111883 ], [ -58.455538748002105, -34.527473724218893 ], [ -58.455444216038124, -34.527592970586106 ], [ -58.455067103647671, -34.52806105641961 ], [ -58.455048092037991, -34.528084654657683 ], [ -58.455047636709288, -34.528085218022653 ], [ -58.454924648779283, -34.528236731554372 ], [ -58.454839142467023, -34.528342068943168 ], [ -58.454766400495096, -34.52843168166163 ], [ -58.45471403833556, -34.528496187251442 ], [ -58.454686916602711, -34.528529599665049 ], [ -58.454673544179606, -34.528546073313102 ], [ -58.454654423435485, -34.528569628211457 ], [ -58.454642920265059, -34.528583799728167 ], [ -58.454639811358327, -34.528587629697029 ], [ -58.454639305915848, -34.528588252551494 ], [ -58.454638667576781, -34.528589039457351 ], [ -58.454637711157602, -34.528590217562609 ], [ -58.45463721878717, -34.528590821487867 ], [ -58.454636974786169, -34.528591066660411 ], [ -58.454624107950053, -34.528603934802788 ], [ -58.454624107950053, -34.528603934802788 ], [ -58.454624107950053, -34.528603934802803 ] ] ] } },
{ "type": "Feature", "properties": { "id": 21, "objeto": "BARRIO", "nombre": "Palermo", "comuna": 14, "perimetro_": 22830.6, "area_metro": 15922586.17 }, "geometry": { "type": "Polygon", "coordinates": [ [ [ -58.400019912007686, -34.568827286224995 ], [ -58.400146174973834, -34.568968743196493 ], [ -58.400190826728426, -34.569017658783977 ], [ -58.399954348637671, -34.56916915450153 ], [ -58.399926445156801, -34.569187029736661 ], [ -58.399926238012263, -34.569187162138874 ], [ -58.399917987750982, -34.5691786772312 ], [ -58.399895289468795, -34.569155333811239 ], [ -58.399565440846395, -34.568812968661156 ], [ -58.399542114085634, -34.568789519379159 ], [ -58.399531683851109, -34.568779032138401 ], [ -58.399531653362921, -34.568779001473963 ], [ -58.399512113471047, -34.568759646642626 ], [ -58.39946959831547, -34.568717530484498 ], [ -58.39937060212219, -34.568615357821578 ], [ -58.399370581434503, -34.568615336176478 ], [ -58.399221141231088, -34.568462033263593 ], [ -58.399220981171652, -34.568461869119858 ], [ -58.399089090279631, -34.568326568637275 ], [ -58.399001506599539, -34.568236722376177 ], [ -58.39892400568538, -34.568157218933983 ], [ -58.398923976288053, -34.568157187368556 ], [ -58.398888485061306, -34.568120382310561 ], [ -58.398826715200627, -34.56805632674731 ], [ -58.398659836557513, -34.567883265458384 ], [ -58.398433960475295, -34.567650288996028 ], [ -58.398433923454704, -34.567650252017813 ], [ -58.398393546538145, -34.567609204805187 ], [ -58.398393207913827, -34.567608860280011 ], [ -58.398392643902653, -34.567608286672453 ], [ -58.398359472863277, -34.567574565571981 ], [ -58.398290573961653, -34.567504972078282 ], [ -58.398187832301872, -34.567401191902462 ], [ -58.398100073845967, -34.567312980077695 ], [ -58.398064360337031, -34.567277082393858 ], [ -58.398037556954812, -34.567249834149742 ], [ -58.39799378332448, -34.567205334323184 ], [ -58.397932312060689, -34.567141594859145 ], [ -58.397856865137477, -34.567063361035672 ], [ -58.397607787023084, -34.566802264074042 ], [ -58.397607757629537, -34.566802228902574 ], [ -58.397596434338368, -34.566788988955409 ], [ -58.39757855402982, -34.566769397626629 ], [ -58.39756584792169, -34.566756195693436 ], [ -58.397557385514027, -34.566747888090035 ], [ -58.397537307444424, -34.566728179287374 ], [ -58.397537048303036, -34.566727924043832 ], [ -58.397536986239217, -34.566727863614766 ], [ -58.397530126597495, -34.566721129863417 ], [ -58.397519614405041, -34.566711586197648 ], [ -58.397509061924779, -34.566702007353612 ], [ -58.397501683251818, -34.566695719527374 ], [ -58.397498715886918, -34.566693187621645 ], [ -58.397498614615522, -34.566693101030026 ], [ -58.397493035966342, -34.566688345698381 ], [ -58.397492335776981, -34.566687748576115 ], [ -58.39749230419779, -34.566687721516288 ], [ -58.397485436015586, -34.566682155106044 ], [ -58.397479012129402, -34.566676958520155 ], [ -58.397453163099364, -34.56665736377721 ], [ -58.397443714239579, -34.566650844065371 ], [ -58.397425253252493, -34.566638096937616 ], [ -58.397425219488312, -34.566638077087994 ], [ -58.397416526724896, -34.56663311725125 ], [ -58.397411755019775, -34.566630392365532 ], [ -58.397394144767581, -34.566622179871324 ], [ -58.397383524855172, -34.566617996022025 ], [ -58.39737081187041, -34.566613575768912 ], [ -58.397353322475205, -34.566608256014099 ], [ -58.39735328434594, -34.566608244274981 ], [ -58.397344091605952, -34.56660582258209 ], [ -58.397334000676899, -34.566603780805458 ], [ -58.397331112419195, -34.566603195119797 ], [ -58.397330935920905, -34.566603158967354 ], [ -58.397317141791056, -34.56660036610198 ], [ -58.3973054375437, -34.566599090565553 ], [ -58.39730532313817, -34.566599077883708 ], [ -58.397294096126636, -34.566597853985549 ], [ -58.397294057991679, -34.566597849457807 ], [ -58.39727711177477, -34.566597394988733 ], [ -58.397268393100596, -34.566597660701184 ], [ -58.397257496121341, -34.566597991038783 ], [ -58.397242294364155, -34.566599047399265 ], [ -58.397236509910947, -34.566599648225285 ], [ -58.397235475727292, -34.566599755836869 ], [ -58.397230558724409, -34.566600266087903 ], [ -58.397208653683165, -34.566603599427019 ], [ -58.397204244159383, -34.566604498466887 ], [ -58.397204134084738, -34.566604520942946 ], [ -58.397198389496509, -34.566605693293631 ], [ -58.397172999311621, -34.566612247341602 ], [ -58.397154941931511, -34.566616913261896 ], [ -58.397094409273528, -34.566635147871189 ], [ -58.39704778970264, -34.566650414390679 ], [ -58.397023700009299, -34.566659037888904 ], [ -58.397008360687678, -34.566664530970463 ], [ -58.397008322537701, -34.566664545372568 ], [ -58.396983342393462, -34.566674768412589 ], [ -58.396974307689369, -34.566679171483408 ], [ -58.39695525828192, -34.566688456649743 ], [ -58.39689470035384, -34.566721911744963 ], [ -58.396882230605385, -34.566728168077567 ], [ -58.396882198993417, -34.566728182483203 ], [ -58.396783087485083, -34.566772294847617 ], [ -58.396692133027656, -34.566812493979462 ], [ -58.396692097055471, -34.566812510185557 ], [ -58.396572610758746, -34.566865973482528 ], [ -58.396572578056258, -34.566865988788933 ], [ -58.396560707146939, -34.566871427821361 ], [ -58.396541857572444, -34.566880072117328 ], [ -58.396541824868507, -34.566880089226572 ], [ -58.396534672464057, -34.566883897450651 ], [ -58.396534635397082, -34.56688391996606 ], [ -58.396526005285402, -34.56688922465203 ], [ -58.396521438064553, -34.566892439347413 ], [ -58.396521404260127, -34.566892469977446 ], [ -58.396512846787438, -34.566899597388009 ], [ -58.396507359313723, -34.566904882157701 ], [ -58.396497080114187, -34.566914780513791 ], [ -58.396468568129563, -34.566944151434718 ], [ -58.396454339394744, -34.566958808061884 ], [ -58.39645430013249, -34.566958850407474 ], [ -58.39636893059162, -34.567051239580962 ], [ -58.396322152634291, -34.567101866019328 ], [ -58.396322122094389, -34.567101902059669 ], [ -58.396301356419599, -34.567124593107941 ], [ -58.39626403051362, -34.567165396450214 ], [ -58.396251926254131, -34.567179101411298 ], [ -58.396251848816007, -34.567179189708668 ], [ -58.396243487736328, -34.567188654608493 ], [ -58.396232244664759, -34.567201926454182 ], [ -58.396219785445489, -34.567216631801138 ], [ -58.39620438366358, -34.567235932807996 ], [ -58.396204357483029, -34.567235967949266 ], [ -58.396188610071881, -34.567256866093025 ], [ -58.396187431959675, -34.567258431224332 ], [ -58.396173382986632, -34.567277072224755 ], [ -58.396132965745572, -34.567332508495639 ], [ -58.396132337396473, -34.567333369914259 ], [ -58.396060772020974, -34.567431527481475 ], [ -58.396011596419669, -34.567503725430583 ], [ -58.395966326476184, -34.567571478773402 ], [ -58.395940046438511, -34.567610813370891 ], [ -58.39594002680019, -34.567610843107104 ], [ -58.395873292740312, -34.567708863504294 ], [ -58.395857313646076, -34.567731727488102 ], [ -58.395857045273274, -34.56773211134778 ], [ -58.395852566937045, -34.567738518020043 ], [ -58.395843151495257, -34.567751023087801 ], [ -58.395843029577613, -34.567751185012007 ], [ -58.395835551759468, -34.56776110919742 ], [ -58.395807344520321, -34.567748478133268 ], [ -58.395807051501023, -34.567748346362912 ], [ -58.395806405550097, -34.567748057549096 ], [ -58.395786334244619, -34.567739070039224 ], [ -58.395751582413119, -34.567792409888867 ], [ -58.395753643513153, -34.56779333294763 ], [ -58.395796928561019, -34.567812718041147 ], [ -58.395799292365773, -34.567813776664117 ], [ -58.395799268362033, -34.567813814510757 ], [ -58.39579894940011, -34.567814281088602 ], [ -58.395756164911255, -34.567876866224985 ], [ -58.39575614418095, -34.567876898664885 ], [ -58.395736337835572, -34.567905398940695 ], [ -58.395713068768558, -34.567938885793325 ], [ -58.395689497486522, -34.567972807863178 ], [ -58.395600511860522, -34.568099782234981 ], [ -58.395523064432261, -34.568212341916613 ], [ -58.395522646587132, -34.568212949246437 ], [ -58.395522310565461, -34.568213437633311 ], [ -58.395410648608362, -34.568375724389476 ], [ -58.395410626788106, -34.568375756828708 ], [ -58.39525393558344, -34.568612047173069 ], [ -58.395247703592588, -34.568624094875886 ], [ -58.395239456370398, -34.568644630192317 ], [ -58.395239446543258, -34.568644654525357 ], [ -58.395234416159695, -34.568659776763241 ], [ -58.395234403051724, -34.5686598155173 ], [ -58.395232282207154, -34.568666858986241 ], [ -58.39522634686741, -34.568686610447898 ], [ -58.395220214481171, -34.568711474692826 ], [ -58.395217545164947, -34.568724296002273 ], [ -58.395216277218047, -34.568730412378216 ], [ -58.395216267375488, -34.568730455641216 ], [ -58.395214095474486, -34.568742647130499 ], [ -58.39521027819238, -34.568764115187868 ], [ -58.395209526246838, -34.568769526935718 ], [ -58.395208838974874, -34.568774470879028 ], [ -58.395207318884054, -34.568793135878408 ], [ -58.395207246339197, -34.56880192294755 ], [ -58.395209047580622, -34.568828700838885 ], [ -58.395213418671254, -34.568880472224528 ], [ -58.395217212213261, -34.568936269060032 ], [ -58.395217215461038, -34.568936295203223 ], [ -58.395218538362393, -34.568945650949395 ], [ -58.395218556140456, -34.568949241342644 ], [ -58.395218555024329, -34.568949273793379 ], [ -58.395218160097599, -34.568951168372479 ], [ -58.395217795814013, -34.568952901613216 ], [ -58.395217267363023, -34.56895417142897 ], [ -58.395216753105345, -34.568955407899892 ], [ -58.395214879433077, -34.568958662808811 ], [ -58.395214845615598, -34.568958707861285 ], [ -58.395212081415536, -34.5689622579415 ], [ -58.395209937210197, -34.568964527439853 ], [ -58.395209896860358, -34.568964565277284 ], [ -58.395207045206, -34.56896711923185 ], [ -58.395205766050601, -34.568968265133321 ], [ -58.39520572788237, -34.568968300267684 ], [ -58.395203024826259, -34.568970364830278 ], [ -58.395200583462447, -34.568972228520586 ], [ -58.395194007365525, -34.568977256616733 ], [ -58.395193984465593, -34.568977276435348 ], [ -58.395191061989941, -34.568979817730067 ], [ -58.395190976932888, -34.568979891599611 ], [ -58.39518469797661, -34.568985345334568 ], [ -58.395094925024949, -34.569080045089692 ], [ -58.395094902119801, -34.569080071218266 ], [ -58.395051535592664, -34.569124892065766 ], [ -58.395022791046557, -34.569154605951162 ], [ -58.394968844108774, -34.569207884347101 ], [ -58.394951060994316, -34.569225447707971 ], [ -58.394951039182487, -34.569225469329993 ], [ -58.394930176869053, -34.569247968979923 ], [ -58.394930145239556, -34.569248003216444 ], [ -58.394919878835836, -34.569257663466075 ], [ -58.394917493832978, -34.569258549134062 ], [ -58.394917452412358, -34.569258563533708 ], [ -58.394915903782866, -34.569258811658273 ], [ -58.39491578167312, -34.569258831222939 ], [ -58.394903342069092, -34.569247591573614 ], [ -58.394891073431893, -34.569236498951405 ], [ -58.394877745672893, -34.569223991395575 ], [ -58.394865138647432, -34.569212153179386 ], [ -58.394864322103615, -34.56921138643041 ], [ -58.394859926676787, -34.569208181196537 ], [ -58.394855616205923, -34.569205026490053 ], [ -58.394844098988301, -34.569198520744166 ], [ -58.394830505736408, -34.569192194118202 ], [ -58.394801099590353, -34.569179441360625 ], [ -58.394774415659086, -34.569167868289028 ], [ -58.394771196495384, -34.569166752318246 ], [ -58.394770399057755, -34.569166476033978 ], [ -58.394769151699997, -34.569166043550247 ], [ -58.394766953299175, -34.569165282413202 ], [ -58.394759783982309, -34.569162803971217 ], [ -58.394755394565621, -34.569161578270325 ], [ -58.394746413699309, -34.569159660399286 ], [ -58.394740790338496, -34.569158919873963 ], [ -58.394740607288085, -34.569158895432622 ], [ -58.394740090823532, -34.569158827535553 ], [ -58.394736486470336, -34.56915835045919 ], [ -58.39472565750826, -34.569157707067603 ], [ -58.394722561670562, -34.569157689102767 ], [ -58.394721064422257, -34.569157681050221 ], [ -58.394717897762646, -34.569157652228327 ], [ -58.394715889387321, -34.569157711495563 ], [ -58.394710448362289, -34.569157866188164 ], [ -58.394705266530785, -34.56915821122724 ], [ -58.394703350725571, -34.569158337251885 ], [ -58.394698720317137, -34.569158642937737 ], [ -58.3946916572406, -34.569159491718047 ], [ -58.394686283370625, -34.569160141330663 ], [ -58.394678899382299, -34.569161645267187 ], [ -58.394675476045776, -34.569162341948534 ], [ -58.394669404277856, -34.569163583405512 ], [ -58.394655810005169, -34.569167804355182 ], [ -58.394652833054586, -34.56916897904317 ], [ -58.394652114706481, -34.569169261687229 ], [ -58.394649499660794, -34.569170286941791 ], [ -58.394643960668517, -34.56917296286727 ], [ -58.394635416167198, -34.569177087497728 ], [ -58.394635374739146, -34.569177110911554 ], [ -58.394629412234224, -34.569180645657923 ], [ -58.394628293650001, -34.569181310281685 ], [ -58.394622584081326, -34.569184692828877 ], [ -58.394614330120731, -34.569190639404987 ], [ -58.394608859550608, -34.569194916301427 ], [ -58.394602399981984, -34.569199965163918 ], [ -58.394602363996505, -34.569199995792182 ], [ -58.394595845122581, -34.569205604406974 ], [ -58.394591030664408, -34.569209746457872 ], [ -58.394587611774618, -34.569212982458716 ], [ -58.394580228724003, -34.569219961656486 ], [ -58.394566486415798, -34.56923456064019 ], [ -58.394566453696449, -34.569234594875972 ], [ -58.394566238724771, -34.569234958931361 ], [ -58.39415209490042, -34.569937777543906 ], [ -58.394130786501215, -34.569973938091486 ], [ -58.394003008095858, -34.570190778469069 ], [ -58.393883504468214, -34.570393579350629 ], [ -58.392988738896264, -34.571981709849332 ], [ -58.392938458756397, -34.572070950984852 ], [ -58.392919292797735, -34.572104968175339 ], [ -58.392882545713327, -34.572170189588618 ], [ -58.392844035532704, -34.572238540151851 ], [ -58.392844391633396, -34.572238519806525 ], [ -58.393022100387029, -34.572228366521379 ], [ -58.393213003952589, -34.572217459067375 ], [ -58.393315625720419, -34.572224698709761 ], [ -58.393536954093335, -34.57224031281104 ], [ -58.394323692451472, -34.572295810023014 ], [ -58.394328139446507, -34.572296123527934 ], [ -58.394824895588563, -34.572315065434594 ], [ -58.395210405162807, -34.572196335166439 ], [ -58.39837000346693, -34.570395345116474 ], [ -58.398704238673055, -34.570204819310568 ], [ -58.398801758040477, -34.570149230310882 ], [ -58.39882305504986, -34.570138494048187 ], [ -58.399000852707964, -34.570048862319432 ], [ -58.39918379292282, -34.56995663741251 ], [ -58.399221854216037, -34.569936939437383 ], [ -58.39923149081477, -34.569932357134718 ], [ -58.399239683201998, -34.569928461577625 ], [ -58.399275043149849, -34.56991063562721 ], [ -58.399300460375493, -34.569897821903346 ], [ -58.399342279477466, -34.569876739392392 ], [ -58.39934418719556, -34.569875777642594 ], [ -58.399349486985514, -34.56987226755902 ], [ -58.399437435317232, -34.569814022075832 ], [ -58.399579384352627, -34.569720013276061 ], [ -58.399810127163228, -34.569567198082638 ], [ -58.400014578603795, -34.569431794170619 ], [ -58.400131081721099, -34.569354636242117 ], [ -58.400130827549326, -34.569354993075649 ], [ -58.400112858834959, -34.569380173248213 ], [ -58.400052583083948, -34.569464639250725 ], [ -58.399914019439372, -34.569658811381096 ], [ -58.399810482756322, -34.569803898801524 ], [ -58.399702257387801, -34.570023478706126 ], [ -58.399655808473291, -34.57020478189763 ], [ -58.399634041448884, -34.570409083421161 ], [ -58.399640095130579, -34.570567428487863 ], [ -58.39972018078614, -34.570812645660951 ], [ -58.399889832294583, -34.571017046761277 ], [ -58.399922299006796, -34.571055294026671 ], [ -58.400306262052297, -34.571507613196104 ], [ -58.400452779449971, -34.571655034099351 ], [ -58.400546129924884, -34.571748959388486 ], [ -58.400666367100506, -34.571869936691655 ], [ -58.401749501280747, -34.573137814765516 ], [ -58.40203200094389, -34.57352293352119 ], [ -58.402412899023219, -34.573908545125661 ], [ -58.402510972283338, -34.574007831115821 ], [ -58.402650681613316, -34.574146009020055 ], [ -58.402413410392221, -34.57441342336115 ], [ -58.402139048346875, -34.574743095473053 ], [ -58.401656336739215, -34.575323111404266 ], [ -58.401240827535084, -34.575666382006958 ], [ -58.401148885349151, -34.575742338953567 ], [ -58.400661627864544, -34.576063271530863 ], [ -58.400512495076356, -34.576161498103119 ], [ -58.399944927450534, -34.576495369692026 ], [ -58.399878734740781, -34.576527437793736 ], [ -58.399050641296377, -34.576928607017059 ], [ -58.398614425504931, -34.57716213974652 ], [ -58.398586279301362, -34.577177208383134 ], [ -58.397898261910434, -34.57763187592888 ], [ -58.397821656172987, -34.577682429173073 ], [ -58.396816231073977, -34.578345916297351 ], [ -58.396646562738873, -34.578457879965484 ], [ -58.396564195981348, -34.578512233282034 ], [ -58.396757092553067, -34.578800273724063 ], [ -58.396928634264988, -34.579041428116682 ], [ -58.397964455642949, -34.580497718546077 ], [ -58.398113720474804, -34.580707591547963 ], [ -58.399365939604081, -34.582720473457982 ], [ -58.399279333400578, -34.582735851439111 ], [ -58.399943298919681, -34.583647270678398 ], [ -58.400547992568221, -34.584477245354066 ], [ -58.401130890322747, -34.583947252663485 ], [ -58.401219659476418, -34.583886874449142 ], [ -58.401350172918043, -34.583798206319244 ], [ -58.401352633934735, -34.583796695879137 ], [ -58.401947330422416, -34.58343181108031 ], [ -58.402048144782107, -34.583432636942796 ], [ -58.404030800221683, -34.583448052188679 ], [ -58.405363951892873, -34.583458411479413 ], [ -58.406176428203992, -34.583464709607348 ], [ -58.406402256657621, -34.583813976577567 ], [ -58.407095804186426, -34.584803892775732 ], [ -58.407629691725752, -34.585565912440032 ], [ -58.40804219407886, -34.586154560612044 ], [ -58.408140025184665, -34.586294255340455 ], [ -58.4083206304079, -34.586551313094958 ], [ -58.409032599881307, -34.58756467761328 ], [ -58.409196988553816, -34.587798708039948 ], [ -58.409501698388098, -34.588232502578173 ], [ -58.410084890981231, -34.589062491173905 ], [ -58.411192614172407, -34.590352145981825 ], [ -58.412330748388797, -34.59168166323358 ], [ -58.412394570347708, -34.591756197943305 ], [ -58.412466645481246, -34.591840384895143 ], [ -58.412881575672891, -34.592325001883509 ], [ -58.413526700842532, -34.59307844839384 ], [ -58.414397287745764, -34.594059309201533 ], [ -58.414629621157609, -34.594608847493568 ], [ -58.415049988234401, -34.595603185880769 ], [ -58.415521392961224, -34.596718178278842 ], [ -58.416004036001127, -34.597859933549024 ], [ -58.416004756555367, -34.597859923268764 ], [ -58.416162610131231, -34.597857671040572 ], [ -58.416163330692576, -34.597857653527257 ], [ -58.417243858640667, -34.597831386386382 ], [ -58.417266415965607, -34.597830837925983 ], [ -58.417267136492882, -34.597830820378071 ], [ -58.417267837448584, -34.597830803306756 ], [ -58.417403078898175, -34.597827518084308 ], [ -58.417408448702155, -34.597827387594791 ], [ -58.417469104811424, -34.597825914029805 ], [ -58.41885324690783, -34.597796425795643 ], [ -58.418944220499192, -34.597794487486759 ], [ -58.419119774288767, -34.59779073635297 ], [ -58.420166060163133, -34.597768375902263 ], [ -58.420436027686677, -34.59776262530665 ], [ -58.42063850283121, -34.597759239306427 ], [ -58.421780838555307, -34.597740131955518 ], [ -58.422747238904925, -34.597719991045835 ], [ -58.422842634795749, -34.59771800262326 ], [ -58.422844503129618, -34.597718126737611 ], [ -58.423370464395788, -34.597753095799092 ], [ -58.423534091460589, -34.597641611684949 ], [ -58.423542445253929, -34.597635920119302 ], [ -58.424538204126549, -34.597201468823854 ], [ -58.424846143146453, -34.597067111935914 ], [ -58.426027194988087, -34.596619302649998 ], [ -58.426243294298359, -34.59651711284868 ], [ -58.426951511319672, -34.59621654084318 ], [ -58.426953326602707, -34.596215770667236 ], [ -58.426991852961272, -34.596192264010142 ], [ -58.427026927258915, -34.596170863841671 ], [ -58.428091967138194, -34.59552032038134 ], [ -58.429172067245922, -34.594860616007651 ], [ -58.429333023499453, -34.594762210175553 ], [ -58.429351798650025, -34.594750734873848 ], [ -58.430062459572284, -34.594307683558554 ], [ -58.430214231979463, -34.594213003241052 ], [ -58.430285204067793, -34.594168728323673 ], [ -58.43074507709327, -34.593862703264357 ], [ -58.431222361060016, -34.593545094136857 ], [ -58.432361545746993, -34.592787065766558 ], [ -58.433428536482026, -34.592077026947386 ], [ -58.433448411995123, -34.592063803418867 ], [ -58.433542285832829, -34.59200131892559 ], [ -58.434135445700143, -34.591606497025651 ], [ -58.434366015765697, -34.591454084199725 ], [ -58.43531358652676, -34.59082732257302 ], [ -58.436039436792207, -34.590347267726827 ], [ -58.436176650759514, -34.590255184494701 ], [ -58.437127092706724, -34.589617493049225 ], [ -58.438054098573446, -34.588995565108689 ], [ -58.43822513538705, -34.588880763444394 ], [ -58.438252545844009, -34.588862364696674 ], [ -58.438500391709447, -34.588696073712022 ], [ -58.438536908635839, -34.588674090884709 ], [ -58.438538419590337, -34.588673181654272 ], [ -58.438548263688631, -34.588667252280231 ], [ -58.438616987003421, -34.588625885421258 ], [ -58.439391686149506, -34.58811384770685 ], [ -58.440159136113465, -34.587606662332234 ], [ -58.441091800337333, -34.586990205454661 ], [ -58.441400102641403, -34.586785820809418 ], [ -58.442427707288729, -34.586104298599558 ], [ -58.443479737138766, -34.585406573926896 ], [ -58.444588211785494, -34.58467138375304 ], [ -58.444788089964234, -34.584519157278116 ], [ -58.444402696145474, -34.583199021851996 ], [ -58.444402238746825, -34.583197455104525 ], [ -58.444409366222253, -34.58319439046155 ], [ -58.444451033439229, -34.583176475673376 ], [ -58.444451017095986, -34.583176453135245 ], [ -58.443782159323064, -34.582257199123084 ], [ -58.443763954142291, -34.582233421122559 ], [ -58.44343418819475, -34.581802697597084 ], [ -58.44342564986102, -34.581794752848182 ], [ -58.442511928976494, -34.580944499830338 ], [ -58.442285069052559, -34.580733401251592 ], [ -58.441580372766715, -34.580077638737045 ], [ -58.441545849305072, -34.580045512095516 ], [ -58.440535783125064, -34.579105591779999 ], [ -58.43994155146995, -34.578552652291499 ], [ -58.440223153694063, -34.578330110502804 ], [ -58.440891180524638, -34.577802181577212 ], [ -58.441816755510914, -34.576823667235594 ], [ -58.44188079335612, -34.576777762556979 ], [ -58.442568016861919, -34.576285360993673 ], [ -58.442730481082044, -34.576168953083688 ], [ -58.442921735548246, -34.576046095554624 ], [ -58.443756787035248, -34.57550977902202 ], [ -58.443974225584341, -34.575370125943124 ], [ -58.443546104930284, -34.574937916399278 ], [ -58.443141679006359, -34.574529623177071 ], [ -58.442423033539981, -34.573804065116782 ], [ -58.441705678478996, -34.573079911899001 ], [ -58.44074720899485, -34.572112113951889 ], [ -58.441946522436758, -34.571451189060525 ], [ -58.442206051780346, -34.571308203000498 ], [ -58.442546722017802, -34.571133046566949 ], [ -58.442958828221208, -34.570921210326773 ], [ -58.443642289450857, -34.570569765836325 ], [ -58.443830118301783, -34.570477610618795 ], [ -58.444113138123555, -34.570338639179845 ], [ -58.444888199884126, -34.569958046287994 ], [ -58.445707444748642, -34.569555764688602 ], [ -58.44649935138748, -34.569166923997038 ], [ -58.446693559140755, -34.569071596712725 ], [ -58.447044597635823, -34.568892132867177 ], [ -58.4481355929735, -34.568334586426801 ], [ -58.448645070930922, -34.568074220017792 ], [ -58.449046761194452, -34.567859827048814 ], [ -58.449045739233391, -34.56785884978229 ], [ -58.448388463357837, -34.567228607759702 ], [ -58.447856913469423, -34.566718883630273 ], [ -58.447798178837154, -34.566684368641731 ], [ -58.447322181306539, -34.566404935063773 ], [ -58.446428673238152, -34.565880296703206 ], [ -58.446067000230691, -34.56566798793127 ], [ -58.445522493658274, -34.565346494113896 ], [ -58.444614965145057, -34.564810643714125 ], [ -58.443648802101222, -34.564240127114623 ], [ -58.442624518630382, -34.563632269365975 ], [ -58.442537928366072, -34.563695142787097 ], [ -58.441971991985575, -34.563059115764695 ], [ -58.441500016208572, -34.562528598797705 ], [ -58.441347258609682, -34.562356877321349 ], [ -58.441253136585708, -34.562244778594149 ], [ -58.44116517463695, -34.562140015829989 ], [ -58.44052418240242, -34.562242530025067 ], [ -58.439656950758014, -34.562351538910946 ], [ -58.439573039652835, -34.562362085565603 ], [ -58.438748786649519, -34.562448706672761 ], [ -58.438435805905556, -34.562481595933683 ], [ -58.437709769947816, -34.562514814967479 ], [ -58.437319267902573, -34.562532679919855 ], [ -58.436719675547948, -34.562567156667789 ], [ -58.436430168109744, -34.562583803062644 ], [ -58.435830563870546, -34.562549459523069 ], [ -58.435405433619195, -34.562543094593998 ], [ -58.43494769822199, -34.562165836151223 ], [ -58.434861490176466, -34.56209525140676 ], [ -58.434960847039065, -34.561798296310293 ], [ -58.435030562285846, -34.561808383228751 ], [ -58.435127430547091, -34.561821927043333 ], [ -58.43527826608431, -34.561842103268454 ], [ -58.435388755429074, -34.561856283705339 ], [ -58.435499243885879, -34.561869970960792 ], [ -58.435573129617318, -34.561878791110985 ], [ -58.435671616888541, -34.561890010979646 ], [ -58.435746609932849, -34.561898126358578 ], [ -58.435821774269037, -34.56190560802608 ], [ -58.435893208106059, -34.561912128788897 ], [ -58.435938562894606, -34.561916268404644 ], [ -58.435999361512465, -34.561921393113373 ], [ -58.436028198364994, -34.56192382349888 ], [ -58.436118855848001, -34.56192821023491 ], [ -58.436220324736048, -34.561931753762686 ], [ -58.436303236874828, -34.561934025695997 ], [ -58.436365633069926, -34.561935237476078 ], [ -58.43644760978335, -34.561935818927225 ], [ -58.436553080168082, -34.561934644082207 ], [ -58.436579191869988, -34.561933834909148 ], [ -58.436620756590294, -34.561932546844503 ], [ -58.436645725368528, -34.561931487711867 ], [ -58.43668187806621, -34.561929954157648 ], [ -58.436782072906446, -34.561924201413767 ], [ -58.436894270532036, -34.561916126401258 ], [ -58.437027922523448, -34.561904746761762 ], [ -58.437107942564211, -34.561897439852181 ], [ -58.437206266551101, -34.561887953544833 ], [ -58.437279902598384, -34.56188043422361 ], [ -58.437294271845929, -34.561878655161927 ], [ -58.43766034366643, -34.561833330361367 ], [ -58.437983076948171, -34.561762903328763 ], [ -58.438250990089081, -34.561689928488875 ], [ -58.438339858400809, -34.561661146961747 ], [ -58.438463892753312, -34.561620975772399 ], [ -58.438476338353766, -34.561616945313965 ], [ -58.438526295726334, -34.561598645652467 ], [ -58.438678683885293, -34.561542823989953 ], [ -58.438689430740112, -34.561538887817086 ], [ -58.438926959726309, -34.561440694217652 ], [ -58.439243583889969, -34.561292161984632 ], [ -58.439444177855762, -34.561188203570183 ], [ -58.439469811250781, -34.561174918819688 ], [ -58.439470405171122, -34.561174611548587 ], [ -58.43947192321032, -34.561173823996583 ], [ -58.439697290020334, -34.561030343268413 ], [ -58.439839693861387, -34.560934274855903 ], [ -58.439895158351923, -34.560896857297507 ], [ -58.439910212138855, -34.560885518411702 ], [ -58.440169231882443, -34.560690426560811 ], [ -58.440330663443909, -34.560562003501744 ], [ -58.440492011577994, -34.560426044269704 ], [ -58.440618818879443, -34.560315317502436 ], [ -58.440648363571341, -34.56028951869876 ], [ -58.440656425174275, -34.560282480038524 ], [ -58.440848268586883, -34.560065891406772 ], [ -58.440958664535501, -34.559922891925275 ], [ -58.440961011224459, -34.55991985273797 ], [ -58.441034088550197, -34.559768735297205 ], [ -58.441131527475171, -34.559552199259137 ], [ -58.441210750592617, -34.559330589305532 ], [ -58.441216821106742, -34.559312284193098 ], [ -58.441262546704294, -34.559174397325286 ], [ -58.441302163922558, -34.559040951576719 ], [ -58.441335637624363, -34.558962856929803 ], [ -58.441388280184547, -34.558822088482408 ], [ -58.441378680243595, -34.558750465551526 ], [ -58.44134025034915, -34.558579257516833 ], [ -58.441253667332262, -34.558304587415911 ], [ -58.441167158312986, -34.558077665934064 ], [ -58.441061313768593, -34.557902501802118 ], [ -58.440916994165654, -34.557727330525772 ], [ -58.440695735091076, -34.557516369848479 ], [ -58.440445619321231, -34.557309275903002 ], [ -58.440161796306207, -34.557110204081724 ], [ -58.440099874328908, -34.557077645340264 ], [ -58.439837958440286, -34.556939927268509 ], [ -58.439542031744864, -34.556803810167544 ], [ -58.439151628949183, -34.556647322135767 ], [ -58.438814591689422, -34.556511195127371 ], [ -58.438346045930835, -34.556371731232154 ], [ -58.437989254005281, -34.556266091440136 ], [ -58.437701753060949, -34.556153494400888 ], [ -58.437503883431035, -34.556040914751932 ], [ -58.43733384865142, -34.55592827039186 ], [ -58.437326664882058, -34.555922799893906 ], [ -58.437188854335517, -34.555817852271986 ], [ -58.437139322968157, -34.55578013218765 ], [ -58.437102038313235, -34.555751738192171 ], [ -58.436872871957782, -34.555558585570402 ], [ -58.43672019636378, -34.555414777192247 ], [ -58.43669017584574, -34.555386500033485 ], [ -58.436539638022531, -34.555268084248567 ], [ -58.436246392722076, -34.555035338226084 ], [ -58.435985218010387, -34.554865698712852 ], [ -58.435720120940999, -34.554722677856375 ], [ -58.435576061460253, -34.554651174513559 ], [ -58.4355583880604, -34.554642402297205 ], [ -58.435458934949985, -34.554593038128388 ], [ -58.435338427334877, -34.554533150280498 ], [ -58.43518472749922, -34.554461352202651 ], [ -58.434113729529088, -34.553963550683697 ], [ -58.434656608557987, -34.55359987138236 ], [ -58.434633385043654, -34.553316216752378 ], [ -58.434426198798803, -34.553056210108039 ], [ -58.434380999102437, -34.553030436557108 ], [ -58.43346247476692, -34.552506673413795 ], [ -58.433394263837677, -34.552467777168751 ], [ -58.432335420417324, -34.551863982695856 ], [ -58.432101583981328, -34.551698339561753 ], [ -58.431843782040445, -34.551515718587382 ], [ -58.431683557328007, -34.551420478117372 ], [ -58.431608183290379, -34.551388500190143 ], [ -58.431513802157816, -34.551348457586741 ], [ -58.430987144592713, -34.551125016277609 ], [ -58.430987142961008, -34.551125015867285 ], [ -58.430666610329467, -34.55104441172071 ], [ -58.429762204447762, -34.55094233574065 ], [ -58.429401569247311, -34.550956446088612 ], [ -58.429401564156706, -34.550956446287778 ], [ -58.429232821322032, -34.550996706161449 ], [ -58.429147580034552, -34.551017043534586 ], [ -58.42914757472289, -34.551017045609832 ], [ -58.429038623389118, -34.551059611982311 ], [ -58.428786685375272, -34.551158041948675 ], [ -58.428715986723468, -34.551188747175757 ], [ -58.428607303301405, -34.551235912498356 ], [ -58.428484045430132, -34.551289402506725 ], [ -58.428483646610822, -34.551289576368916 ], [ -58.427313984538081, -34.551798566625969 ], [ -58.426996214963054, -34.551936844704287 ], [ -58.426905080055505, -34.551976502109028 ], [ -58.426796651196987, -34.552016973376418 ], [ -58.426796499622121, -34.552017029951891 ], [ -58.426796279786785, -34.552017111483529 ], [ -58.426770308849981, -34.552026780562706 ], [ -58.426762747704004, -34.552029595267754 ], [ -58.426761606207826, -34.552030020245567 ], [ -58.426761606207805, -34.552030020245567 ], [ -58.426759929841332, -34.552029619876819 ], [ -58.426671279732936, -34.552008447419993 ], [ -58.42657484202401, -34.551825005427084 ], [ -58.426574842020905, -34.551825005421158 ], [ -58.426500542199904, -34.551809543541722 ], [ -58.42630341778694, -34.551885031499999 ], [ -58.426081008448016, -34.55196746796463 ], [ -58.426020105899077, -34.551858291786473 ], [ -58.425668022697465, -34.55197218736329 ], [ -58.425582712858578, -34.551854466377456 ], [ -58.424522458105912, -34.549764959937832 ], [ -58.424323232237285, -34.549364839056665 ], [ -58.424463446197137, -34.549273285439703 ], [ -58.424465044562751, -34.549261424298301 ], [ -58.424731123085543, -34.549105989224692 ], [ -58.42475343395185, -34.549082272969784 ], [ -58.424762998351717, -34.549066460455251 ], [ -58.424763003819884, -34.549054598806805 ], [ -58.424735940553411, -34.549021641233963 ], [ -58.424723197750723, -34.54902163720871 ], [ -58.424415689969855, -34.54921000810846 ], [ -58.424398175936659, -34.549194186996587 ], [ -58.424385434334759, -34.54919154701426 ], [ -58.424269122179226, -34.54926399774989 ], [ -58.424261165290368, -34.549248179673135 ], [ -58.424251612471977, -34.549238950890903 ], [ -58.424222944171966, -34.549232351913986 ], [ -58.4242102007209, -34.549233665796081 ], [ -58.424186299271994, -34.549252109597205 ], [ -58.42418151669898, -34.549260674812167 ], [ -58.424180713795572, -34.549274513146308 ], [ -58.424188452475597, -34.549290350603748 ], [ -58.424198820079312, -34.549310388205292 ], [ -58.424233405990719, -34.54931898539634 ], [ -58.425202508657918, -34.551203709942541 ], [ -58.425704542147976, -34.552163635701511 ], [ -58.424237065448274, -34.552650413002986 ], [ -58.4236931750632, -34.552801073073134 ], [ -58.423692443918007, -34.552801275657615 ], [ -58.423428684432771, -34.552874337204187 ], [ -58.423325955599474, -34.552902792390199 ], [ -58.423134909290809, -34.552955711207488 ], [ -58.422886978047032, -34.5530243859248 ], [ -58.422833283285897, -34.55287605054901 ], [ -58.422833283285883, -34.552876050549003 ], [ -58.422833283285883, -34.552876050549003 ], [ -58.422317958619082, -34.552989168513939 ], [ -58.422329556687707, -34.553023916200118 ], [ -58.422379282509866, -34.553137037927151 ], [ -58.422363965851375, -34.553140985492107 ], [ -58.422361710891849, -34.553136343793568 ], [ -58.422024661507734, -34.553217510248246 ], [ -58.421686928139565, -34.553300933313864 ], [ -58.421313033442672, -34.553391680785126 ], [ -58.420909115926648, -34.553492012236589 ], [ -58.420674406491543, -34.553550632689948 ], [ -58.420403535605772, -34.553617142206868 ], [ -58.420363981409892, -34.553590034995587 ], [ -58.420272564871269, -34.553591131701772 ], [ -58.420160671000069, -34.553613669975043 ], [ -58.420027728573395, -34.553646473932041 ], [ -58.4199068567358, -34.553673274215463 ], [ -58.419681710327481, -34.553709455272454 ], [ -58.419474310320219, -34.553725185432633 ], [ -58.419275208109404, -34.553751036786615 ], [ -58.418995704218126, -34.553787742765479 ], [ -58.418704722933938, -34.553827635556608 ], [ -58.4184290868372, -34.553870432305281 ], [ -58.41813707494871, -34.553917737926042 ], [ -58.417861434583216, -34.553967306717283 ], [ -58.417629107809169, -34.554005397492581 ], [ -58.417462987046655, -34.554032633271547 ], [ -58.417031406642053, -34.554118623613242 ], [ -58.416635561307388, -34.554200929811053 ], [ -58.416490039882937, -34.55423320614436 ], [ -58.4162457736401, -34.554292943298393 ], [ -58.416077928503086, -34.554329002902819 ], [ -58.416023385814889, -34.554268021860338 ], [ -58.415959285181771, -34.554219454852067 ], [ -58.415941511163858, -34.554283794557605 ], [ -58.415940101317773, -34.554363945036037 ], [ -58.41587186701431, -34.554386496302612 ], [ -58.415772737583126, -34.554412730973468 ], [ -58.415668836230267, -34.554440228432441 ], [ -58.415590751864258, -34.554460893364073 ], [ -58.4154848022661, -34.554491040777492 ], [ -58.415345114053288, -34.554530788166204 ], [ -58.415171897539814, -34.554579740416514 ], [ -58.414969088601154, -34.554639819641942 ], [ -58.414863111783923, -34.554674284140845 ], [ -58.414777410499894, -34.554702154787805 ], [ -58.41465688171381, -34.554736152452286 ], [ -58.414553606235366, -34.554765283343734 ], [ -58.414492767819368, -34.554784393541006 ], [ -58.414399415385603, -34.554813716769914 ], [ -58.414291586133238, -34.554847587243536 ], [ -58.414233387490555, -34.554868024033439 ], [ -58.414182408561246, -34.554885925548191 ], [ -58.414144230182714, -34.554841883568095 ], [ -58.414096496134071, -34.554805739938288 ], [ -58.414055575661855, -34.554784274576512 ], [ -58.414046009969141, -34.554809106244768 ], [ -58.41404053425638, -34.554839584000213 ], [ -58.414041870084453, -34.55488812670459 ], [ -58.414051395874921, -34.554931028274616 ], [ -58.413879875574835, -34.554991021407346 ], [ -58.41373826961, -34.555042450234602 ], [ -58.413548359134282, -34.555110304409673 ], [ -58.413329399957881, -34.555196658911846 ], [ -58.4131390595388, -34.555279505439643 ], [ -58.412954326699868, -34.555360681961226 ], [ -58.41279171642261, -34.555430610825624 ], [ -58.412586994546167, -34.555520836958692 ], [ -58.412491738681062, -34.555569073345332 ], [ -58.412308560927286, -34.555661831917412 ], [ -58.412198004507424, -34.555720487838833 ], [ -58.412019202431374, -34.555816368297855 ], [ -58.411830848760125, -34.555912244467109 ], [ -58.411597448733417, -34.556038581234567 ], [ -58.411459592352415, -34.55611302934188 ], [ -58.411350440650637, -34.556167724082634 ], [ -58.411180473334376, -34.556252892534054 ], [ -58.411083571947543, -34.556292362184507 ], [ -58.411062435852735, -34.556271468728355 ], [ -58.411026974698196, -34.55624774691784 ], [ -58.410987419123572, -34.556225716673637 ], [ -58.410942403255433, -34.556207635180648 ], [ -58.410941695210994, -34.556248839263255 ], [ -58.410946444656915, -34.556290610129558 ], [ -58.410958699354815, -34.556331255325901 ], [ -58.410974372642379, -34.556360048669596 ], [ -58.410865181305681, -34.556414752856114 ], [ -58.410713066399616, -34.556484233094132 ], [ -58.410597681069895, -34.556538269408044 ], [ -58.410465552526873, -34.55660103863503 ], [ -58.410283750258898, -34.556682048036734 ], [ -58.410203340404074, -34.556719146459002 ], [ -58.410170479751791, -34.556735364757614 ], [ -58.410084510205863, -34.556657133877223 ], [ -58.410067211842389, -34.556668637582092 ], [ -58.410058862409329, -34.556674191250004 ], [ -58.41004341813214, -34.556684468915407 ], [ -58.410033082915952, -34.556675631305772 ], [ -58.410024631581202, -34.55666840807492 ], [ -58.410009499552409, -34.556655465967552 ], [ -58.410009465795007, -34.556655437107082 ], [ -58.409968967134908, -34.556626999175727 ], [ -58.409924023238361, -34.556603576640356 ], [ -58.409924023238361, -34.556603576640356 ], [ -58.409924023238354, -34.556603576640356 ], [ -58.409911732296415, -34.556599029653299 ], [ -58.40987553267329, -34.556585637730812 ], [ -58.409824467073371, -34.556573541637256 ], [ -58.409771849353035, -34.556567530387795 ], [ -58.409771849353021, -34.556567530387795 ], [ -58.409771849353021, -34.556567530387795 ], [ -58.409718731921316, -34.556567723430945 ], [ -58.409666180339087, -34.556574118529916 ], [ -58.409615246084677, -34.556586587243366 ], [ -58.409566948029898, -34.556604879424484 ], [ -58.409522256094505, -34.556628628622107 ], [ -58.409480937708331, -34.55666705815711 ], [ -58.409446442461046, -34.556709847293128 ], [ -58.409419432241741, -34.556756172422006 ], [ -58.409400427346185, -34.556805143166713 ], [ -58.409389792301674, -34.556855818600233 ], [ -58.409387731496928, -34.556907223469061 ], [ -58.40939428480862, -34.55695836982526 ], [ -58.409394285977477, -34.556958372711492 ], [ -58.409410254914363, -34.556997804493797 ], [ -58.409414371297984, -34.557007968992707 ], [ -58.409442195292471, -34.557054939397965 ], [ -58.409477270302972, -34.557098460521274 ], [ -58.409479124371131, -34.557100684261869 ], [ -58.409482144445825, -34.557104304829586 ], [ -58.409472741402951, -34.557111448112821 ], [ -58.409450058979424, -34.557128681540838 ], [ -58.409450058725142, -34.557128681734142 ], [ -58.409436888401579, -34.557138694029668 ], [ -58.409435792000195, -34.557139527531781 ], [ -58.409435791979014, -34.557139527547875 ], [ -58.409435791979014, -34.557139527547882 ], [ -58.409435791979014, -34.557139527547882 ], [ -58.409525712671211, -34.557218238163593 ], [ -58.409524229753032, -34.557219153857417 ], [ -58.409469804734179, -34.557274357630327 ], [ -58.409420615139368, -34.557380451317954 ], [ -58.409376885527422, -34.557483160734307 ], [ -58.409329045592386, -34.55761183271796 ], [ -58.409304409775096, -34.55772809718755 ], [ -58.409298874511741, -34.557847756760751 ], [ -58.409289258899818, -34.557947094560951 ], [ -58.409283771759476, -34.557992247611786 ], [ -58.409274191874019, -34.558036269964042 ], [ -58.409263243838211, -34.558085936144359 ], [ -58.409252988256554, -34.558119798212836 ], [ -58.409246838189425, -34.5581350354637 ], [ -58.40919402187771, -34.55813530263287 ], [ -58.409156098881027, -34.558135983032308 ], [ -58.409120619180463, -34.558140482840308 ], [ -58.409078312624196, -34.558151752927778 ], [ -58.409066027072015, -34.558159649679382 ], [ -58.409087298868002, -34.558177854672671 ], [ -58.409106939127028, -34.55819466334097 ], [ -58.409165567698082, -34.558230701509601 ], [ -58.409198327217986, -34.558245503783546 ], [ -58.409225611965773, -34.558253418079708 ], [ -58.409211948036514, -34.558282763086545 ], [ -58.409198281174255, -34.558316623637943 ], [ -58.409180518623288, -34.558353869032828 ], [ -58.409180489379452, -34.558399024495216 ], [ -58.409190032076779, -34.558412575367477 ], [ -58.409214580580105, -34.558431777321921 ], [ -58.409225487052545, -34.558446457682372 ], [ -58.409210458594792, -34.558475802083706 ], [ -58.409177313730495, -34.55850798760121 ], [ -58.409124456111527, -34.55855971661785 ], [ -58.409065928673719, -34.558614414713624 ], [ -58.409011259900602, -34.558662719341804 ], [ -58.408975623505988, -34.558693572977823 ], [ -58.408951069841386, -34.558682273181667 ], [ -58.408919687071787, -34.558681130320323 ], [ -58.408858962769543, -34.5586873121349 ], [ -58.408783201336618, -34.558735820461202 ], [ -58.408718777372712, -34.558797696236205 ], [ -58.408633087315863, -34.55888424827041 ], [ -58.408553815396303, -34.558964317391222 ], [ -58.408447942967719, -34.559067028272729 ], [ -58.408333394790731, -34.559178046991164 ], [ -58.408220663423748, -34.55928702915196 ], [ -58.408140063047682, -34.559364739265405 ], [ -58.408040433133806, -34.559460796258385 ], [ -58.407825616424937, -34.559684645065261 ], [ -58.407652345849762, -34.559866359949879 ], [ -58.407491514447479, -34.560036278743496 ], [ -58.407387727665956, -34.560160408776291 ], [ -58.407247085538216, -34.560322745785477 ], [ -58.40717673039471, -34.560404974274533 ], [ -58.407062715608269, -34.560539565360124 ], [ -58.406992445765276, -34.560610022152588 ], [ -58.406887490655429, -34.560715256192033 ], [ -58.40675821524691, -34.560849868484532 ], [ -58.406649658136814, -34.56096270679889 ], [ -58.406592920508579, -34.561025459740122 ], [ -58.406592845437274, -34.56102859365857 ], [ -58.406419820388642, -34.561189142962156 ], [ -58.406335948900775, -34.561266614054368 ], [ -58.406140578517295, -34.561447073376819 ], [ -58.40597845431985, -34.561599162025999 ], [ -58.405833354934522, -34.561733171182865 ], [ -58.405772482480813, -34.561789390856056 ], [ -58.405597664782022, -34.561951490577549 ], [ -58.405404962477078, -34.562127891733056 ], [ -58.405232451729546, -34.562287607738895 ], [ -58.405181841919216, -34.562335223221623 ], [ -58.405078401118004, -34.56243254437647 ], [ -58.404856091130206, -34.562636149142058 ], [ -58.404823689417128, -34.562666825442975 ], [ -58.404796368509089, -34.56270071956336 ], [ -58.404753646326697, -34.562778927698311 ], [ -58.404745599671742, -34.562815951791777 ], [ -58.40474338646716, -34.56285352404651 ], [ -58.404746873229243, -34.562889245817637 ], [ -58.404747046385019, -34.562891019792367 ], [ -58.404755045912943, -34.562922097738976 ], [ -58.404756063468042, -34.562926050910875 ], [ -58.4047565165923, -34.562927811285334 ], [ -58.404756516674567, -34.562927811604943 ], [ -58.404752308719246, -34.562931339437924 ], [ -58.404747243974434, -34.562935585578799 ], [ -58.404740152719313, -34.562939883233575 ], [ -58.404736593822811, -34.562942040102271 ], [ -58.404724838742048, -34.562947009442951 ], [ -58.404712276289146, -34.56295036664207 ], [ -58.404699229052184, -34.562952028021371 ], [ -58.404686028308575, -34.562951949569864 ], [ -58.404673010751708, -34.562950133252023 ], [ -58.40466050759445, -34.562946627002624 ], [ -58.404648840215224, -34.56294151841476 ], [ -58.40447569227517, -34.562850376470386 ], [ -58.404432050536215, -34.562827404179103 ], [ -58.404431810606518, -34.562827706041723 ], [ -58.404416772435439, -34.562846668437267 ], [ -58.40418021452286, -34.563144963682255 ], [ -58.404164283247361, -34.563165052537286 ], [ -58.403911262481202, -34.563484102462319 ], [ -58.403910936553217, -34.563484513443655 ], [ -58.403910760005587, -34.563484736062712 ], [ -58.403910759995242, -34.563484736075736 ], [ -58.40388463966422, -34.56347051055441 ], [ -58.403842367464478, -34.563447490044041 ], [ -58.403671285654262, -34.563354317957135 ], [ -58.403669293526569, -34.563353233484619 ], [ -58.403669293495831, -34.5633532334679 ], [ -58.403737133327084, -34.563263762017741 ], [ -58.40373708540082, -34.563263737655781 ], [ -58.403544906968882, -34.563158033360679 ], [ -58.403515726256281, -34.563141983574681 ], [ -58.403417839050917, -34.563088145526663 ], [ -58.403402070936593, -34.563079473036204 ], [ -58.403400526213439, -34.563078623435558 ], [ -58.403360331854884, -34.563129074650845 ], [ -58.403328000741425, -34.563169660883908 ], [ -58.403327676421611, -34.563169491805645 ], [ -58.403326152335865, -34.563168697250973 ], [ -58.40248556007915, -34.562730751768818 ], [ -58.402004580257675, -34.562488958296576 ], [ -58.401856881782443, -34.562417333209815 ], [ -58.401723602485028, -34.562339752271718 ], [ -58.400275485553479, -34.561590709069506 ], [ -58.399909152067693, -34.561388388588121 ], [ -58.398928191913043, -34.560877261352438 ], [ -58.398926240138287, -34.560876244413791 ], [ -58.398947706505737, -34.560836354014981 ], [ -58.398947928011026, -34.560835942179104 ], [ -58.398789758489002, -34.560753190532267 ], [ -58.398679524299212, -34.560892418203913 ], [ -58.39868152909343, -34.560893501380853 ], [ -58.398706036206292, -34.560906742405436 ], [ -58.398706036168328, -34.560906742454257 ], [ -58.398705763485246, -34.560907092889721 ], [ -58.398695649261349, -34.560920091062272 ], [ -58.398695647466596, -34.560920093368743 ], [ -58.398697668943875, -34.560921149109333 ], [ -58.398832817241193, -34.560991716735323 ], [ -58.398880142690885, -34.560932592708475 ], [ -58.398891595803015, -34.560940622363056 ], [ -58.3997422993641, -34.561387705091668 ], [ -58.400758131778282, -34.561915918467797 ], [ -58.401561434926101, -34.562342651390892 ], [ -58.403114047017645, -34.563142412698838 ], [ -58.403258140170976, -34.563219997429137 ], [ -58.403289607808077, -34.563218096466088 ], [ -58.403269673574911, -34.563244688701232 ], [ -58.403269135872904, -34.563245405973362 ], [ -58.403239379014224, -34.563285100133001 ], [ -58.4032228803758, -34.563307109388674 ], [ -58.403222921766144, -34.563307131043324 ], [ -58.403398975216732, -34.563402987044668 ], [ -58.403564163138618, -34.563492925911326 ], [ -58.403564192546419, -34.563492943052886 ], [ -58.40360134080386, -34.563446431326163 ], [ -58.403636194387381, -34.563402791316634 ], [ -58.403636222707448, -34.563402805753313 ], [ -58.403714559517859, -34.563445548252787 ], [ -58.403936053308804, -34.563566433056991 ], [ -58.403886830556594, -34.563605852885445 ], [ -58.403815565216476, -34.563667188283567 ], [ -58.40373728260105, -34.563720776050303 ], [ -58.403654189598925, -34.563769151163896 ], [ -58.403566789838209, -34.563812020897082 ], [ -58.403493131903012, -34.563841994264102 ], [ -58.403475616349851, -34.563849122285077 ], [ -58.403381222843848, -34.563880231135791 ], [ -58.403284185891195, -34.563905157524083 ], [ -58.403185095114075, -34.563923749392792 ], [ -58.403084723887055, -34.563940943336469 ], [ -58.403036768278241, -34.563946038299008 ], [ -58.402977468117712, -34.563952338517311 ], [ -58.402832240813126, -34.563958966080769 ], [ -58.402781087181459, -34.563961301571929 ], [ -58.402693045667007, -34.56396416319631 ], [ -58.402605003947706, -34.563961298888458 ], [ -58.402534731561609, -34.563954413790128 ], [ -58.402517505758091, -34.563952726046146 ], [ -58.402431091538233, -34.563938496321455 ], [ -58.402405273287776, -34.56393246891033 ], [ -58.402349282436965, -34.563919397519641 ], [ -58.402235876353039, -34.56389695569257 ], [ -58.402198970245429, -34.563885193426515 ], [ -58.402163243706234, -34.563871161043664 ], [ -58.402160908091638, -34.563868899093315 ], [ -58.402020403414703, -34.563796703612347 ], [ -58.402010832397231, -34.563791785125218 ], [ -58.402004224533464, -34.563787759637158 ], [ -58.40181380571385, -34.563671754698376 ], [ -58.401725071893416, -34.563586803595427 ], [ -58.401598297684465, -34.563481798073205 ], [ -58.401261664984091, -34.563348065621099 ], [ -58.40122656711354, -34.563343418047083 ], [ -58.401182101535554, -34.563337530740718 ], [ -58.401117440270959, -34.563338177498586 ], [ -58.401041740058488, -34.563367951837058 ], [ -58.400991569664463, -34.563387714383126 ], [ -58.400989620833371, -34.56338848230633 ], [ -58.400986019637713, -34.563389901118349 ], [ -58.400943330561198, -34.563418500553631 ], [ -58.400883306137217, -34.563495744773149 ], [ -58.40087756372467, -34.563546863607058 ], [ -58.400876340649575, -34.563557752228718 ], [ -58.400875769971229, -34.563633201437874 ], [ -58.400875769971229, -34.563633201437874 ], [ -58.400875769971229, -34.563633201437874 ], [ -58.400946570846379, -34.563712337903027 ], [ -58.400948442356537, -34.563714663211606 ], [ -58.400951192058777, -34.563718079653505 ], [ -58.400958091763016, -34.563726653951839 ], [ -58.400945965143251, -34.563734059297197 ], [ -58.400931556875406, -34.56374285888581 ], [ -58.400895787827942, -34.563768598903437 ], [ -58.400909892326204, -34.563781511041142 ], [ -58.400917684330011, -34.563788644325172 ], [ -58.400917153766926, -34.563801658867185 ], [ -58.400921463391938, -34.56382193417825 ], [ -58.401105812343538, -34.564041451057257 ], [ -58.400977448969698, -34.564134402111002 ], [ -58.401004806822009, -34.564174961388559 ], [ -58.400977238519339, -34.564184268079529 ], [ -58.400951759752481, -34.564197015679312 ], [ -58.400928995115265, -34.564212893515794 ], [ -58.400909500614191, -34.564231512457901 ], [ -58.40089375385157, -34.564252418431728 ], [ -58.400847649064694, -34.564220196760679 ], [ -58.400713553539781, -34.564305971040284 ], [ -58.400713525195606, -34.564305989054326 ], [ -58.400474172172927, -34.564101798216875 ], [ -58.400472947114835, -34.56410075283177 ], [ -58.40033464296819, -34.56399454748351 ], [ -58.400302933756436, -34.563989760769331 ], [ -58.400276134362343, -34.563972097884616 ], [ -58.400273932494656, -34.563971713641124 ], [ -58.400226327047392, -34.563963412145604 ], [ -58.400176199757446, -34.563934048371344 ], [ -58.400135861237118, -34.563902545145091 ], [ -58.400094904332555, -34.563875519782499 ], [ -58.400067856104641, -34.563857672025733 ], [ -58.399922613978021, -34.563777458886577 ], [ -58.399919683872312, -34.56377588114573 ], [ -58.399876505304476, -34.563752631256037 ], [ -58.399813103429786, -34.563720161326181 ], [ -58.399607896388424, -34.563638009190804 ], [ -58.399516808935424, -34.563618882015071 ], [ -58.399477715012608, -34.563623664309937 ], [ -58.399400324989024, -34.563633131264844 ], [ -58.399304597049046, -34.563649298706721 ], [ -58.399211175824831, -34.56366546818596 ], [ -58.399073913712186, -34.563706419122894 ], [ -58.398848971384886, -34.563795977304594 ], [ -58.398724377104486, -34.5638579224753 ], [ -58.398622853972256, -34.563912247355219 ], [ -58.398502866215694, -34.563982780837335 ], [ -58.398403628454005, -34.56406286504172 ], [ -58.398400854489246, -34.564065341591629 ], [ -58.39787624229934, -34.564538635578877 ], [ -58.39777355487503, -34.564604408153102 ], [ -58.397648950686836, -34.564677799439899 ], [ -58.397575116063834, -34.564714012422371 ], [ -58.397502424794276, -34.564763582427972 ], [ -58.397428573069924, -34.564822690669779 ], [ -58.39737894362132, -34.564874180463157 ], [ -58.397279736894241, -34.564912287884255 ], [ -58.39710785272996, -34.564981837293402 ], [ -58.397039794204993, -34.565006604952551 ], [ -58.396925549180814, -34.565101944566827 ], [ -58.39688515098414, -34.565147715111095 ], [ -58.396840128527238, -34.565206839575033 ], [ -58.396806641611256, -34.565261199951401 ], [ -58.396777755335286, -34.565331781307734 ], [ -58.396752388115544, -34.565446745452967 ], [ -58.39674801876069, -34.565503983712475 ], [ -58.396750855306934, -34.565561225899714 ], [ -58.396768086196317, -34.565645904565123 ], [ -58.396804064688247, -34.56572105183146 ], [ -58.396834293976688, -34.565775924657331 ], [ -58.396878872513007, -34.565834228003219 ], [ -58.39694661912953, -34.565919087357358 ], [ -58.396982632924399, -34.565950112422456 ], [ -58.397050340591669, -34.566007389822488 ], [ -58.397131949907845, -34.566032138601898 ], [ -58.397175689142948, -34.566056633432915 ], [ -58.397201551894526, -34.56607111706775 ], [ -58.397202516347619, -34.566071657167399 ], [ -58.3972042378183, -34.56607262120145 ], [ -58.397267663326922, -34.566103734937307 ], [ -58.39733305367767, -34.566131927274483 ], [ -58.397393332902659, -34.56615954441088 ], [ -58.397430000956973, -34.566186182449371 ], [ -58.397471783289866, -34.566213633617849 ], [ -58.397503476426955, -34.566241078433002 ], [ -58.397533724049175, -34.566272100226065 ], [ -58.397553876680597, -34.566309078615248 ], [ -58.397568261867342, -34.566347247385274 ], [ -58.397589120992706, -34.56639070110085 ], [ -58.397608683113262, -34.566431789670887 ], [ -58.397618788631561, -34.566445566508172 ], [ -58.397635918552986, -34.566468919690884 ], [ -58.397649372804871, -34.566491740671061 ], [ -58.397660634201934, -34.566510842139998 ], [ -58.397673247025686, -34.566527037859757 ], [ -58.397689435663366, -34.566547825155567 ], [ -58.397728331402696, -34.566581236723223 ], [ -58.397743265766287, -34.566594610303 ], [ -58.397781631215423, -34.566628966167727 ], [ -58.397829168281312, -34.566671922145041 ], [ -58.397877797952809, -34.566713979064737 ], [ -58.397927073468004, -34.566756523982797 ], [ -58.39797465854393, -34.566807947034391 ], [ -58.398026517003018, -34.566855674697607 ], [ -58.398092785409425, -34.566911759055401 ], [ -58.398153289039449, -34.566964261634432 ], [ -58.398220991667195, -34.56702869390304 ], [ -58.398278622546698, -34.567069269907115 ], [ -58.398385236457784, -34.567148032959707 ], [ -58.398562436042489, -34.567292421212301 ], [ -58.398654640647173, -34.567364020855976 ], [ -58.39872954485962, -34.567437996455652 ], [ -58.398764113714492, -34.567474983164438 ], [ -58.398781396772485, -34.567495264495051 ], [ -58.398817406404802, -34.567533444538007 ], [ -58.398876893171838, -34.567583124749525 ], [ -58.398876926925645, -34.567583159021552 ], [ -58.398886062385351, -34.567592230396393 ], [ -58.398912337455492, -34.567618326150367 ], [ -58.398912354116256, -34.567618342621635 ], [ -58.398912371210024, -34.567618359520992 ], [ -58.398913025090053, -34.567619017103155 ], [ -58.398913698507371, -34.56761969433321 ], [ -58.398948735252013, -34.567654931565428 ], [ -58.398982923817641, -34.567689315590506 ], [ -58.399009693938474, -34.567716473465133 ], [ -58.399032172975915, -34.567739270674664 ], [ -58.399035442665181, -34.567742702326122 ], [ -58.39903577475112, -34.56774305135324 ], [ -58.399068930044656, -34.567777852170565 ], [ -58.399089626522702, -34.567800298199671 ], [ -58.399113310891785, -34.567825984678329 ], [ -58.399152540977475, -34.567869671329028 ], [ -58.39916105481916, -34.56787915037755 ], [ -58.399172578477369, -34.567891980458533 ], [ -58.399193985319528, -34.567915497934983 ], [ -58.399209591248457, -34.567932642539191 ], [ -58.399209611934566, -34.567932665987136 ], [ -58.399232666375696, -34.567956968844314 ], [ -58.399266406409325, -34.567992539732451 ], [ -58.399321142921359, -34.56804764652739 ], [ -58.399411407147248, -34.568134960053555 ], [ -58.399411432192245, -34.568134983503775 ], [ -58.399419904863556, -34.5681445439659 ], [ -58.399725307759184, -34.568489133256612 ], [ -58.399921477475033, -34.568717006030141 ], [ -58.399958893286296, -34.568758924523195 ], [ -58.400019912007686, -34.568827286224995 ], [ -58.400019912007686, -34.568827286224995 ] ] ] } },
{ "type": "Feature", "properties": { "id": 22, "objeto": "BARRIO", "nombre": "Parque Avellaneda", "comuna": 9, "perimetro_": 10165.61, "area_metro": 4732708.65 }, "geometry": { "type": "Polygon", "coordinates": [ [ [ -58.460403133357829, -34.65681049338793 ], [ -58.460711000154639, -34.657120824717367 ], [ -58.461284242378852, -34.657622437267406 ], [ -58.461581518734228, -34.657882564638811 ], [ -58.461644921041028, -34.657931615052 ], [ -58.461645055215513, -34.657931718716405 ], [ -58.461688696842074, -34.657965480857001 ], [ -58.461935448815638, -34.658156373581136 ], [ -58.462041986232585, -34.658236924167916 ], [ -58.464062316729411, -34.659764416222608 ], [ -58.464431328418129, -34.660053354276613 ], [ -58.464431352418032, -34.660053372304652 ], [ -58.464456871407002, -34.660032359213098 ], [ -58.464801483948982, -34.659748634622062 ], [ -58.464863404080901, -34.659697467803241 ], [ -58.464983646428273, -34.659598106981917 ], [ -58.465194687945903, -34.659429221331024 ], [ -58.465714513929711, -34.65902903403768 ], [ -58.465780636166564, -34.65897925664369 ], [ -58.466138812998707, -34.65870961704438 ], [ -58.466274061387949, -34.658600230862575 ], [ -58.466347628901033, -34.65854072942502 ], [ -58.466711249543366, -34.658264394089258 ], [ -58.466845229189254, -34.658162565656653 ], [ -58.467191769760873, -34.657901888728489 ], [ -58.467656254553091, -34.657519523876921 ], [ -58.469553636879752, -34.65910676078645 ], [ -58.469556824635852, -34.659109427004708 ], [ -58.469670759999403, -34.659029437763259 ], [ -58.46968025887552, -34.659022768607784 ], [ -58.469870470605109, -34.658889236595066 ], [ -58.470111047312656, -34.658726616462751 ], [ -58.470449037011981, -34.658512487900929 ], [ -58.470456284382237, -34.65850789657523 ], [ -58.47057138882731, -34.658430914433694 ], [ -58.47057275159198, -34.658433944905674 ], [ -58.470731725479645, -34.658787459894292 ], [ -58.471290185127458, -34.66002930219701 ], [ -58.472010739815516, -34.661643744753654 ], [ -58.472516026414752, -34.662776762437723 ], [ -58.472587086233837, -34.662727323546946 ], [ -58.472976225113975, -34.662456584477255 ], [ -58.473629440262592, -34.661960823904153 ], [ -58.474216686292451, -34.661503517305952 ], [ -58.474319969748876, -34.661406042694004 ], [ -58.474442553098783, -34.661290397342349 ], [ -58.474442851970366, -34.661290115172648 ], [ -58.47481467996743, -34.660998432820335 ], [ -58.475089741061659, -34.660782656828857 ], [ -58.475132605509081, -34.6607489902918 ], [ -58.475708501141952, -34.660297241043914 ], [ -58.475870411542282, -34.660170814729547 ], [ -58.477043569686643, -34.659255189921218 ], [ -58.477700653143685, -34.658742294404774 ], [ -58.477901670159127, -34.658581002163622 ], [ -58.478277882495256, -34.658279123522192 ], [ -58.478398542508629, -34.658182347272827 ], [ -58.478818293732544, -34.657848560507588 ], [ -58.480160779587408, -34.656780840385977 ], [ -58.48023795680966, -34.656719467729999 ], [ -58.480398511374467, -34.656591791566797 ], [ -58.481400385069158, -34.655795022209354 ], [ -58.481466836115715, -34.655742149792253 ], [ -58.481554950588176, -34.655672040860061 ], [ -58.482096608184477, -34.655244490799397 ], [ -58.482656408242825, -34.654802710204869 ], [ -58.483752645083094, -34.653937455565469 ], [ -58.483789904560638, -34.653908670751598 ], [ -58.483894423779503, -34.653827924265229 ], [ -58.484985186821994, -34.652985334419398 ], [ -58.485085128743606, -34.65290813297819 ], [ -58.485173311869261, -34.652840018020697 ], [ -58.485348981900003, -34.65270432077412 ], [ -58.485561318522699, -34.652540298641078 ], [ -58.48568622258523, -34.652444218321243 ], [ -58.485916263398437, -34.652267343546427 ], [ -58.486298299326279, -34.651968115074169 ], [ -58.486394451028787, -34.651892795416217 ], [ -58.486470231115639, -34.651833433694371 ], [ -58.487299036953495, -34.651168409646068 ], [ -58.487459207659754, -34.651040067016979 ], [ -58.488406760367482, -34.650280785960511 ], [ -58.489240562712851, -34.649612648458522 ], [ -58.489403796426878, -34.649490007648325 ], [ -58.48949143211648, -34.649424211693741 ], [ -58.48951301086931, -34.649408010429951 ], [ -58.489547350599899, -34.649382228880427 ], [ -58.490337094191361, -34.648762404610508 ], [ -58.49141545367101, -34.647916027459921 ], [ -58.492629838891581, -34.646962916484114 ], [ -58.492765629957063, -34.646856404043326 ], [ -58.493859614097268, -34.645996551226872 ], [ -58.494897694029788, -34.64518064609495 ], [ -58.494960754062092, -34.645129463578598 ], [ -58.495233405976819, -34.644908161620513 ], [ -58.495239542501196, -34.644903181494072 ], [ -58.495302064570311, -34.644852439732254 ], [ -58.49508192474638, -34.644745242343618 ], [ -58.494963888337807, -34.644692314869516 ], [ -58.494840662695289, -34.644662769546549 ], [ -58.493665066289111, -34.644099400871525 ], [ -58.492331736584688, -34.643460495459685 ], [ -58.491636146792601, -34.64312720544477 ], [ -58.490878946384058, -34.642764276913645 ], [ -58.49058822807018, -34.642624959941337 ], [ -58.49047795762857, -34.642572116508823 ], [ -58.490317271173346, -34.642495111780001 ], [ -58.490235273264723, -34.642455817356471 ], [ -58.489623637644229, -34.642164831342797 ], [ -58.489544126514872, -34.642127171985905 ], [ -58.488711697096477, -34.641733048984143 ], [ -58.48804468586863, -34.641417197365492 ], [ -58.487805817868299, -34.641304498245816 ], [ -58.486968036464027, -34.640909378210857 ], [ -58.486065924524716, -34.640483912825154 ], [ -58.485516787070551, -34.640224927167885 ], [ -58.485319851746425, -34.640131863685355 ], [ -58.484880306685056, -34.639924193686866 ], [ -58.484606679221301, -34.639794944409132 ], [ -58.483901181511705, -34.639461541481182 ], [ -58.482882358742252, -34.638984310948501 ], [ -58.481745870918331, -34.638463990277984 ], [ -58.481464498969977, -34.638335157853092 ], [ -58.480819246474177, -34.638039678575289 ], [ -58.480403866653418, -34.637849461958872 ], [ -58.48004930294902, -34.637687115507731 ], [ -58.478546192563442, -34.636998855477707 ], [ -58.47835740783902, -34.637131697316256 ], [ -58.47759188116288, -34.637737428930265 ], [ -58.476779060576156, -34.638380555290759 ], [ -58.476291242902896, -34.638766527283401 ], [ -58.476073061293455, -34.638939227520517 ], [ -58.475323877082232, -34.638479017755316 ], [ -58.474416210125518, -34.637921493724512 ], [ -58.473493125850155, -34.63731290611635 ], [ -58.472417831725039, -34.636992073277703 ], [ -58.471303862722557, -34.636659753938936 ], [ -58.471224555644554, -34.636836450379953 ], [ -58.470809792288748, -34.637791837982959 ], [ -58.470442978462003, -34.638636727363235 ], [ -58.470376021396383, -34.638791450438134 ], [ -58.47001122826736, -34.639634354245885 ], [ -58.469972056941401, -34.639724862228555 ], [ -58.469906461112558, -34.639875782768371 ], [ -58.469293935116298, -34.641284911352557 ], [ -58.469243330807224, -34.641401323639812 ], [ -58.46799084591202, -34.642421598488248 ], [ -58.466851311513189, -34.64331861636348 ], [ -58.466709273190837, -34.643431155902562 ], [ -58.465597574530257, -34.644311682348267 ], [ -58.465432537196108, -34.64444242040026 ], [ -58.465086748719706, -34.6447163428072 ], [ -58.46486733435372, -34.644850572053727 ], [ -58.464697086283117, -34.644954659708191 ], [ -58.464120043629663, -34.645392132856514 ], [ -58.463417734918778, -34.645924463908393 ], [ -58.463170123062525, -34.646072750379993 ], [ -58.463055074689038, -34.646141649007546 ], [ -58.463000236860609, -34.646174489260019 ], [ -58.46335859841593, -34.646832076800386 ], [ -58.463886584338411, -34.647558316121575 ], [ -58.464408102017359, -34.648154550106419 ], [ -58.464411231392504, -34.648158129598315 ], [ -58.465283852802663, -34.649274504207931 ], [ -58.465623665403641, -34.649686901048092 ], [ -58.465713933350877, -34.64980255355821 ], [ -58.465797290281643, -34.649911376118844 ], [ -58.465960523765773, -34.650116395919987 ], [ -58.466299262206491, -34.650528949492539 ], [ -58.466821246004102, -34.651188026711111 ], [ -58.467034649792538, -34.651472447404537 ], [ -58.467009823392019, -34.65149212604873 ], [ -58.466976817491869, -34.651518288811715 ], [ -58.466630277194227, -34.651792984205834 ], [ -58.466519029597329, -34.651948130595962 ], [ -58.466454919702272, -34.652007341701591 ], [ -58.466377361985408, -34.652083062524568 ], [ -58.46584208428748, -34.652546511102841 ], [ -58.46568540957761, -34.652682307884305 ], [ -58.465427799370232, -34.652900624466078 ], [ -58.465023612091187, -34.653216969691456 ], [ -58.464594285221828, -34.653537893917381 ], [ -58.463940058605964, -34.653961352098804 ], [ -58.463767574391063, -34.654096987817454 ], [ -58.463678349319622, -34.654183538337968 ], [ -58.463534413024291, -34.654282694288973 ], [ -58.462868178890353, -34.654799924432545 ], [ -58.462574059918623, -34.655028260304526 ], [ -58.462531755097544, -34.6550637361076 ], [ -58.462507851581456, -34.65508378070497 ], [ -58.462197670972841, -34.655343886800836 ], [ -58.462032559413728, -34.655482343330107 ], [ -58.461629409759908, -34.655824121399476 ], [ -58.461493156477125, -34.655971246479581 ], [ -58.461477930225229, -34.655985020763211 ], [ -58.461305660041326, -34.656133093374031 ], [ -58.461113996028523, -34.656288139632949 ], [ -58.460905047965696, -34.656441890817597 ], [ -58.460414638904567, -34.656801882488033 ], [ -58.460413151997876, -34.656802974029425 ], [ -58.460403133357829, -34.65681049338793 ] ] ] } },
{ "type": "Feature", "properties": { "id": 23, "objeto": "BARRIO", "nombre": "Parque Chacabuco", "comuna": 7, "perimetro_": 8406.91, "area_metro": 3832117.06 }, "geometry": { "type": "Polygon", "coordinates": [ [ [ -58.423494816779041, -34.640204609716719 ], [ -58.42492122161083, -34.640444294747851 ], [ -58.42497473275975, -34.640453481685014 ], [ -58.425072450508317, -34.640470257966982 ], [ -58.425852715984057, -34.640602122486754 ], [ -58.426169566466669, -34.640655668533022 ], [ -58.426771077364116, -34.640757259528613 ], [ -58.427425499480513, -34.640867806985312 ], [ -58.42767984620987, -34.640910783549494 ], [ -58.427999153831244, -34.640964736020969 ], [ -58.428357166112583, -34.641025191653945 ], [ -58.428569060058081, -34.641061238525552 ], [ -58.429253648603776, -34.641177559228488 ], [ -58.429525306658505, -34.641223783675436 ], [ -58.429734522074241, -34.64125938338114 ], [ -58.429835683847486, -34.641273358796525 ], [ -58.429925034589992, -34.641285702938383 ], [ -58.430126452056719, -34.641313434979821 ], [ -58.430788636905774, -34.641425562901894 ], [ -58.430900302280683, -34.641444470980701 ], [ -58.430926236233447, -34.641448862356704 ], [ -58.43099771917386, -34.641464091810022 ], [ -58.431160877962348, -34.641498853866914 ], [ -58.431424231206734, -34.641554980261034 ], [ -58.432116314834659, -34.641698329334254 ], [ -58.432346954147341, -34.641745500611513 ], [ -58.432308659829559, -34.642300566767311 ], [ -58.432255318074489, -34.642990417777526 ], [ -58.432218703857679, -34.643608301194263 ], [ -58.432177494855495, -34.644206464891745 ], [ -58.432110074021494, -34.645167863527476 ], [ -58.432620638154027, -34.645220176900793 ], [ -58.433484030610032, -34.645597576741658 ], [ -58.433538897372564, -34.645622097833801 ], [ -58.43492550133184, -34.646241024833159 ], [ -58.435014960036078, -34.646280975622098 ], [ -58.43742459106528, -34.647356519034055 ], [ -58.437872507963831, -34.646956961691757 ], [ -58.438852978955019, -34.646039127223851 ], [ -58.439120275595783, -34.645788967361035 ], [ -58.439654779025901, -34.645288504305988 ], [ -58.439872635077606, -34.645084601035251 ], [ -58.440186548379309, -34.644791349247718 ], [ -58.440524153123611, -34.644475987530271 ], [ -58.440627453545332, -34.644379456124227 ], [ -58.440747630910863, -34.644267224184823 ], [ -58.441477377361174, -34.643582773900221 ], [ -58.442390950323166, -34.642725814370316 ], [ -58.442441580261708, -34.642660117916314 ], [ -58.44295410043636, -34.64199541005236 ], [ -58.443080088246369, -34.641782048649475 ], [ -58.443314447433821, -34.641975751157176 ], [ -58.443599432414025, -34.642231289535687 ], [ -58.44424608651493, -34.642811119164534 ], [ -58.445253587147349, -34.6420440121951 ], [ -58.445311040905736, -34.641932540732491 ], [ -58.446056053032244, -34.641363879901412 ], [ -58.446206183487533, -34.641250176546478 ], [ -58.44715290473593, -34.640524969127597 ], [ -58.447340897199062, -34.640381260310157 ], [ -58.448128734535942, -34.639782905010357 ], [ -58.449409363141108, -34.638810301917836 ], [ -58.449556780494206, -34.63869836265971 ], [ -58.449560790094047, -34.638695318125684 ], [ -58.450324214101528, -34.638187016191459 ], [ -58.450548367553964, -34.638031547232181 ], [ -58.45088631941001, -34.637801371949124 ], [ -58.451304511578002, -34.637516542618265 ], [ -58.451442785207242, -34.637471349179293 ], [ -58.451602551064333, -34.637146701261173 ], [ -58.451924122275535, -34.636493254810595 ], [ -58.451925423704772, -34.636490611075672 ], [ -58.452003454768949, -34.636332048244498 ], [ -58.452049591463911, -34.636238297016718 ], [ -58.452417936226567, -34.635489801729122 ], [ -58.452900977204621, -34.634508073327382 ], [ -58.453324353539493, -34.633647818419959 ], [ -58.453385882915327, -34.633523174521571 ], [ -58.453871969042943, -34.632538907414741 ], [ -58.453943380328283, -34.632394333630479 ], [ -58.454379774338605, -34.631505131229225 ], [ -58.45323468568408, -34.631144475870158 ], [ -58.451578195709843, -34.630643688528863 ], [ -58.450499809362306, -34.630485268596892 ], [ -58.449360854341961, -34.63031795866145 ], [ -58.449055946034498, -34.630273134679044 ], [ -58.448442507148556, -34.630180764407342 ], [ -58.448224204264399, -34.630147892652268 ], [ -58.447515483058318, -34.630041111158015 ], [ -58.446425696967111, -34.629876949542961 ], [ -58.446062947170191, -34.629823024667431 ], [ -58.444479647338653, -34.629587647623559 ], [ -58.442927367872493, -34.629356691984924 ], [ -58.441761607341505, -34.629186277818199 ], [ -58.439529945665925, -34.628859874466073 ], [ -58.438595150124819, -34.628723137377818 ], [ -58.437171964142621, -34.628514951244867 ], [ -58.435649965493425, -34.628292289928162 ], [ -58.434765699748496, -34.628162930161437 ], [ -58.433820868395017, -34.628024675798038 ], [ -58.432547723131457, -34.627838372721556 ], [ -58.432336370466537, -34.627807826073749 ], [ -58.430936469958887, -34.627605418770031 ], [ -58.42963658799291, -34.627417459254836 ], [ -58.428369934149131, -34.627234283737494 ], [ -58.428162929634802, -34.627204717252958 ], [ -58.427512932075977, -34.627111876891526 ], [ -58.42708292615113, -34.627050456225568 ], [ -58.426758704696695, -34.627003035060817 ], [ -58.426504937653384, -34.628115505526843 ], [ -58.426458671788602, -34.628320846357568 ], [ -58.426355179152914, -34.628780209319814 ], [ -58.42631959308536, -34.628938162152053 ], [ -58.426253632467329, -34.629230934460466 ], [ -58.426215645567083, -34.629399305111427 ], [ -58.426018284140234, -34.630273902559161 ], [ -58.425982590916561, -34.630456428774856 ], [ -58.425935454702106, -34.630697613942793 ], [ -58.425856953084235, -34.631054876751385 ], [ -58.425854186243519, -34.631067471413246 ], [ -58.425805605779829, -34.631288566164734 ], [ -58.425755761093569, -34.631487989515229 ], [ -58.425689186649244, -34.631754661556279 ], [ -58.425531633742956, -34.632369689814034 ], [ -58.425459343012783, -34.632651783175085 ], [ -58.425225659217162, -34.633553127971204 ], [ -58.425185972136575, -34.633705511011208 ], [ -58.424862696291719, -34.634880773041196 ], [ -58.424676683364559, -34.635659032138079 ], [ -58.424528509340227, -34.636228285907933 ], [ -58.424522732783458, -34.636251171951798 ], [ -58.424388776327781, -34.636781838551954 ], [ -58.424318329061464, -34.637037351535866 ], [ -58.424280385065195, -34.637174976751893 ], [ -58.424046333297547, -34.638078712652245 ], [ -58.423762511712404, -34.639172856104523 ], [ -58.423494816779041, -34.640204609716719 ] ] ] } },
{ "type": "Feature", "properties": { "id": 24, "objeto": "BARRIO", "nombre": "Parque Chas", "comuna": 15, "perimetro_": 4531.25, "area_metro": 1385411.64 }, "geometry": { "type": "Polygon", "coordinates": [ [ [ -58.470816590465546, -34.587450980992124 ], [ -58.47082004258457, -34.587453930240038 ], [ -58.470878681637984, -34.587502530513305 ], [ -58.471117535897385, -34.58770536837725 ], [ -58.471235992436924, -34.587808038371435 ], [ -58.471894698287791, -34.588322932381175 ], [ -58.472118667779192, -34.588497990115229 ], [ -58.472897547560571, -34.589106744218881 ], [ -58.473087286582043, -34.589255042262224 ], [ -58.473220564967654, -34.589359258661915 ], [ -58.474061118160826, -34.590014973426733 ], [ -58.475034200001915, -34.590774051259814 ], [ -58.475397102268388, -34.591057164777304 ], [ -58.475725229937559, -34.591313146990117 ], [ -58.475759563392387, -34.5913988472578 ], [ -58.475875507913742, -34.591692079331523 ], [ -58.475890169642184, -34.591729162392305 ], [ -58.476483797665878, -34.591562370565626 ], [ -58.477204352828132, -34.591353382930947 ], [ -58.477825918990121, -34.591195025917848 ], [ -58.478083928344212, -34.591129359561876 ], [ -58.479545807937114, -34.590756914504375 ], [ -58.480871775111481, -34.590419048378251 ], [ -58.481183083347005, -34.590334354041318 ], [ -58.481289265332336, -34.590305464925294 ], [ -58.481458625811783, -34.590251495028248 ], [ -58.481862401284538, -34.590122840744392 ], [ -58.482012942830558, -34.590070140339684 ], [ -58.482502287393991, -34.589898935290243 ], [ -58.483651261824171, -34.58949676986704 ], [ -58.483989146293261, -34.58937815325347 ], [ -58.484706912597659, -34.589126173372598 ], [ -58.484711163082423, -34.589124680770048 ], [ -58.485078924771926, -34.588734326987641 ], [ -58.485435020493348, -34.588356298460987 ], [ -58.485491048047642, -34.588296851978534 ], [ -58.485561948101946, -34.588221625129307 ], [ -58.486112129662075, -34.587638978086382 ], [ -58.48644114679275, -34.587290459743187 ], [ -58.486544207475568, -34.587181286679105 ], [ -58.486696611136992, -34.587019843094915 ], [ -58.486803357316546, -34.586902918653408 ], [ -58.486894611312238, -34.586803040344478 ], [ -58.487444181464824, -34.586228485680365 ], [ -58.488086954556117, -34.58555644395922 ], [ -58.488194550577354, -34.585444025224149 ], [ -58.488794157271577, -34.584824031347416 ], [ -58.488104244415283, -34.584424517828978 ], [ -58.487033747983347, -34.583804508939046 ], [ -58.485960371156004, -34.583182800054388 ], [ -58.485825051242571, -34.58310437228392 ], [ -58.485096163438627, -34.582680764554013 ], [ -58.484747604227422, -34.582478217496103 ], [ -58.484121685212948, -34.582114445801416 ], [ -58.483134956403696, -34.581540937746738 ], [ -58.483014373305338, -34.581470814681289 ], [ -58.482146453333101, -34.580965449613487 ], [ -58.481130117949427, -34.580373619150834 ], [ -58.480994635913881, -34.580294693832187 ], [ -58.480484559854105, -34.579999409258136 ], [ -58.480311248312653, -34.57989912200798 ], [ -58.480184390697382, -34.579825714910953 ], [ -58.479233651234011, -34.579275339448621 ], [ -58.478989091804699, -34.579130861790425 ], [ -58.477223797293952, -34.579538900699184 ], [ -58.476669969825039, -34.579669844201817 ], [ -58.475500460867508, -34.579946345571578 ], [ -58.475425280413276, -34.57996417063962 ], [ -58.474997672472767, -34.580476616848081 ], [ -58.474922162123264, -34.580571484662286 ], [ -58.474683539164658, -34.580848132062606 ], [ -58.474462962097654, -34.581103720940916 ], [ -58.474311426444075, -34.581275427380895 ], [ -58.473996177957986, -34.581632786699558 ], [ -58.473858925597725, -34.581677443538325 ], [ -58.47357199750379, -34.581770782661657 ], [ -58.473631611436389, -34.581860638906164 ], [ -58.473657673926496, -34.581925356322138 ], [ -58.473631629004799, -34.582002613372474 ], [ -58.473649006334014, -34.582067331523682 ], [ -58.4735397055126, -34.582284316482053 ], [ -58.472982713839876, -34.583343254243154 ], [ -58.47246146253341, -34.584334298494205 ], [ -58.472130981970395, -34.58496264477867 ], [ -58.471115275629103, -34.586893467286252 ], [ -58.470838268959668, -34.587421346230052 ], [ -58.470835843044092, -34.587424662720174 ], [ -58.470816590465546, -34.587450980992124 ] ] ] } },
{ "type": "Feature", "properties": { "id": 25, "objeto": "BARRIO", "nombre": "Parque Patricios", "comuna": 4, "perimetro_": 7878.44, "area_metro": 3743440.35 }, "geometry": { "type": "Polygon", "coordinates": [ [ [ -58.390356970268883, -34.634128602067136 ], [ -58.390335297728868, -34.634360210947378 ], [ -58.390286716888319, -34.634962370862858 ], [ -58.39025310158334, -34.63540369352198 ], [ -58.390235690851341, -34.635632276126813 ], [ -58.390168459012763, -34.636515906524892 ], [ -58.390111043494876, -34.637270175829777 ], [ -58.390068384167456, -34.63783057718981 ], [ -58.389971237397766, -34.639105951996591 ], [ -58.389885826977213, -34.640209572259053 ], [ -58.390248333113405, -34.640357326540226 ], [ -58.391475486733398, -34.640830594940432 ], [ -58.391404444742491, -34.642090282073049 ], [ -58.393511476711993, -34.642985880120946 ], [ -58.397280517209872, -34.644587779945027 ], [ -58.40038364537655, -34.645906473305054 ], [ -58.400496282781219, -34.645922446757915 ], [ -58.400356240171774, -34.646313575343875 ], [ -58.400336477462069, -34.646362722930554 ], [ -58.400465578950111, -34.646414536173523 ], [ -58.400469443640461, -34.646479221030596 ], [ -58.400606352895579, -34.646556911472437 ], [ -58.400763365941408, -34.646615032427356 ], [ -58.401087561927213, -34.64673503691882 ], [ -58.401544989597433, -34.646786971003507 ], [ -58.401545386585909, -34.646787016275333 ], [ -58.40152784429683, -34.646862344982353 ], [ -58.40274972478354, -34.64706430695481 ], [ -58.402749810940186, -34.64706432142021 ], [ -58.403649643586661, -34.647213692231226 ], [ -58.405003875000226, -34.64743847955134 ], [ -58.405004014597637, -34.647438502153449 ], [ -58.406369708650523, -34.647659429835791 ], [ -58.409011530485799, -34.648086750677166 ], [ -58.410373157094213, -34.64830697276529 ], [ -58.412103892117266, -34.648586868231185 ], [ -58.412212299960501, -34.648138877894098 ], [ -58.412244323338967, -34.64800653921084 ], [ -58.412287550942416, -34.647827401018667 ], [ -58.412559299866842, -34.646702575971219 ], [ -58.412808319615799, -34.645671755640571 ], [ -58.412831896155176, -34.645574792912115 ], [ -58.413033238428895, -34.644748038121463 ], [ -58.413106189068742, -34.64444820680896 ], [ -58.413342547768153, -34.643477451045108 ], [ -58.413439781534208, -34.643459321898753 ], [ -58.413251549672772, -34.643043043919079 ], [ -58.413151483701249, -34.642811451574801 ], [ -58.413054395957438, -34.642586831918656 ], [ -58.412941823291398, -34.642326501593928 ], [ -58.412701720674519, -34.641742947095878 ], [ -58.412492250566643, -34.641233630155284 ], [ -58.412438444581547, -34.641103213357482 ], [ -58.412351952633784, -34.640893568221173 ], [ -58.412236669717444, -34.640613870013873 ], [ -58.411829144241345, -34.639622633715931 ], [ -58.41175810274256, -34.639453869360437 ], [ -58.411370113996909, -34.638439611107721 ], [ -58.411263904263691, -34.638103577189355 ], [ -58.411005654901508, -34.63728571224938 ], [ -58.410930826220046, -34.637047438371724 ], [ -58.41070949083322, -34.636338463455999 ], [ -58.410515456344733, -34.635713725582988 ], [ -58.410492069227878, -34.635241810085347 ], [ -58.410568840839908, -34.635098883950484 ], [ -58.410883769355372, -34.634512817278093 ], [ -58.410990442838944, -34.634237648665376 ], [ -58.411481127158979, -34.632971930085979 ], [ -58.411524050933046, -34.632861101907842 ], [ -58.411524156291684, -34.632860028364306 ], [ -58.41163799768043, -34.631702265246048 ], [ -58.411642279818089, -34.631658625815795 ], [ -58.411654373885746, -34.631535369289146 ], [ -58.411782768114172, -34.630361050191752 ], [ -58.411782811125846, -34.630360270483472 ], [ -58.411584760881418, -34.630311665151517 ], [ -58.411057295247993, -34.63018240674883 ], [ -58.410979156344069, -34.630163257946855 ], [ -58.410830810934428, -34.630126904941484 ], [ -58.410521940409403, -34.630051212130375 ], [ -58.410209451756451, -34.629974632350454 ], [ -58.410053806103214, -34.629936488822402 ], [ -58.410037423876872, -34.629932474074728 ], [ -58.409872511272987, -34.629892824294686 ], [ -58.409700149052512, -34.629848989340225 ], [ -58.409585416911362, -34.629819810449277 ], [ -58.409430080309555, -34.629780304908437 ], [ -58.408368124678368, -34.629520391463203 ], [ -58.406755000787619, -34.629335356702676 ], [ -58.406729030584579, -34.629332424709439 ], [ -58.406516984433729, -34.629308484832904 ], [ -58.406507854453281, -34.629307454769389 ], [ -58.405649516279027, -34.629210612091768 ], [ -58.405457757753638, -34.629188972008535 ], [ -58.403546744355815, -34.628973330328975 ], [ -58.40238964585852, -34.628842686080453 ], [ -58.401919153838428, -34.628789582560138 ], [ -58.401674567722303, -34.628761975856641 ], [ -58.401244996696477, -34.628713488471725 ], [ -58.401104856314284, -34.628697670222607 ], [ -58.400846825143383, -34.628668523535069 ], [ -58.399910536789726, -34.628565152689887 ], [ -58.399734197823783, -34.628544357150496 ], [ -58.398598161218764, -34.628410376997714 ], [ -58.39852144791535, -34.628396686107038 ], [ -58.39843665421985, -34.62838155310957 ], [ -58.396869826154692, -34.628101909344501 ], [ -58.396811136391257, -34.628091455170676 ], [ -58.396742066700696, -34.628079272695089 ], [ -58.395486523615133, -34.627857812628321 ], [ -58.395412776737729, -34.627844804282191 ], [ -58.395349684587956, -34.627833675304288 ], [ -58.395055657633797, -34.627781478570135 ], [ -58.394468024511887, -34.627677157481138 ], [ -58.394297107675023, -34.62764681444721 ], [ -58.393210378519406, -34.627453798846737 ], [ -58.392298807659401, -34.627291954741139 ], [ -58.392163774075762, -34.627267979468641 ], [ -58.392163600693564, -34.627267977564678 ], [ -58.391624968618203, -34.627262219097631 ], [ -58.391174906560209, -34.627257405700057 ], [ -58.391174186861434, -34.627257398001589 ], [ -58.391065681131707, -34.628203822833996 ], [ -58.390929498183944, -34.629332697817901 ], [ -58.390894229654272, -34.629625003998939 ], [ -58.390787210390485, -34.630522695746507 ], [ -58.390666628261258, -34.631534184060015 ], [ -58.390561492571855, -34.63241596101912 ], [ -58.390531025540049, -34.63267045264427 ], [ -58.390356970268883, -34.634128602067136 ] ] ] } },
{ "type": "Feature", "properties": { "id": 26, "objeto": "BARRIO", "nombre": "Paternal", "comuna": 15, "perimetro_": 7087.51, "area_metro": 2229829.24 }, "geometry": { "type": "Polygon", "coordinates": [ [ [ -58.466829638959702, -34.590598667711433 ], [ -58.466593777194113, -34.590740767557264 ], [ -58.466532126776734, -34.590777882629872 ], [ -58.46639434041122, -34.590867826669978 ], [ -58.466050494480051, -34.591092278626355 ], [ -58.465881188724559, -34.591213715832779 ], [ -58.465029585469523, -34.591941946962912 ], [ -58.464410674738474, -34.592472807973365 ], [ -58.464383340566116, -34.592557035439725 ], [ -58.464455572399395, -34.592799072422395 ], [ -58.464828228560442, -34.594047759805107 ], [ -58.465075193210332, -34.594906667769578 ], [ -58.46520033553486, -34.595341887446459 ], [ -58.465456157841345, -34.596151306191196 ], [ -58.465513305967768, -34.596344124971175 ], [ -58.465555912678902, -34.596487722684827 ], [ -58.465578289355491, -34.596563141629623 ], [ -58.465621583114718, -34.596709737435219 ], [ -58.465541693952773, -34.596651733259989 ], [ -58.465452064882889, -34.596624343332593 ], [ -58.46534137198109, -34.596617371826106 ], [ -58.465272561460722, -34.596607442881897 ], [ -58.465162873213764, -34.596581599004942 ], [ -58.465160766112724, -34.596581223143659 ], [ -58.464615540999333, -34.596483999146237 ], [ -58.463865271572864, -34.596434849428498 ], [ -58.463769379937553, -34.59643287752143 ], [ -58.462522259479229, -34.596507228022034 ], [ -58.462481829037735, -34.596509638162864 ], [ -58.462323684866988, -34.596516467983754 ], [ -58.461506478331074, -34.596552092862716 ], [ -58.461501832476216, -34.596552373136916 ], [ -58.461010157604186, -34.596582577896584 ], [ -58.460773409574379, -34.596596235191583 ], [ -58.459277121891127, -34.596682886690694 ], [ -58.459209929503906, -34.596699082126982 ], [ -58.458248529338697, -34.596931514990466 ], [ -58.458033274682407, -34.596983514389073 ], [ -58.457940945520079, -34.597005818784496 ], [ -58.457940154117694, -34.597006009851413 ], [ -58.457933214578524, -34.597008495670927 ], [ -58.457831655912244, -34.597044878902366 ], [ -58.457616105769695, -34.597121912770127 ], [ -58.457075144401522, -34.597307875162521 ], [ -58.456495856864649, -34.597506931595703 ], [ -58.456238233999962, -34.597595439389124 ], [ -58.456566788551115, -34.598662869642524 ], [ -58.456583902253982, -34.598712448834448 ], [ -58.456901057690985, -34.59973698858051 ], [ -58.456986881459621, -34.600027420572438 ], [ -58.457215068859782, -34.60076871150936 ], [ -58.45725312900867, -34.600892306523477 ], [ -58.457534283408947, -34.601799728788791 ], [ -58.457919752208056, -34.603043919895519 ], [ -58.458164645610992, -34.603834364864362 ], [ -58.458279277605392, -34.603912187587952 ], [ -58.458936500387324, -34.60437891052652 ], [ -58.460022588547588, -34.604100418693598 ], [ -58.460125643628039, -34.604074012460686 ], [ -58.460540759878228, -34.603967612401561 ], [ -58.46147097894859, -34.603730655077797 ], [ -58.461589874257719, -34.603700374432798 ], [ -58.462110085735041, -34.603567843640974 ], [ -58.462912713112281, -34.603363409023757 ], [ -58.46307453212642, -34.603322211739702 ], [ -58.464360821763542, -34.602996779556413 ], [ -58.464947199243667, -34.602848390862604 ], [ -58.465279946668907, -34.602764229150054 ], [ -58.46579835764264, -34.602635696674895 ], [ -58.466084091456892, -34.602564915331619 ], [ -58.467335355201008, -34.602254874976978 ], [ -58.467494274568743, -34.602215503609749 ], [ -58.467562870573573, -34.602198472466057 ], [ -58.468767330098309, -34.601899462358446 ], [ -58.468913558260539, -34.601865722695969 ], [ -58.469293423737149, -34.602170427702632 ], [ -58.470195734717578, -34.602811446231449 ], [ -58.470200287368982, -34.602813942913265 ], [ -58.470435322729656, -34.602942842668561 ], [ -58.471610807868615, -34.603826370961521 ], [ -58.47171122972042, -34.603888831718862 ], [ -58.471804665533625, -34.603946924589373 ], [ -58.472650364624272, -34.604472856802794 ], [ -58.472984593364885, -34.604679664674457 ], [ -58.473039702129689, -34.604713744849342 ], [ -58.474017695584656, -34.605316418353674 ], [ -58.474933456251975, -34.604179345919732 ], [ -58.47570622186408, -34.6032150304463 ], [ -58.475737301709415, -34.603176223768124 ], [ -58.47638257781589, -34.602371073682143 ], [ -58.476972402452567, -34.6015893064937 ], [ -58.477499708181476, -34.600830502874238 ], [ -58.476670494022294, -34.600361698248051 ], [ -58.476554071505603, -34.600295871954891 ], [ -58.476393308239871, -34.600204980855587 ], [ -58.477729412573225, -34.599916375874969 ], [ -58.477794796918211, -34.599902249144677 ], [ -58.478543724162954, -34.599740430060614 ], [ -58.478832163758454, -34.599676378262551 ], [ -58.478580800509796, -34.598970976503232 ], [ -58.478348616804873, -34.598347967227767 ], [ -58.477880682906566, -34.597093567956712 ], [ -58.47711666943097, -34.595120514745552 ], [ -58.476904188309049, -34.594532929633097 ], [ -58.476712450660287, -34.594002699386067 ], [ -58.476709892313458, -34.593995623493591 ], [ -58.476687437455581, -34.593932931060152 ], [ -58.476206728820287, -34.592590794799619 ], [ -58.476127634097715, -34.592362355350744 ], [ -58.476036818173199, -34.592100055085503 ], [ -58.475978584087493, -34.591952777532946 ], [ -58.475890169642184, -34.591729162392305 ], [ -58.475875507913742, -34.591692079331523 ], [ -58.475759563392387, -34.5913988472578 ], [ -58.475725229937559, -34.591313146990117 ], [ -58.475397102268388, -34.591057164777304 ], [ -58.475034200001915, -34.590774051259814 ], [ -58.474061118160826, -34.590014973426733 ], [ -58.473220564967654, -34.589359258661915 ], [ -58.473087286582043, -34.589255042262224 ], [ -58.472897547560571, -34.589106744218881 ], [ -58.472118667779192, -34.588497990115229 ], [ -58.471894698287791, -34.588322932381175 ], [ -58.471235992436924, -34.587808038371435 ], [ -58.471117535897385, -34.58770536837725 ], [ -58.470878681637984, -34.587502530513305 ], [ -58.47082004258457, -34.587453930240038 ], [ -58.470816590465546, -34.587450980992124 ], [ -58.470805881989982, -34.587465619881613 ], [ -58.470232142977373, -34.587939228813845 ], [ -58.469213011038832, -34.588742183725202 ], [ -58.468896598970581, -34.588991428004704 ], [ -58.468192070932112, -34.589546539019011 ], [ -58.46807814024919, -34.589636263170839 ], [ -58.467894045320051, -34.589781765488574 ], [ -58.46766260530228, -34.589964664801705 ], [ -58.467119425080263, -34.590393986176835 ], [ -58.466960750905606, -34.59051936558707 ], [ -58.466959083287456, -34.590520683518875 ], [ -58.466829638959702, -34.590598667711433 ] ] ] } },
{ "type": "Feature", "properties": { "id": 27, "objeto": "BARRIO", "nombre": "Puerto Madero", "comuna": 1, "perimetro_": 17561.33, "area_metro": 5043240.81 }, "geometry": { "type": "Polygon", "coordinates": [ [ [ -58.351386139465738, -34.6193571308592 ], [ -58.351401352203176, -34.619356296579191 ], [ -58.351401352203446, -34.61935629657917 ], [ -58.351401352272312, -34.619356296573748 ], [ -58.351405015306426, -34.619356007587704 ], [ -58.351405878768979, -34.619355939262192 ], [ -58.351406580200049, -34.619355884129291 ], [ -58.351409753891517, -34.619355633748611 ], [ -58.351410318096086, -34.619355589076342 ], [ -58.351412191533726, -34.61935544115908 ], [ -58.351413074941398, -34.619355371742373 ], [ -58.351415114712204, -34.619355210819521 ], [ -58.351415424794226, -34.619355186318714 ], [ -58.351416710465429, -34.619355084736121 ], [ -58.351417461338158, -34.619355025688002 ], [ -58.351420071897778, -34.619354819734028 ], [ -58.351420087667833, -34.619354819210614 ], [ -58.351437213596313, -34.619353467563712 ], [ -58.351438391363409, -34.619353374712709 ], [ -58.351438548333299, -34.619353362319863 ], [ -58.351438998671306, -34.619353326678301 ], [ -58.351438998699926, -34.619353326676055 ], [ -58.3514693332924, -34.619364231504001 ], [ -58.35151993493421, -34.61939345219195 ], [ -58.351522902436258, -34.619395165819853 ], [ -58.351655644013633, -34.619471819259438 ], [ -58.351677764579136, -34.619484429824716 ], [ -58.351689756030183, -34.619491266247813 ], [ -58.351786765818076, -34.619546571275748 ], [ -58.351922922590227, -34.619624196964118 ], [ -58.351923270152184, -34.619624394692217 ], [ -58.351983031633708, -34.619627049833717 ], [ -58.352173252896897, -34.61963550009385 ], [ -58.352210511703049, -34.619637154780563 ], [ -58.352219658225387, -34.619637561536649 ], [ -58.352220168698921, -34.619637424084367 ], [ -58.352553122643627, -34.619547672345334 ], [ -58.352569820954876, -34.619543171312429 ], [ -58.352570116599118, -34.619543091480445 ], [ -58.352570648933884, -34.619542947855287 ], [ -58.352570996819516, -34.619542854260771 ], [ -58.352571019663266, -34.61954289484536 ], [ -58.352571239622669, -34.619543096981808 ], [ -58.352571303753223, -34.619543155723811 ], [ -58.352571368153974, -34.619543215165436 ], [ -58.352580618385637, -34.619560101651707 ], [ -58.352589077560296, -34.619575543453053 ], [ -58.352698502985767, -34.619775295350834 ], [ -58.35275605886077, -34.619770496083348 ], [ -58.352919850952773, -34.61975768289463 ], [ -58.352936142856777, -34.619755468425893 ], [ -58.352938063865025, -34.619751512934492 ], [ -58.352938118390405, -34.619751507575309 ], [ -58.353031156246985, -34.619623546043812 ], [ -58.353090823671131, -34.619541482495322 ], [ -58.353523015718906, -34.619409395181648 ], [ -58.353523045167826, -34.619409386188067 ], [ -58.353523086601299, -34.619409373567848 ], [ -58.353523149798256, -34.619409406977219 ], [ -58.35352322180379, -34.619409423071801 ], [ -58.353523445200302, -34.6194094721452 ], [ -58.353598267862793, -34.619449340681605 ], [ -58.35375422103413, -34.619532438442391 ], [ -58.353896813892618, -34.619608417136988 ], [ -58.353919272709241, -34.619620383861196 ], [ -58.353962952735522, -34.619643657942774 ], [ -58.354079057589459, -34.619705521823967 ], [ -58.354079318004544, -34.619705660875645 ], [ -58.354079537552451, -34.619705364503503 ], [ -58.354254961122606, -34.619468550165074 ], [ -58.354254979733632, -34.619468524963146 ], [ -58.354255124836151, -34.619468329398387 ], [ -58.354255300373623, -34.619468337668053 ], [ -58.354277485329554, -34.619470492958492 ], [ -58.354293662065587, -34.619472064165286 ], [ -58.354821697964709, -34.619523356864519 ], [ -58.35505192843565, -34.619545721863282 ], [ -58.355070353246084, -34.61954751130245 ], [ -58.355145559185225, -34.619554817298479 ], [ -58.355145720969212, -34.619554501043851 ], [ -58.355206411665044, -34.619435077150911 ], [ -58.355212257654919, -34.619422942952085 ], [ -58.355217941785398, -34.619411144822877 ], [ -58.355400358397432, -34.61903251824166 ], [ -58.355433011751643, -34.618964741471515 ], [ -58.35550040975842, -34.618824847614647 ], [ -58.355630831883431, -34.618532295445839 ], [ -58.355814898287768, -34.618119409430761 ], [ -58.355856470937645, -34.618014485695461 ], [ -58.355894305631246, -34.617918997414435 ], [ -58.355960308973877, -34.617752415492873 ], [ -58.356003588961983, -34.617643182654227 ], [ -58.356016207552813, -34.617610896798965 ], [ -58.356022027560797, -34.61761699551176 ], [ -58.356029197735189, -34.617624509759473 ], [ -58.356039135743998, -34.617634924552313 ], [ -58.356044683675535, -34.617640738986857 ], [ -58.356521635686555, -34.618140566173402 ], [ -58.356534781688339, -34.618154342408722 ], [ -58.357397754183225, -34.61905868350803 ], [ -58.358273843022161, -34.619976742985088 ], [ -58.359460671549016, -34.621220386625957 ], [ -58.359507652553823, -34.62126961534986 ], [ -58.359518762221747, -34.621281256680163 ], [ -58.359869212907348, -34.621648474694744 ], [ -58.359870787314279, -34.621650123987571 ], [ -58.360032715995281, -34.621819798233439 ], [ -58.360035406756907, -34.621822617514567 ], [ -58.360122811528889, -34.621914202651638 ], [ -58.36012323208061, -34.621914643666827 ], [ -58.360169082456771, -34.621962686682643 ], [ -58.360380714889587, -34.622184440449431 ], [ -58.360392235304616, -34.622196511150769 ], [ -58.360663382541794, -34.622480622472899 ], [ -58.360663509954371, -34.622480755990047 ], [ -58.360878763055808, -34.622706299439443 ], [ -58.360957679500359, -34.622788988145892 ], [ -58.360974852017691, -34.622806981346201 ], [ -58.361238131843422, -34.623082843096135 ], [ -58.361239275305309, -34.623084042038101 ], [ -58.361273402786672, -34.623119801016038 ], [ -58.361278333839074, -34.623124967564372 ], [ -58.361291541394166, -34.623138807272014 ], [ -58.361440150017224, -34.623294516719866 ], [ -58.361557004623201, -34.623416954340946 ], [ -58.361575081336966, -34.623435894665967 ], [ -58.361592492566253, -34.623454137702439 ], [ -58.361603237947563, -34.623465396364388 ], [ -58.361629262321756, -34.623492663432572 ], [ -58.36165569727364, -34.623520361715237 ], [ -58.361666585000634, -34.623513261299323 ], [ -58.361783827292705, -34.62363610418231 ], [ -58.361793813671724, -34.62364656714437 ], [ -58.361875295861743, -34.623731941561033 ], [ -58.361928844565533, -34.623788047992463 ], [ -58.361929525415718, -34.623788762346408 ], [ -58.361929633022555, -34.623788875248451 ], [ -58.361948863136156, -34.623809023507683 ], [ -58.361969302084511, -34.623830438359533 ], [ -58.36197125869689, -34.623832488443888 ], [ -58.362007087157522, -34.623870028490877 ], [ -58.361996199411671, -34.623877129838164 ], [ -58.362021896242894, -34.623904054009934 ], [ -58.362336646744609, -34.624233835650479 ], [ -58.362423698349289, -34.624325043775983 ], [ -58.362445841901327, -34.624348244764448 ], [ -58.362468090013472, -34.624371555808317 ], [ -58.362498154721749, -34.62440305587112 ], [ -58.362605464681991, -34.624515488786564 ], [ -58.362656723017352, -34.624569193425785 ], [ -58.362836419466426, -34.624757468180874 ], [ -58.362935259696997, -34.624861026345506 ], [ -58.363078179306328, -34.625010766674492 ], [ -58.363201122687805, -34.625139575734678 ], [ -58.363260353546053, -34.625136395445573 ], [ -58.363360818620322, -34.625131004386432 ], [ -58.363460378561427, -34.625125662081736 ], [ -58.363460551945977, -34.625125657716545 ], [ -58.363526561608012, -34.624994371474884 ], [ -58.364158436612335, -34.624691855070701 ], [ -58.364809060448046, -34.624321744132644 ], [ -58.365505819922859, -34.623925381329478 ], [ -58.365791322361119, -34.623991684760583 ], [ -58.365845301976307, -34.623799120005572 ], [ -58.365886934434144, -34.623309924569725 ], [ -58.365935794679835, -34.622735784252932 ], [ -58.365941696246729, -34.622666438317651 ], [ -58.365971976520342, -34.622399528967875 ], [ -58.366072526671026, -34.621513218821732 ], [ -58.366195779529477, -34.620426615008178 ], [ -58.366329356674626, -34.619249383183913 ], [ -58.366456905985444, -34.618124611507596 ], [ -58.366597705576716, -34.616883510982305 ], [ -58.366739962535263, -34.615629664213969 ], [ -58.366860512402887, -34.614581718419132 ], [ -58.366995102555713, -34.613396457468589 ], [ -58.36708399177779, -34.612602089822289 ], [ -58.367132806966993, -34.612165846334022 ], [ -58.367264636604624, -34.611003117040539 ], [ -58.367623464850091, -34.607854094785303 ], [ -58.36764462842153, -34.607668357375637 ], [ -58.367730118706319, -34.60691807523731 ], [ -58.367731500922353, -34.606905840430827 ], [ -58.367926639762125, -34.605179049550706 ], [ -58.368053031568884, -34.604060822382493 ], [ -58.368117371775547, -34.603491341863588 ], [ -58.368191206147749, -34.602837813793798 ], [ -58.368318881566708, -34.601708036995312 ], [ -58.36839501939852, -34.601034424917216 ], [ -58.368636968336041, -34.600440801144437 ], [ -58.369077897008999, -34.599359013143427 ], [ -58.369517850036971, -34.598326204083278 ], [ -58.368890661919806, -34.598345174938274 ], [ -58.368869352190124, -34.598345819191671 ], [ -58.368822642821698, -34.598351837889396 ], [ -58.368121869574843, -34.598442130527474 ], [ -58.367986245292514, -34.598406812406111 ], [ -58.367984059918001, -34.598405639751512 ], [ -58.367783256257702, -34.598297919614666 ], [ -58.367364974197493, -34.598264703986615 ], [ -58.36678798129423, -34.598314709710422 ], [ -58.366612058702614, -34.598329955917265 ], [ -58.366358193536009, -34.598317291433261 ], [ -58.366085923426034, -34.598303707633093 ], [ -58.365966560571309, -34.598297752334162 ], [ -58.365074386087414, -34.598232599247993 ], [ -58.364094331468429, -34.598161101536384 ], [ -58.363867396612619, -34.598141127903183 ], [ -58.363736454511731, -34.598109329829391 ], [ -58.363239410879366, -34.598066317537111 ], [ -58.363499874446937, -34.59732226785961 ], [ -58.363505089732293, -34.597307368006582 ], [ -58.363537851604853, -34.597191783763016 ], [ -58.363437795770324, -34.597169356560286 ], [ -58.363451723237219, -34.597130488705851 ], [ -58.363281097976888, -34.597090362772825 ], [ -58.362935263687369, -34.596933510750844 ], [ -58.362123863969394, -34.596558920721954 ], [ -58.361226875013401, -34.596150261072644 ], [ -58.361014880448678, -34.596053521370287 ], [ -58.360549004869434, -34.595840925182536 ], [ -58.360127906303461, -34.595647944878294 ], [ -58.359257451874186, -34.595249223212917 ], [ -58.358535093515158, -34.595188862496784 ], [ -58.357818499259388, -34.59515438053009 ], [ -58.357692307082353, -34.595148307572018 ], [ -58.357328011820435, -34.595097081204806 ], [ -58.3573269164173, -34.595097009942577 ], [ -58.35723872823349, -34.595091322870964 ], [ -58.357108216064354, -34.595082907263659 ], [ -58.356488933776454, -34.595034505902262 ], [ -58.356448889120522, -34.595043852693841 ], [ -58.356316757679238, -34.595067454257482 ], [ -58.356258461928071, -34.595084646449891 ], [ -58.356220307285142, -34.595088784759525 ], [ -58.35614849504389, -34.595096573115029 ], [ -58.356039824669161, -34.595114911738676 ], [ -58.355937112463614, -34.59512559611926 ], [ -58.355832668339055, -34.595156450023111 ], [ -58.355731127858206, -34.595193345928706 ], [ -58.355442081070279, -34.595316208897991 ], [ -58.35538788897609, -34.595359543753951 ], [ -58.35533665974372, -34.595405275385382 ], [ -58.355288547247476, -34.595453266915875 ], [ -58.355204483559604, -34.595546045317654 ], [ -58.355113999316131, -34.595634597507285 ], [ -58.355017405567835, -34.595718620868688 ], [ -58.35496455147652, -34.595759512964044 ], [ -58.354915031884516, -34.595797825422231 ], [ -58.354860196757471, -34.595835525011012 ], [ -58.35485934554756, -34.595836110224177 ], [ -58.354807228525893, -34.59587194103819 ], [ -58.354694366444953, -34.595940714732762 ], [ -58.35454564185904, -34.596015796070155 ], [ -58.354400336158236, -34.596095325190632 ], [ -58.354282354461148, -34.596165161479625 ], [ -58.354258644588093, -34.596179195912796 ], [ -58.354120755865893, -34.596267294838697 ], [ -58.353986856536089, -34.596359504963196 ], [ -58.353952618617939, -34.596376316464962 ], [ -58.353546295237642, -34.596635063762108 ], [ -58.353442385181246, -34.596696980007742 ], [ -58.353300858521749, -34.59685187913604 ], [ -58.353052566631099, -34.597044841595142 ], [ -58.353040117800866, -34.597068125805109 ], [ -58.352894898143617, -34.597339714759954 ], [ -58.352815480404992, -34.597488240522566 ], [ -58.352639312881102, -34.597664572158031 ], [ -58.352388019658399, -34.597943390979623 ], [ -58.352111007060167, -34.598040924258221 ], [ -58.351963740933591, -34.598171966738754 ], [ -58.351793286807457, -34.598386462246083 ], [ -58.351637343032621, -34.598534190731698 ], [ -58.351530493706299, -34.598634263439671 ], [ -58.351331301508203, -34.598770026992526 ], [ -58.351158047783926, -34.598920124132526 ], [ -58.350950204345743, -34.599053493941817 ], [ -58.350854968234508, -34.599096336441988 ], [ -58.350783471507299, -34.599122123650389 ], [ -58.350678243795869, -34.599166033666819 ], [ -58.350589419936099, -34.599243962516795 ], [ -58.350497054921455, -34.599296347136729 ], [ -58.350459893147125, -34.599344146734737 ], [ -58.350326587176497, -34.59951561086168 ], [ -58.350306409305595, -34.599530979451153 ], [ -58.350213986690861, -34.599601367901002 ], [ -58.350014622745853, -34.599861149449893 ], [ -58.349878920188104, -34.599965964219621 ], [ -58.349737391102323, -34.600113703630079 ], [ -58.349558405128676, -34.60023278781911 ], [ -58.349350612329161, -34.600325609863958 ], [ -58.348778822649223, -34.600840238004771 ], [ -58.348614322684028, -34.600909248691259 ], [ -58.34857453663146, -34.600953623437036 ], [ -58.348416988319194, -34.601029508323705 ], [ -58.348331896620486, -34.601074702985521 ], [ -58.348263579920356, -34.601110987526098 ], [ -58.348148387949941, -34.601196206547478 ], [ -58.348004123397843, -34.601288400234871 ], [ -58.347900891126244, -34.601415857416931 ], [ -58.347792581484661, -34.601523080899526 ], [ -58.347615073290861, -34.601612350886178 ], [ -58.347493774027683, -34.601726716366542 ], [ -58.347362694039951, -34.601822062351204 ], [ -58.347303068874943, -34.601886674568092 ], [ -58.347248713610867, -34.601935403310954 ], [ -58.34722214626828, -34.601964192881418 ], [ -58.347117948037088, -34.602087913876346 ], [ -58.347033309241127, -34.602233164040285 ], [ -58.34686305339833, -34.602315541251578 ], [ -58.346824374291039, -34.602338720178487 ], [ -58.346766258328856, -34.602431523087567 ], [ -58.346751425989424, -34.602724865718372 ], [ -58.346721052602881, -34.602755945657556 ], [ -58.346660375633057, -34.602818032564308 ], [ -58.346656355574048, -34.602866460561991 ], [ -58.346673984551003, -34.602881513753516 ], [ -58.346674558221174, -34.602882111944233 ], [ -58.34667524485819, -34.602882827194748 ], [ -58.346710792747139, -34.602906088325234 ], [ -58.346727892160146, -34.603053975632406 ], [ -58.346661335687671, -34.60320893757445 ], [ -58.346646837418191, -34.603263779711263 ], [ -58.346588903121358, -34.603440215397249 ], [ -58.346631955560866, -34.60359289784838 ], [ -58.346568318646362, -34.603721627551749 ], [ -58.346539174912088, -34.603936250607084 ], [ -58.346547717340606, -34.604014964575086 ], [ -58.346472452627637, -34.604208078821294 ], [ -58.346481002790476, -34.604282022476795 ], [ -58.34639417373252, -34.604494205975243 ], [ -58.346365135166081, -34.604632508437525 ], [ -58.346337571605879, -34.604721722702841 ], [ -58.346334927643397, -34.604733630654401 ], [ -58.346333488176967, -34.604734939415067 ], [ -58.346321672412088, -34.604773183123292 ], [ -58.346244056218609, -34.604816250700352 ], [ -58.346180182435276, -34.604882757551671 ], [ -58.346156561510227, -34.604914720902421 ], [ -58.346116222250195, -34.604958122381063 ], [ -58.346097921078552, -34.604979686775629 ], [ -58.346083612135814, -34.604998126042254 ], [ -58.346107622760847, -34.6050255901675 ], [ -58.346119602036353, -34.605044668531775 ], [ -58.346112362324128, -34.605065530378162 ], [ -58.346091498925823, -34.605083233590108 ], [ -58.346096208681352, -34.605114023936309 ], [ -58.346101907976532, -34.605122424502603 ], [ -58.346112282750489, -34.605122174700966 ], [ -58.346117306798035, -34.605138874745982 ], [ -58.346131695197926, -34.605162738362672 ], [ -58.346132246285862, -34.605167142100733 ], [ -58.346148020973423, -34.605190393411952 ], [ -58.346136225731442, -34.605374028597026 ], [ -58.34617365980116, -34.605419379874697 ], [ -58.346158923032206, -34.605643557246538 ], [ -58.346124108819616, -34.605786624399016 ], [ -58.346115136664544, -34.60601319244762 ], [ -58.34608904984632, -34.606103798053731 ], [ -58.346068583669414, -34.606299348869896 ], [ -58.345985250386633, -34.606474836077041 ], [ -58.34597447501254, -34.606509556297894 ], [ -58.345950220086877, -34.606550975838147 ], [ -58.345880515665137, -34.606709391139653 ], [ -58.345744693655057, -34.606888136497609 ], [ -58.345626250889573, -34.607014427658875 ], [ -58.345207686971897, -34.60723582955022 ], [ -58.34515977017395, -34.607283738757232 ], [ -58.345112363135449, -34.60733113821238 ], [ -58.344930456848424, -34.607459752354167 ], [ -58.344780365136714, -34.607528771756755 ], [ -58.344705506102407, -34.607586324136534 ], [ -58.344682900741581, -34.607598448457274 ], [ -58.344607118748037, -34.607652624406356 ], [ -58.344003832702562, -34.607947777717811 ], [ -58.343611059093561, -34.60828129455787 ], [ -58.343455150848627, -34.608381311873664 ], [ -58.343227060097902, -34.608528958442129 ], [ -58.343059570798367, -34.608657584852125 ], [ -58.342684097364994, -34.608991115709749 ], [ -58.342630363977783, -34.609034430036679 ], [ -58.342482098348945, -34.609153946169954 ], [ -58.342429959102255, -34.609195975213851 ], [ -58.342211261193881, -34.609368265885038 ], [ -58.342025722111231, -34.60946985106024 ], [ -58.341722428498485, -34.609753365013212 ], [ -58.341620078405832, -34.609802835479329 ], [ -58.341614898405673, -34.609800252918291 ], [ -58.341525361950936, -34.609839294683582 ], [ -58.341471292246815, -34.609874750354621 ], [ -58.341413160925747, -34.609931395236714 ], [ -58.341286367918762, -34.610086832009159 ], [ -58.341246697721331, -34.610143971220616 ], [ -58.341222944073408, -34.610212158828212 ], [ -58.341045793618157, -34.610439362897374 ], [ -58.341014887054563, -34.610461899880313 ], [ -58.341014239323265, -34.610479832084941 ], [ -58.340867247327061, -34.61066835461807 ], [ -58.340819019937669, -34.610884614602085 ], [ -58.340798680324319, -34.610984765396736 ], [ -58.340743507916464, -34.611232751057678 ], [ -58.340708718867582, -34.6113507741943 ], [ -58.340552185352045, -34.6118693569993 ], [ -58.340426144168539, -34.612248447591604 ], [ -58.340339287850021, -34.612463010704694 ], [ -58.340278265965004, -34.61276346094607 ], [ -58.340173836510914, -34.613156882147891 ], [ -58.340058003207155, -34.613670269780563 ], [ -58.339982698155211, -34.613875304530552 ], [ -58.339941666113369, -34.614311720536662 ], [ -58.33994418058527, -34.614562149167746 ], [ -58.33986582955643, -34.614874506451457 ], [ -58.339851151763966, -34.615046212022257 ], [ -58.339851127757683, -34.615667819153693 ], [ -58.339877074647781, -34.616099724457086 ], [ -58.339971774119846, -34.616256791592761 ], [ -58.339986428055923, -34.616281095150285 ], [ -58.340142000551751, -34.616421968370844 ], [ -58.340289668420631, -34.616549612098055 ], [ -58.340289668420631, -34.616549612098055 ], [ -58.340450282432997, -34.616688445789968 ], [ -58.340450987066312, -34.616688993661036 ], [ -58.340671584765069, -34.616860389717857 ], [ -58.340673313008573, -34.616861822007465 ], [ -58.340718261518056, -34.616899073261003 ], [ -58.340762061219849, -34.616908776612547 ], [ -58.340854933601385, -34.616943894743891 ], [ -58.341152786234453, -34.61702138576532 ], [ -58.341255305870021, -34.617036878147907 ], [ -58.341542032685098, -34.617062811011074 ], [ -58.341725841023681, -34.617073094053559 ], [ -58.342094203358094, -34.617077281784951 ], [ -58.342278282976494, -34.617071180594607 ], [ -58.342461980079101, -34.61705962503855 ], [ -58.342636340341592, -34.617084346575915 ], [ -58.34272114141455, -34.617105348817958 ], [ -58.34288322348943, -34.617163953866672 ], [ -58.343031784688712, -34.617243358781138 ], [ -58.343261158594494, -34.617318178611207 ], [ -58.343493487340851, -34.617386486191556 ], [ -58.343728499489451, -34.617448201913994 ], [ -58.343977148368957, -34.617520591363984 ], [ -58.344261875090218, -34.61760348342267 ], [ -58.344636321410505, -34.617710099359485 ], [ -58.344862487949804, -34.617732454686873 ], [ -58.34501367634897, -34.617718569721163 ], [ -58.34527956501875, -34.617614461742846 ], [ -58.345398051357591, -34.617548713834879 ], [ -58.345532162922453, -34.617508399618451 ], [ -58.345674058838902, -34.617495876899376 ], [ -58.345805293816639, -34.617534852070598 ], [ -58.34594355622442, -34.617549839301915 ], [ -58.346082509602645, -34.617540152826969 ], [ -58.346185443121648, -34.617553971094502 ], [ -58.34672340969373, -34.617431355926399 ], [ -58.347025913499806, -34.617389633455808 ], [ -58.347179081913751, -34.617360960462996 ], [ -58.347292600510315, -34.617310396168833 ], [ -58.347292916158445, -34.61730910410985 ], [ -58.347297728882651, -34.617309076941716 ], [ -58.347423345420808, -34.617280617727758 ], [ -58.347499298869948, -34.617250965548358 ], [ -58.347537963210826, -34.617217945395616 ], [ -58.347610208518134, -34.617188167034918 ], [ -58.347610952549552, -34.617170572035754 ], [ -58.347643676623854, -34.617153316546329 ], [ -58.34772449892008, -34.617120003670799 ], [ -58.347814024645857, -34.617050922549502 ], [ -58.347923704583131, -34.617010481389443 ], [ -58.347932229556875, -34.617011496337078 ], [ -58.348004466178494, -34.617020098365657 ], [ -58.348008558259664, -34.617019256701681 ], [ -58.348119892937788, -34.616996356746128 ], [ -58.348223779601348, -34.616972605033432 ], [ -58.348298841348118, -34.616932130875149 ], [ -58.348396941439582, -34.616920297534769 ], [ -58.348403399734813, -34.616920885934398 ], [ -58.348537526023989, -34.616933111935822 ], [ -58.348537526023989, -34.616933111935822 ], [ -58.348537526024003, -34.616933111935822 ], [ -58.348540019598886, -34.616932324638221 ], [ -58.348570028673187, -34.61692284559426 ], [ -58.348653694942065, -34.616918153938911 ], [ -58.348656126770194, -34.61691865921626 ], [ -58.348745983450712, -34.616937320977527 ], [ -58.348760174326344, -34.616938236918543 ], [ -58.348853264339169, -34.616944245312744 ], [ -58.348853416100724, -34.616945885342894 ], [ -58.348918024943885, -34.616976361762624 ], [ -58.349009046778612, -34.616982467739781 ], [ -58.349172896827994, -34.616985631468445 ], [ -58.349212908882691, -34.617015772236577 ], [ -58.349318462684472, -34.61704597424626 ], [ -58.349416750593107, -34.617064128044916 ], [ -58.349485912988342, -34.617079244260921 ], [ -58.349489517216576, -34.617106340631608 ], [ -58.349540412005055, -34.617166594786319 ], [ -58.349627776466633, -34.617184738228126 ], [ -58.349707854438478, -34.617205885157091 ], [ -58.349751487510261, -34.617251080790261 ], [ -58.3498533760146, -34.617299340929769 ], [ -58.349973429821752, -34.617377721201315 ], [ -58.350049862756343, -34.617401874853371 ], [ -58.350071624243583, -34.617465112069276 ], [ -58.350166238909999, -34.617507344526686 ], [ -58.350177093160582, -34.61755853027104 ], [ -58.350184224515694, -34.617669919241997 ], [ -58.350227837676762, -34.617730166353169 ], [ -58.350187645226519, -34.617832480446538 ], [ -58.35015847036518, -34.617865567064698 ], [ -58.350143856370941, -34.617901677516578 ], [ -58.350158335565283, -34.617964907957003 ], [ -58.350187387947351, -34.618022131240764 ], [ -58.350179958421521, -34.618130496367826 ], [ -58.350205394118397, -34.618169654289758 ], [ -58.350225213841284, -34.618211169556211 ], [ -58.350227567751034, -34.618211277151907 ], [ -58.35015181120184, -34.618252333468 ], [ -58.350051250117836, -34.618237565952718 ], [ -58.34999319121858, -34.618204344518333 ], [ -58.349927098544349, -34.618166526073608 ], [ -58.349927098544335, -34.618166526073608 ], [ -58.349927098544335, -34.618166526073608 ], [ -58.349799820385449, -34.61822021253063 ], [ -58.349847367733275, -34.618323104178614 ], [ -58.349867660405657, -34.618367017654869 ], [ -58.349869389929019, -34.618368449815229 ], [ -58.349917894989972, -34.618408640509884 ], [ -58.349988834172756, -34.618452729028689 ], [ -58.350107122028433, -34.618484632796878 ], [ -58.35010713559965, -34.618484714161518 ], [ -58.350107290749605, -34.618485644345732 ], [ -58.350112509160766, -34.618516968093999 ], [ -58.350121104702907, -34.618568553818619 ], [ -58.350121794170526, -34.618572691621942 ], [ -58.349977939386463, -34.618646085029248 ], [ -58.349973676866021, -34.618721740780664 ], [ -58.350254631862178, -34.618783143812728 ], [ -58.350256142691585, -34.618781025976475 ], [ -58.350343548913322, -34.618658495914474 ], [ -58.350414561380859, -34.618648779446886 ], [ -58.350536010657457, -34.618531498155107 ], [ -58.350545952923078, -34.618532772035977 ], [ -58.350728266000246, -34.618556133020881 ], [ -58.350692664037602, -34.618631915821148 ], [ -58.350550589568016, -34.618688035849537 ], [ -58.350523354388287, -34.618722022922185 ], [ -58.350521060620565, -34.618724885337969 ], [ -58.35051779422021, -34.618728961511358 ], [ -58.350402792031929, -34.618846138774437 ], [ -58.350375709481021, -34.618939780164048 ], [ -58.350440051016257, -34.619001979081993 ], [ -58.350446616253834, -34.619008325685499 ], [ -58.350446908318979, -34.619008369638458 ], [ -58.350573808731738, -34.619027466832819 ], [ -58.350573808732513, -34.619027466833664 ], [ -58.35057509732588, -34.619028833121 ], [ -58.350591607127917, -34.619046338353797 ], [ -58.350671279844697, -34.619130814667898 ], [ -58.35067128215902, -34.619130817121729 ], [ -58.350681457360139, -34.619168874228791 ], [ -58.350683055241348, -34.619174850592543 ], [ -58.350830964245553, -34.619179879048218 ], [ -58.351038300258082, -34.619197648598458 ], [ -58.351152791133231, -34.619215496536107 ], [ -58.351224318057554, -34.619228918596718 ], [ -58.351251920825483, -34.619297632083281 ], [ -58.351257519667705, -34.619314678536945 ], [ -58.351258207582944, -34.619316772990018 ], [ -58.351265711970676, -34.619339621129392 ], [ -58.351271339325599, -34.61935665770833 ], [ -58.351271339325578, -34.61935665770833 ], [ -58.351271339325592, -34.619356657708337 ], [ -58.351271339699203, -34.619356657703484 ], [ -58.351292126318086, -34.619356388342069 ], [ -58.351330777940142, -34.619355886474743 ], [ -58.351355883757165, -34.619356125058985 ], [ -58.351368303267314, -34.619356537925654 ], [ -58.351368303267606, -34.61935653792564 ], [ -58.351386139465738, -34.6193571308592 ] ], [ [ -58.364484049359568, -34.612403923037775 ], [ -58.364489450670604, -34.612400145053407 ], [ -58.364495982826746, -34.612395247519302 ], [ -58.36450035576059, -34.612388921288129 ], [ -58.364504461856789, -34.612382359569992 ], [ -58.36450687508394, -34.612376448207748 ], [ -58.364509630639922, -34.612368709042443 ], [ -58.364511279876567, -34.612360712977932 ], [ -58.364539758781653, -34.612098333511746 ], [ -58.36474874780906, -34.612116477730183 ], [ -58.364721282813449, -34.612357306008747 ], [ -58.364719944583165, -34.612364160228033 ], [ -58.364718551030705, -34.612372620733353 ], [ -58.364718640460637, -34.612378131187306 ], [ -58.364718485671339, -34.612382718389576 ], [ -58.364718786346344, -34.612390299576383 ], [ -58.364720027336176, -34.612394688692646 ], [ -58.364722053850613, -34.612400473842051 ], [ -58.364725111199625, -34.612408578277055 ], [ -58.364729618829777, -34.612414650279774 ], [ -58.364734159161841, -34.612419805564407 ], [ -58.364741213312108, -34.612424330082732 ], [ -58.364748852647288, -34.612428178106789 ], [ -58.364754588959798, -34.612430605757851 ], [ -58.364762273802739, -34.612432849289888 ], [ -58.364773013500042, -34.612435162895061 ], [ -58.364784340010907, -34.612436343887971 ], [ -58.365177805032062, -34.612468162907184 ], [ -58.365424403718826, -34.612491204781129 ], [ -58.365429684823781, -34.612491346935087 ], [ -58.365435774612756, -34.612491742135191 ], [ -58.365440414684059, -34.612493703741798 ], [ -58.365444810260385, -34.612494970157186 ], [ -58.365450036328426, -34.612496487833312 ], [ -58.365456038388459, -34.612499174372118 ], [ -58.365461176174627, -34.612502525465601 ], [ -58.365465441515823, -34.612507000831677 ], [ -58.365469705498583, -34.612511705157203 ], [ -58.365472585419298, -34.612515913493112 ], [ -58.365474369653697, -34.612520091203493 ], [ -58.365475014052599, -34.612524697075891 ], [ -58.365475690875101, -34.612528616092099 ], [ -58.36547574874055, -34.612534123815834 ], [ -58.365474677671763, -34.6125400606117 ], [ -58.365473595162968, -34.612546455319865 ], [ -58.365471860450292, -34.612554897531659 ], [ -58.365171800763719, -34.615181265468195 ], [ -58.365106425253373, -34.615720792807728 ], [ -58.364900116762087, -34.617535875550324 ], [ -58.364896546975466, -34.617557145267966 ], [ -58.364896522546566, -34.617569529849739 ], [ -58.364894439818741, -34.617575228746183 ], [ -58.364892656918329, -34.61758001654939 ], [ -58.364887518034607, -34.617585664303718 ], [ -58.364881859600416, -34.617589929762687 ], [ -58.364876499635145, -34.617593511284866 ], [ -58.36487004416464, -34.617595928190433 ], [ -58.3648652942125, -34.617597226007462 ], [ -58.364857509903132, -34.617597555955577 ], [ -58.364846405300348, -34.61759714496111 ], [ -58.364836153047776, -34.617596059490467 ], [ -58.364227461358389, -34.617550054914574 ], [ -58.364218017043555, -34.617549900312966 ], [ -58.364205550920055, -34.617548319013324 ], [ -58.364196958688105, -34.617547718899615 ], [ -58.364187769507524, -34.617548485753545 ], [ -58.364180239243559, -34.617549737115517 ], [ -58.364172123204767, -34.617552127395172 ], [ -58.364164030063272, -34.617553600047898 ], [ -58.364156400032449, -34.617558978025421 ], [ -58.364149667058243, -34.61756184898271 ], [ -58.364142834589124, -34.617568617596348 ], [ -58.364137707102273, -34.617573808308634 ], [ -58.364133964043759, -34.617579250740746 ], [ -58.364130983930764, -34.617587687406761 ], [ -58.364099601852246, -34.617861696993543 ], [ -58.36388827477905, -34.617846528051786 ], [ -58.363916973669383, -34.61759128118139 ], [ -58.363918237367344, -34.617584880330206 ], [ -58.363918980170347, -34.617577324336388 ], [ -58.363917752770007, -34.617570652832804 ], [ -58.36391597176172, -34.617563743804901 ], [ -58.363913903453842, -34.617557288858265 ], [ -58.363908833788507, -34.617548719440705 ], [ -58.363903177802278, -34.617541745057494 ], [ -58.363897731965103, -34.617536840504272 ], [ -58.363891996920479, -34.617533076010716 ], [ -58.363885963673113, -34.617529765589239 ], [ -58.363878534273255, -34.617526893020916 ], [ -58.363869678467061, -34.61752514155674 ], [ -58.363860267142982, -34.617523840348809 ], [ -58.363853059617504, -34.617523262072211 ], [ -58.363217131856629, -34.617477723326552 ], [ -58.363206590971693, -34.617477320758063 ], [ -58.363198542546925, -34.617476958093526 ], [ -58.363191655602783, -34.617474551962346 ], [ -58.363185046690091, -34.617472149664586 ], [ -58.363179832839855, -34.617469312224436 ], [ -58.363174629353949, -34.617466015970059 ], [ -58.363169250373296, -34.617459047188667 ], [ -58.363166040280575, -34.617453719869282 ], [ -58.3631634181544, -34.617447255441107 ], [ -58.363163918723039, -34.617438089317822 ], [ -58.36316497152923, -34.617429391484521 ], [ -58.363166070701411, -34.617418401379624 ], [ -58.363358472839288, -34.615719598725597 ], [ -58.363733992990845, -34.612414809028472 ], [ -58.363735408180119, -34.612405660768594 ], [ -58.363736679755526, -34.612392606537796 ], [ -58.363737796486213, -34.612384140409397 ], [ -58.363740475238977, -34.612378693510387 ], [ -58.363742600150232, -34.6123732335395 ], [ -58.363745511932613, -34.612368940648381 ], [ -58.363750947351456, -34.612364016118079 ], [ -58.363758265874075, -34.612360742722892 ], [ -58.363765285122618, -34.61235792159605 ], [ -58.363778649283226, -34.612356393774199 ], [ -58.363791393085556, -34.612356689017943 ], [ -58.363807957075807, -34.61235890830222 ], [ -58.364430349888003, -34.612409795552274 ], [ -58.36444249597978, -34.612411224230236 ], [ -58.364452450143084, -34.612412143631481 ], [ -58.364466080045666, -34.612410852121762 ], [ -58.364475357430678, -34.612406935755018 ], [ -58.364484049359568, -34.612403923037775 ] ], [ [ -58.365258033158689, -34.605487369459269 ], [ -58.365265149244287, -34.605484173328961 ], [ -58.365271200523871, -34.605479794579495 ], [ -58.365276710005482, -34.605475397366035 ], [ -58.36528116585712, -34.605469584074534 ], [ -58.365287733802205, -34.605460631928032 ], [ -58.365290274824197, -34.605454294273706 ], [ -58.365291442548056, -34.605447677878445 ], [ -58.365293202952707, -34.605434886322399 ], [ -58.365299058601266, -34.6054346314165 ], [ -58.365326259681936, -34.605187693585648 ], [ -58.365548849546293, -34.605204402381069 ], [ -58.365519434233711, -34.605451034708047 ], [ -58.3655257455883, -34.605452630774252 ], [ -58.365524978825889, -34.605462244718673 ], [ -58.365524153679431, -34.605467723797091 ], [ -58.36552487955263, -34.605475323359727 ], [ -58.365525758270152, -34.605479945650508 ], [ -58.365526935135712, -34.605484116568206 ], [ -58.365528144418477, -34.605487603333117 ], [ -58.365530130716223, -34.605492261666839 ], [ -58.36553348895292, -34.605497429501405 ], [ -58.365535783473881, -34.605501412016082 ], [ -58.365539262406351, -34.605504057770624 ], [ -58.365545654224299, -34.6055095579556 ], [ -58.365550781992326, -34.605512721545168 ], [ -58.36555621934496, -34.60551497765136 ], [ -58.365561624010681, -34.605518148673681 ], [ -58.365567072535029, -34.605520174925907 ], [ -58.365573438655673, -34.605520626228561 ], [ -58.365584552851956, -34.605520784765979 ], [ -58.365596145095658, -34.605522336380993 ], [ -58.365605554606049, -34.605523122743435 ], [ -58.366201776770367, -34.605570295903576 ], [ -58.36620974842107, -34.605571952749472 ], [ -58.366216934067225, -34.605572659772882 ], [ -58.366222535163111, -34.605571938585385 ], [ -58.366229676134367, -34.605573563219338 ], [ -58.366236584882643, -34.605574263711326 ], [ -58.36624205440588, -34.605576061890581 ], [ -58.366247182472989, -34.605578994687292 ], [ -58.36625205571741, -34.605581687503026 ], [ -58.366255235441436, -34.605584784611189 ], [ -58.36625841543519, -34.605587650054211 ], [ -58.366262473925524, -34.605595364039154 ], [ -58.366264969380495, -34.605600960243876 ], [ -58.366265804559013, -34.605606497437165 ], [ -58.366263599745075, -34.605617209074865 ], [ -58.366263109961373, -34.605626832258181 ], [ -58.366140532015983, -34.606705226501475 ], [ -58.365985301065614, -34.60806040090494 ], [ -58.365624253569067, -34.611212196383654 ], [ -58.365567746647223, -34.611719371341486 ], [ -58.365566631733877, -34.611726452907654 ], [ -58.365566422768026, -34.611731724246177 ], [ -58.365565363156399, -34.611737202229904 ], [ -58.365563825727534, -34.61174106088 ], [ -58.365562466587861, -34.61174721829466 ], [ -58.365558394665236, -34.611751696894196 ], [ -58.365555174478324, -34.611755968849401 ], [ -58.36555052637663, -34.61176089138727 ], [ -58.365544848804753, -34.611764177923696 ], [ -58.365538318404809, -34.611767672004596 ], [ -58.36553184194937, -34.611769790560949 ], [ -58.365523185024976, -34.611770932934199 ], [ -58.36551679711657, -34.611770990012502 ], [ -58.365506854504929, -34.61176957222191 ], [ -58.36549601629239, -34.611769507645782 ], [ -58.36548551984383, -34.611768076789545 ], [ -58.36517852535863, -34.611742873550106 ], [ -58.364866057319105, -34.611718205974334 ], [ -58.364852494297885, -34.61171743333054 ], [ -58.364844755020378, -34.611717024150352 ], [ -58.364837536059035, -34.611717316694588 ], [ -58.364829409495833, -34.611719883690647 ], [ -58.364822965972401, -34.611721800317824 ], [ -58.364816489477157, -34.611724863524685 ], [ -58.364810821389995, -34.611728405136532 ], [ -58.364805728397272, -34.611731500107986 ], [ -58.364801410838915, -34.611736221867432 ], [ -58.36479668419851, -34.611744833826421 ], [ -58.364793984007825, -34.611750968515615 ], [ -58.364764741806383, -34.61201975834134 ], [ -58.364548756990935, -34.612003286932371 ], [ -58.364577337609305, -34.611745959083358 ], [ -58.364578210031063, -34.611736568792729 ], [ -58.364577899015615, -34.611729446419353 ], [ -58.364576425274073, -34.611723674334129 ], [ -58.364574962706399, -34.61171767329715 ], [ -58.36457126462448, -34.611712077893074 ], [ -58.364567255557319, -34.611707624336766 ], [ -58.364561054850732, -34.611702432546167 ], [ -58.364554255070082, -34.611698602316494 ], [ -58.364546327448529, -34.611695204756622 ], [ -58.364540558760645, -34.611693464853012 ], [ -58.364532863907215, -34.611691451160894 ], [ -58.364523484923048, -34.61169008693021 ], [ -58.363887457553652, -34.611640719656471 ], [ -58.363881123323473, -34.611639655326059 ], [ -58.363869210657846, -34.611639150738171 ], [ -58.36386122745904, -34.611637588380255 ], [ -58.363852923452896, -34.611637167859833 ], [ -58.363848538012064, -34.611635688660044 ], [ -58.363843621360502, -34.611633508623491 ], [ -58.363837365369413, -34.61162992037778 ], [ -58.363833854844273, -34.611627085253161 ], [ -58.363829558816001, -34.611622854990841 ], [ -58.363826369371345, -34.611618649968968 ], [ -58.36382296925018, -34.611612832134306 ], [ -58.363821827818619, -34.611605461191232 ], [ -58.363821749898477, -34.611599491922462 ], [ -58.363822800097545, -34.611592859226782 ], [ -58.363866908758176, -34.61121148711436 ], [ -58.364249466576702, -34.607922454106834 ], [ -58.364390795726045, -34.606707314509194 ], [ -58.36452976784463, -34.605479505821783 ], [ -58.364530454627833, -34.605474927157964 ], [ -58.364531518593552, -34.605466681817916 ], [ -58.364533057600617, -34.605461432285132 ], [ -58.364534850617233, -34.605457105111803 ], [ -58.364538039572423, -34.605452347287681 ], [ -58.364542302059384, -34.605448758574248 ], [ -58.364546530751099, -34.605446090184408 ], [ -58.364550738735183, -34.60544433762162 ], [ -58.364557148011464, -34.605443318794208 ], [ -58.364563824372581, -34.605442307393993 ], [ -58.364569359895498, -34.605442649004907 ], [ -58.364578781812078, -34.605443069479541 ], [ -58.364591491629881, -34.60544447696541 ], [ -58.365186690284006, -34.605491463156135 ], [ -58.36519987234, -34.605489015579806 ], [ -58.365206824399259, -34.605489027479152 ], [ -58.365213998856504, -34.605489965316437 ], [ -58.365223641658382, -34.605491678556902 ], [ -58.365232233008996, -34.605491978424453 ], [ -58.365242837006953, -34.6054912009077 ], [ -58.365251537620324, -34.605489437508481 ], [ -58.365258033158689, -34.605487369459269 ] ], [ [ -58.365947150424489, -34.599164859067194 ], [ -58.365954433982211, -34.599162457179389 ], [ -58.365960378625402, -34.599158422648955 ], [ -58.365964951111536, -34.599153217879135 ], [ -58.365968705755613, -34.599147309347458 ], [ -58.365972248063507, -34.599139331882434 ], [ -58.365975227339327, -34.599130884327238 ], [ -58.365976789552498, -34.599124252007471 ], [ -58.36598846832689, -34.59912375922957 ], [ -58.366034905010473, -34.598737821687656 ], [ -58.366177984807031, -34.598729484819835 ], [ -58.366306995617819, -34.598738238384669 ], [ -58.366260282111057, -34.599143951210785 ], [ -58.366268871655748, -34.599145245272275 ], [ -58.366268670724082, -34.599153048724283 ], [ -58.366267684627125, -34.599159231696291 ], [ -58.366268358177514, -34.599165904558831 ], [ -58.366270128080266, -34.599172822578552 ], [ -58.366273580768471, -34.599179082095283 ], [ -58.366277044893792, -34.599184880994301 ], [ -58.366281626346989, -34.599190698810062 ], [ -58.36628848872698, -34.599194260376507 ], [ -58.36630006651108, -34.599198128568972 ], [ -58.366309176874644, -34.599200578664849 ], [ -58.366317456045515, -34.599202554852823 ], [ -58.366888492329437, -34.599247073395468 ], [ -58.366895155437774, -34.599247643851605 ], [ -58.366904022413593, -34.599248482869392 ], [ -58.366909866845077, -34.599248121508886 ], [ -58.366917636377906, -34.59924871357051 ], [ -58.366925385497794, -34.599249990696379 ], [ -58.366932868343795, -34.599250575319196 ], [ -58.366943638388157, -34.599253512544998 ], [ -58.366951884108566, -34.599257097702058 ], [ -58.36695847017517, -34.599260193878791 ], [ -58.366964236505993, -34.599263274985269 ], [ -58.366970766243803, -34.599268896000368 ], [ -58.366975857401975, -34.599276103283941 ], [ -58.36697932131581, -34.599282131124035 ], [ -58.366981943158969, -34.599288605404745 ], [ -58.366984554927356, -34.599295308638666 ], [ -58.366985517379071, -34.599301065880276 ], [ -58.366985670431625, -34.599306351940626 ], [ -58.366651976057497, -34.602198214756342 ], [ -58.366350026189885, -34.604858199039207 ], [ -58.36634845118963, -34.604867323777214 ], [ -58.366347782592428, -34.604875105216308 ], [ -58.366346115925822, -34.604880556589535 ], [ -58.366345300915746, -34.60488580762253 ], [ -58.366343102802958, -34.604890779017303 ], [ -58.366340150005847, -34.604894120042545 ], [ -58.366336334119772, -34.604898117517934 ], [ -58.366333403391671, -34.60490122959952 ], [ -58.366327948486607, -34.604904711060513 ], [ -58.366322569574855, -34.604906590755981 ], [ -58.366315840798613, -34.604907732015619 ], [ -58.366309962588012, -34.604908673835453 ], [ -58.366299977017484, -34.604908327864365 ], [ -58.366288949800555, -34.604906564931383 ], [ -58.365676414208188, -34.604857905320983 ], [ -58.365666705540178, -34.604857567632436 ], [ -58.365658370164674, -34.604857505975573 ], [ -58.365647265867103, -34.604857348354294 ], [ -58.365638012904121, -34.604858861646129 ], [ -58.365630187720633, -34.60485973787393 ], [ -58.365623723568334, -34.604861119986708 ], [ -58.365619153805049, -34.604863713323162 ], [ -58.365612283349471, -34.60486760556843 ], [ -58.365605303374153, -34.6048737882372 ], [ -58.365599185403006, -34.604879313558214 ], [ -58.365596412209939, -34.604884725274026 ], [ -58.365592166552133, -34.604891693466648 ], [ -58.365590314574554, -34.604900809860183 ], [ -58.365588848741886, -34.604907873125157 ], [ -58.365588510635398, -34.604914519033741 ], [ -58.36557912689549, -34.60491878064996 ], [ -58.365555544198699, -34.605110530126964 ], [ -58.365337172551115, -34.605092821448679 ], [ -58.365360703015121, -34.604891199605582 ], [ -58.365354613834249, -34.604890759331198 ], [ -58.36535530486529, -34.604882519993694 ], [ -58.365355973554088, -34.604874739461657 ], [ -58.365355822738557, -34.604866699563885 ], [ -58.365354488338262, -34.604860226287641 ], [ -58.365352345871365, -34.604853037535577 ], [ -58.365349850499925, -34.604847441311662 ], [ -58.365347023471635, -34.60484298241515 ], [ -58.365343079065134, -34.604838483860341 ], [ -58.365338868937116, -34.604833747116864 ], [ -58.365334526941929, -34.604831758700946 ], [ -58.36532720751952, -34.604828059700765 ], [ -58.365321780297251, -34.604825575532679 ], [ -58.365312235657825, -34.60482202978914 ], [ -58.365298429739312, -34.604820172590088 ], [ -58.365286495862364, -34.604819985424157 ], [ -58.365276222515938, -34.604819627419644 ], [ -58.365267122133588, -34.604818392372373 ], [ -58.365187717857552, -34.604814282067991 ], [ -58.36465379123333, -34.604776806752611 ], [ -58.364644104489081, -34.604776378858254 ], [ -58.36463611127563, -34.604774609214857 ], [ -58.364629258346653, -34.604771946283101 ], [ -58.364624640760013, -34.604768865997841 ], [ -58.364621153919302, -34.6047646616531 ], [ -58.364617434329467, -34.604759073438281 ], [ -58.364616182823632, -34.604754458050287 ], [ -58.364616050081423, -34.604749631733171 ], [ -58.364615386706213, -34.604743647561833 ], [ -58.364615829284737, -34.604738143841153 ], [ -58.364615431087522, -34.604732855781556 ], [ -58.364908969551713, -34.602196952406594 ], [ -58.36519136998605, -34.599667412250241 ], [ -58.365247310975484, -34.599193261402789 ], [ -58.365248906750232, -34.599185020982276 ], [ -58.365249960475758, -34.59917608332686 ], [ -58.365250658331313, -34.599170352645523 ], [ -58.365251932283712, -34.599164174420224 ], [ -58.365254291141689, -34.599158702880231 ], [ -58.365256948939496, -34.599152087675648 ], [ -58.365259861014458, -34.599147085319544 ], [ -58.365262751020282, -34.599142310104043 ], [ -58.365267312108934, -34.599137564175095 ], [ -58.365272393453843, -34.599134434913864 ], [ -58.365277509118258, -34.599129929208381 ], [ -58.365283708060765, -34.599126587207401 ], [ -58.365289873769974, -34.599124624355341 ], [ -58.365297157343029, -34.599122222506786 ], [ -58.365301907327996, -34.599120922865197 ], [ -58.365307740046489, -34.599121251159971 ], [ -58.365316351904227, -34.599121167031925 ], [ -58.365325528419561, -34.599121093272288 ], [ -58.365333565001293, -34.599121686550625 ], [ -58.365918689758303, -34.599169891532689 ], [ -58.36592617258988, -34.599170476217246 ], [ -58.365933689462473, -34.599169914319504 ], [ -58.365940972753883, -34.599167741393529 ], [ -58.365947150424489, -34.599164859067194 ] ], [ [ -58.363809566048154, -34.618238789529215 ], [ -58.363816576029869, -34.618235924225488 ], [ -58.363824481724357, -34.618230779060852 ], [ -58.363829000314503, -34.618227872062391 ], [ -58.363834149945269, -34.61822153477636 ], [ -58.363839908800394, -34.618213602474583 ], [ -58.363844261953133, -34.618205876352967 ], [ -58.363845349596644, -34.61819534415492 ], [ -58.363876252549595, -34.617940821142774 ], [ -58.364088121747869, -34.617956916303889 ], [ -58.364060644443001, -34.618195670923932 ], [ -58.364060488516131, -34.618202089804093 ], [ -58.364058559714039, -34.618213066620939 ], [ -58.364059454311111, -34.618221795791939 ], [ -58.364061523462304, -34.618228481499457 ], [ -58.364065253452523, -34.618234963935748 ], [ -58.364067068015927, -34.618240269363078 ], [ -58.364070000708828, -34.618245134004404 ], [ -58.364072955756086, -34.61824953894002 ], [ -58.364079453808266, -34.618256297658782 ], [ -58.364088221649055, -34.618261487049324 ], [ -58.364094797394792, -34.618265263935406 ], [ -58.364099757552573, -34.618266951820232 ], [ -58.364107474325138, -34.618269372095995 ], [ -58.364114671560102, -34.618270407368755 ], [ -58.364122697988385, -34.61827191385612 ], [ -58.364129064667992, -34.618272706872425 ], [ -58.364137390117151, -34.618273073306483 ], [ -58.364760546927791, -34.618318398627537 ], [ -58.364771641269826, -34.618319269345413 ], [ -58.364781848920522, -34.618322188272295 ], [ -58.364790096441638, -34.618325764553056 ], [ -58.364795842755278, -34.618329300052579 ], [ -58.364800458410208, -34.618333732452562 ], [ -58.364803170890887, -34.618336758003025 ], [ -58.364806092184693, -34.618342081439842 ], [ -58.364807929419079, -34.618346697288622 ], [ -58.364808349233172, -34.618352209806623 ], [ -58.364808712913636, -34.618360013687209 ], [ -58.36480742774306, -34.618367102312426 ], [ -58.364613374888449, -34.620226419081447 ], [ -58.364265203073089, -34.623378216341507 ], [ -58.364263436118172, -34.623386885652046 ], [ -58.364262477949026, -34.623395808016376 ], [ -58.364261938756513, -34.623401759645304 ], [ -58.364261177673249, -34.623406327416618 ], [ -58.364260628394852, -34.623412507997649 ], [ -58.364259091238402, -34.623415904196122 ], [ -58.36425645743833, -34.62341903719139 ], [ -58.364250690991888, -34.623423910986403 ], [ -58.364244290767409, -34.623424404273777 ], [ -58.364239562358719, -34.623424719536182 ], [ -58.364233992999672, -34.623425237836045 ], [ -58.364228157044401, -34.623425288984308 ], [ -58.362712057835239, -34.623315864479558 ], [ -58.362705179786062, -34.623314735640164 ], [ -58.362696874698152, -34.623314252842079 ], [ -58.362688868649549, -34.623313549442472 ], [ -58.362680540924536, -34.623313753505485 ], [ -58.362673852564313, -34.623314467320327 ], [ -58.362667387434719, -34.623316336036147 ], [ -58.362660877581668, -34.623319121457378 ], [ -58.362656306133438, -34.623322195128651 ], [ -58.3626525868196, -34.623324835920549 ], [ -58.362058668186755, -34.623713950139845 ], [ -58.362048833533336, -34.623720380809274 ], [ -58.361915773208182, -34.623585840849806 ], [ -58.361935687795054, -34.623573021200365 ], [ -58.362510230229852, -34.623195846175264 ], [ -58.362516218900019, -34.623192127363225 ], [ -58.362521674656833, -34.623188162023283 ], [ -58.362525991510196, -34.623184622113264 ], [ -58.362529288094713, -34.623178983759225 ], [ -58.362532606763715, -34.623173116462979 ], [ -58.362535703569755, -34.62316586620733 ], [ -58.362536497475261, -34.623160381731104 ], [ -58.362857788515363, -34.620226699807766 ], [ -58.36307337489685, -34.618249167996836 ], [ -58.363073808118294, -34.618242523991057 ], [ -58.363075747954127, -34.618231547199024 ], [ -58.363076181175295, -34.618224903193223 ], [ -58.363078286952458, -34.618218287604051 ], [ -58.363081752892384, -34.618213068529364 ], [ -58.363085497413572, -34.618207397170913 ], [ -58.363090867308216, -34.618203815736074 ], [ -58.363096492877581, -34.618200696939098 ], [ -58.363103214209566, -34.618198513813688 ], [ -58.363111308246417, -34.618197271094211 ], [ -58.363121328334366, -34.618196518525124 ], [ -58.363133529321551, -34.618197407427687 ], [ -58.363759442434748, -34.618243700136851 ], [ -58.363770259270211, -34.618244108291265 ], [ -58.363783003249715, -34.618245922428088 ], [ -58.363791915842974, -34.618244921010152 ], [ -58.363801705063381, -34.618242101242387 ], [ -58.363809566048154, -34.618238789529215 ] ] ] } },
{ "type": "Feature", "properties": { "id": 28, "objeto": "BARRIO", "nombre": "Recoleta", "comuna": 2, "perimetro_": 25965.62, "area_metro": 6433406.31 }, "geometry": { "type": "Polygon", "coordinates": [ [ [ -58.375556645123133, -34.577448415862747 ], [ -58.376010446696014, -34.5774843037671 ], [ -58.376014784741571, -34.577484784624914 ], [ -58.376015062611799, -34.57748481547209 ], [ -58.376016089098705, -34.577484927982916 ], [ -58.376021785985479, -34.577485558547352 ], [ -58.376046345176654, -34.577489500912748 ], [ -58.376381206559579, -34.577520088123698 ], [ -58.376716261068161, -34.577550692581561 ], [ -58.376695602352548, -34.577562436119067 ], [ -58.376695572910748, -34.577562452323832 ], [ -58.376591549727173, -34.577621585898697 ], [ -58.37397717440912, -34.579107687070739 ], [ -58.375126880746755, -34.5805254281304 ], [ -58.376165404597238, -34.579955854036996 ], [ -58.376938571577341, -34.580000335411704 ], [ -58.379841464837774, -34.580167299470332 ], [ -58.382861911212935, -34.578454084630238 ], [ -58.383070333589828, -34.578372811375985 ], [ -58.383235475295947, -34.578320031383249 ], [ -58.383404355250434, -34.578275986623019 ], [ -58.383576291204996, -34.578240746044202 ], [ -58.38375051788509, -34.578214592182817 ], [ -58.383926353185238, -34.578197452471684 ], [ -58.384103201916723, -34.578189539254119 ], [ -58.384280296970324, -34.57819078081662 ], [ -58.384455674544292, -34.578201175889539 ], [ -58.38445687219275, -34.578201246974373 ], [ -58.384632417736967, -34.578220797680117 ], [ -58.385068317194168, -34.578252698049504 ], [ -58.385291305801196, -34.578251784299539 ], [ -58.385513710119035, -34.578239320707006 ], [ -58.385623956038351, -34.578225946156373 ], [ -58.385734846737655, -34.578215305939217 ], [ -58.385954337865314, -34.578222769307644 ], [ -58.386128347811216, -34.578216847112799 ], [ -58.386300641612031, -34.578190452214997 ], [ -58.386413646617996, -34.578167776882026 ], [ -58.386524783533872, -34.578139254525041 ], [ -58.386541836561953, -34.578133882838962 ], [ -58.386547205491063, -34.578132191535339 ], [ -58.386585286178644, -34.578120198572783 ], [ -58.386901912618846, -34.578128060186003 ], [ -58.387586816604681, -34.578146317159216 ], [ -58.388253029796751, -34.578164072028841 ], [ -58.388399318643465, -34.578167970410441 ], [ -58.389491476186407, -34.578197068497666 ], [ -58.389666912876514, -34.578201741982816 ], [ -58.389869341696375, -34.578207133668116 ], [ -58.389896128637666, -34.578246606075375 ], [ -58.3903919773364, -34.57897725708154 ], [ -58.391199208621018, -34.580166889636125 ], [ -58.391220227709049, -34.580198146349893 ], [ -58.391648833832392, -34.5808356684404 ], [ -58.391649338881692, -34.580836419623992 ], [ -58.391639413744564, -34.580838731360991 ], [ -58.391631177134386, -34.580840649264474 ], [ -58.391536986244233, -34.580864679096621 ], [ -58.391462210026795, -34.580886184575846 ], [ -58.391397651671859, -34.580908400943514 ], [ -58.391344076573297, -34.58092970790473 ], [ -58.391302058368929, -34.580948421950303 ], [ -58.391295440382933, -34.580951369311947 ], [ -58.391174906991395, -34.581012426482694 ], [ -58.391165539758077, -34.581017342727748 ], [ -58.39109917858714, -34.581052170611066 ], [ -58.391048919370476, -34.581078972687955 ], [ -58.39100374306971, -34.581103446669744 ], [ -58.390926337486484, -34.581145380159576 ], [ -58.390803840233708, -34.581211998490978 ], [ -58.390721977199618, -34.581256106144103 ], [ -58.390675040144529, -34.581281078345789 ], [ -58.390614985155224, -34.581312662783297 ], [ -58.390554845233687, -34.581344106518159 ], [ -58.390434139486764, -34.581406570875814 ], [ -58.390192132096693, -34.581530583025966 ], [ -58.390030962927952, -34.581613446324283 ], [ -58.389939048447651, -34.581661137789979 ], [ -58.389776515608204, -34.58174618228032 ], [ -58.38961432210418, -34.581831649525931 ], [ -58.389506390785506, -34.581888768911945 ], [ -58.3893625962355, -34.581965303005546 ], [ -58.389171181492564, -34.582067723981169 ], [ -58.389062056894446, -34.582126461205959 ], [ -58.388937427563789, -34.582193781268735 ], [ -58.388795164857193, -34.582270949324283 ], [ -58.388632795449212, -34.58235951334666 ], [ -58.388447511257141, -34.58246116260591 ], [ -58.388396737294507, -34.582490075306005 ], [ -58.388346471604578, -34.582522157706656 ], [ -58.388095472935561, -34.582695739416152 ], [ -58.38784438821304, -34.582869319649134 ], [ -58.387418271897161, -34.583194272384972 ], [ -58.38696844658319, -34.583556745012238 ], [ -58.386647668418519, -34.583862747102401 ], [ -58.386426317307688, -34.584103738961751 ], [ -58.386171010385013, -34.584384500538548 ], [ -58.385980536624942, -34.584593958514333 ], [ -58.385850642558161, -34.584740912010247 ], [ -58.385850594552039, -34.584740966065276 ], [ -58.385604207637314, -34.585019712893676 ], [ -58.385330107543219, -34.585388770542892 ], [ -58.385063209139091, -34.585884876208368 ], [ -58.384998306420719, -34.586011491008811 ], [ -58.384891730095127, -34.586219400995304 ], [ -58.384803004164951, -34.586392489528684 ], [ -58.384801880566123, -34.586394681069727 ], [ -58.38450398753848, -34.586966129051568 ], [ -58.384095236318991, -34.587243678864795 ], [ -58.383783866537378, -34.587455103720607 ], [ -58.383700178759689, -34.587500515191799 ], [ -58.383691738205137, -34.587505112357512 ], [ -58.38369087887974, -34.587505583241736 ], [ -58.383848616154808, -34.587683700155893 ], [ -58.384953867088299, -34.588797250514951 ], [ -58.385940809162712, -34.58979162955545 ], [ -58.38692224385791, -34.590780363123713 ], [ -58.387876402350493, -34.591591009114097 ], [ -58.387882993958556, -34.591596608323428 ], [ -58.387954728857004, -34.591653413467853 ], [ -58.387914505532848, -34.591686206751234 ], [ -58.387571305345595, -34.592835590314301 ], [ -58.387314271600637, -34.594549599365791 ], [ -58.387314016070178, -34.594551303797644 ], [ -58.387294935862023, -34.594649673224744 ], [ -58.387275170740971, -34.594751986847662 ], [ -58.387183147546622, -34.595554970227838 ], [ -58.387161013760938, -34.595733339893627 ], [ -58.387135818723706, -34.595935906335363 ], [ -58.387135447561349, -34.595938890714685 ], [ -58.387066237299983, -34.596936962266078 ], [ -58.387067573800984, -34.597058583949455 ], [ -58.38706891487265, -34.597175206343231 ], [ -58.386976870411935, -34.598183404375177 ], [ -58.38696400159656, -34.598286285589559 ], [ -58.386949833515438, -34.598399725250601 ], [ -58.386948645339288, -34.598409235415573 ], [ -58.38686820376445, -34.599297860437282 ], [ -58.38795629744741, -34.599348820282621 ], [ -58.387972336366573, -34.59934970817028 ], [ -58.388118116796093, -34.599357775665162 ], [ -58.3881519092836, -34.599359645298357 ], [ -58.389394408874544, -34.599428671591475 ], [ -58.389484916547239, -34.599433699523075 ], [ -58.389607389807651, -34.599441795307015 ], [ -58.389668774147054, -34.599445852706928 ], [ -58.390144814293919, -34.599477195736895 ], [ -58.391380049916918, -34.59955849466013 ], [ -58.39148571447128, -34.599564975020321 ], [ -58.391557438319246, -34.599569373785421 ], [ -58.39293533370779, -34.599642149302134 ], [ -58.393083738296163, -34.599645886452315 ], [ -58.394400555592547, -34.599679042329086 ], [ -58.39468941733719, -34.599686230778467 ], [ -58.394716167935734, -34.59968689664386 ], [ -58.395820731946522, -34.599708428181671 ], [ -58.396644517195078, -34.599724599966031 ], [ -58.397189983804971, -34.599735304535784 ], [ -58.398659356891308, -34.599764026858693 ], [ -58.398727263942462, -34.599765353650241 ], [ -58.398727364249375, -34.599765342033365 ], [ -58.398780957502964, -34.599759135195789 ], [ -58.399925121986932, -34.599626613657549 ], [ -58.400481051392703, -34.599560323872367 ], [ -58.401073578964457, -34.599489666605137 ], [ -58.401074354095378, -34.599489574153935 ], [ -58.40121232404902, -34.599473188067023 ], [ -58.40146800002244, -34.59944174106635 ], [ -58.402012342973116, -34.599374788503923 ], [ -58.402478456981953, -34.599125933466816 ], [ -58.402540905642439, -34.599092583101424 ], [ -58.403086845280896, -34.598801159713744 ], [ -58.403449079923945, -34.59860779168946 ], [ -58.403636243464724, -34.598507879529457 ], [ -58.403725559018277, -34.598460200054525 ], [ -58.404510717536766, -34.598041066892939 ], [ -58.404511433711967, -34.598041070149826 ], [ -58.404735972519696, -34.598042091054616 ], [ -58.40473669305419, -34.598042094427541 ], [ -58.404874150904192, -34.59804273780955 ], [ -58.404874871438714, -34.598042741184017 ], [ -58.40559023676358, -34.598046089325777 ], [ -58.405590957298216, -34.598046092691071 ], [ -58.405886156121198, -34.598047471078551 ], [ -58.405886876655849, -34.598047474443376 ], [ -58.406630154636126, -34.59805094320145 ], [ -58.406630875157582, -34.598050954173594 ], [ -58.408060595495371, -34.59807271766492 ], [ -58.408061314927529, -34.598072728610603 ], [ -58.408151826874608, -34.598074105655982 ], [ -58.408152547390984, -34.598074117659678 ], [ -58.408580572460657, -34.598081247739216 ], [ -58.408581291887423, -34.598081259725063 ], [ -58.408725306637606, -34.598083658959851 ], [ -58.40872602716091, -34.598083669048606 ], [ -58.409103631716611, -34.598088955670697 ], [ -58.4094318952652, -34.598093550547986 ], [ -58.409432614713864, -34.598093554141869 ], [ -58.410297912265023, -34.598097873506113 ], [ -58.411922531409758, -34.598008215156298 ], [ -58.411990889482446, -34.598004467859226 ], [ -58.412049776598721, -34.598001240273035 ], [ -58.41209465132787, -34.597998780199788 ], [ -58.412987517019374, -34.597963798712158 ], [ -58.413256211656851, -34.597953909721262 ], [ -58.41392436104433, -34.597929238871288 ], [ -58.413957693156057, -34.597928008015103 ], [ -58.414631446353923, -34.597903126344697 ], [ -58.415666108332346, -34.597864942916182 ], [ -58.415666827788684, -34.597864932262809 ], [ -58.415694281690406, -34.597864525734977 ], [ -58.415695002236191, -34.597864515053608 ], [ -58.416004036001127, -34.597859933549024 ], [ -58.415521392961224, -34.596718178278842 ], [ -58.415049988234401, -34.595603185880769 ], [ -58.414629621157609, -34.594608847493568 ], [ -58.414397287745764, -34.594059309201533 ], [ -58.413526700842532, -34.59307844839384 ], [ -58.412881575672891, -34.592325001883509 ], [ -58.412466645481246, -34.591840384895143 ], [ -58.412394570347708, -34.591756197943305 ], [ -58.412330748388797, -34.59168166323358 ], [ -58.411192614172407, -34.590352145981825 ], [ -58.410084890981231, -34.589062491173905 ], [ -58.409501698388098, -34.588232502578173 ], [ -58.409196988553816, -34.587798708039948 ], [ -58.409032599881307, -34.58756467761328 ], [ -58.4083206304079, -34.586551313094958 ], [ -58.408140025184665, -34.586294255340455 ], [ -58.40804219407886, -34.586154560612044 ], [ -58.407629691725752, -34.585565912440032 ], [ -58.407095804186426, -34.584803892775732 ], [ -58.406402256657621, -34.583813976577567 ], [ -58.406176428203992, -34.583464709607348 ], [ -58.405363951892873, -34.583458411479413 ], [ -58.404030800221683, -34.583448052188679 ], [ -58.402048144782107, -34.583432636942796 ], [ -58.401947330422416, -34.58343181108031 ], [ -58.401352633934735, -34.583796695879137 ], [ -58.401350172918043, -34.583798206319244 ], [ -58.401219659476418, -34.583886874449142 ], [ -58.401130890322747, -34.583947252663485 ], [ -58.400547992568221, -34.584477245354066 ], [ -58.399943298919681, -34.583647270678398 ], [ -58.399279333400578, -34.582735851439111 ], [ -58.399365939604081, -34.582720473457982 ], [ -58.398113720474804, -34.580707591547963 ], [ -58.397964455642949, -34.580497718546077 ], [ -58.396928634264988, -34.579041428116682 ], [ -58.396757092553067, -34.578800273724063 ], [ -58.396564195981348, -34.578512233282034 ], [ -58.396646562738873, -34.578457879965484 ], [ -58.396816231073977, -34.578345916297351 ], [ -58.397821656172987, -34.577682429173073 ], [ -58.397898261910434, -34.57763187592888 ], [ -58.398586279301362, -34.577177208383134 ], [ -58.398614425504931, -34.57716213974652 ], [ -58.399050641296377, -34.576928607017059 ], [ -58.399878734740781, -34.576527437793736 ], [ -58.399944927450534, -34.576495369692026 ], [ -58.400512495076356, -34.576161498103119 ], [ -58.400661627864544, -34.576063271530863 ], [ -58.401148885349151, -34.575742338953567 ], [ -58.401240827535084, -34.575666382006958 ], [ -58.401656336739215, -34.575323111404266 ], [ -58.402139048346875, -34.574743095473053 ], [ -58.402413410392221, -34.57441342336115 ], [ -58.402650681613316, -34.574146009020055 ], [ -58.402510972283338, -34.574007831115821 ], [ -58.402412899023219, -34.573908545125661 ], [ -58.40203200094389, -34.57352293352119 ], [ -58.401749501280747, -34.573137814765516 ], [ -58.400666367100506, -34.571869936691655 ], [ -58.400546129924884, -34.571748959388486 ], [ -58.400452779449971, -34.571655034099351 ], [ -58.400306262052297, -34.571507613196104 ], [ -58.399922299006796, -34.571055294026671 ], [ -58.399889832294583, -34.571017046761277 ], [ -58.39972018078614, -34.570812645660951 ], [ -58.399640095130579, -34.570567428487863 ], [ -58.399634041448884, -34.570409083421161 ], [ -58.399655808473291, -34.57020478189763 ], [ -58.399702257387801, -34.570023478706126 ], [ -58.399810482756322, -34.569803898801524 ], [ -58.399914019439372, -34.569658811381096 ], [ -58.400052583083948, -34.569464639250725 ], [ -58.400112858834959, -34.569380173248213 ], [ -58.400130827549326, -34.569354993075649 ], [ -58.400131081721099, -34.569354636242117 ], [ -58.400014578603795, -34.569431794170619 ], [ -58.399810127163228, -34.569567198082638 ], [ -58.399579384352627, -34.569720013276061 ], [ -58.399437435317232, -34.569814022075832 ], [ -58.399349486985514, -34.56987226755902 ], [ -58.39934418719556, -34.569875777642594 ], [ -58.399342279477466, -34.569876739392392 ], [ -58.399300460375493, -34.569897821903346 ], [ -58.399275043149849, -34.56991063562721 ], [ -58.399239683201998, -34.569928461577625 ], [ -58.399218428678779, -34.569939176575659 ], [ -58.39918379292282, -34.56995663741251 ], [ -58.399000852707964, -34.570048862319432 ], [ -58.39882305504986, -34.570138494048187 ], [ -58.398801758040477, -34.570149230310882 ], [ -58.398704238673055, -34.570204819310568 ], [ -58.39837000346693, -34.570395345116474 ], [ -58.395210405162807, -34.572196335166439 ], [ -58.394824895588563, -34.572315065434594 ], [ -58.394328139446507, -34.572296123527934 ], [ -58.394323692451472, -34.572295810023014 ], [ -58.393536954093335, -34.57224031281104 ], [ -58.393315625720419, -34.572224698709761 ], [ -58.393213003952589, -34.572217459067375 ], [ -58.393022100387029, -34.572228366521379 ], [ -58.392844391633396, -34.572238519806525 ], [ -58.392844035532704, -34.572238540151851 ], [ -58.392882545713327, -34.572170189588618 ], [ -58.392919292797735, -34.572104968175339 ], [ -58.392938458756397, -34.572070950984852 ], [ -58.392988738896264, -34.571981709849332 ], [ -58.392953498999681, -34.572002437011115 ], [ -58.392925837237605, -34.572018706903116 ], [ -58.391536993069565, -34.572835563215804 ], [ -58.390441061061821, -34.573480119733858 ], [ -58.389504190068273, -34.574031111640174 ], [ -58.38857825885534, -34.574534718634709 ], [ -58.388578258855325, -34.574534718634723 ], [ -58.388578258855325, -34.574534718634723 ], [ -58.38794483725291, -34.574877356585027 ], [ -58.387584892277474, -34.574371427416239 ], [ -58.387355859657092, -34.57410035303073 ], [ -58.386648203813365, -34.573230796984284 ], [ -58.387014422683826, -34.573021809091863 ], [ -58.387112606281214, -34.572965778264191 ], [ -58.39126553617799, -34.570610990208557 ], [ -58.391242580281677, -34.57048313903892 ], [ -58.391255459716632, -34.570407327645611 ], [ -58.391193354504679, -34.570307705203405 ], [ -58.391173765303876, -34.570276282276957 ], [ -58.391161828481117, -34.570257134610415 ], [ -58.391100354594968, -34.570158525174477 ], [ -58.391061270495342, -34.570095831261824 ], [ -58.391061269991781, -34.570095830454036 ], [ -58.391049887845419, -34.570077571535933 ], [ -58.391049574455202, -34.570077069277993 ], [ -58.391049574441347, -34.57007706925576 ], [ -58.390965395904992, -34.570021777270291 ], [ -58.39096539588872, -34.570021777257971 ], [ -58.390886845211909, -34.56996220678807 ], [ -58.390886164586988, -34.569961690768245 ], [ -58.390879921977152, -34.569956235236056 ], [ -58.39081227797395, -34.569897111973084 ], [ -58.390744108466123, -34.56982836472794 ], [ -58.390681999018128, -34.569755795394123 ], [ -58.390626260963252, -34.569679768342489 ], [ -58.390603042233771, -34.569642350705557 ], [ -58.390577175104262, -34.569600665052469 ], [ -58.390534986265202, -34.569518884108518 ], [ -58.390510120078702, -34.569459302918688 ], [ -58.3904999087449, -34.569434835794695 ], [ -58.390496063192977, -34.569430171139039 ], [ -58.3904950886105, -34.569428988970081 ], [ -58.390466956102301, -34.569419665857865 ], [ -58.390419519462831, -34.569400296532272 ], [ -58.39037461752779, -34.569377158034207 ], [ -58.390346837245701, -34.569360097257039 ], [ -58.390320444344695, -34.569341592315716 ], [ -58.390307722966845, -34.56934797852994 ], [ -58.39023217959457, -34.569385900530641 ], [ -58.389410904829745, -34.569318720012184 ], [ -58.384285969762935, -34.56889937155141 ], [ -58.384212221820292, -34.568882317475122 ], [ -58.384140778625209, -34.568859514647102 ], [ -58.3840847735841, -34.568836335834085 ], [ -58.384072295992546, -34.568831171726529 ], [ -58.38407152835466, -34.568830774027624 ], [ -58.384007396994775, -34.56879754873399 ], [ -58.383946677414066, -34.568758952547576 ], [ -58.38389181858826, -34.568716606601981 ], [ -58.38389069048737, -34.568715735991205 ], [ -58.383839949089641, -34.568668293328685 ], [ -58.383807424815949, -34.568639704133268 ], [ -58.383746113340194, -34.568577495485442 ], [ -58.38374611134072, -34.568577493133738 ], [ -58.383691227953392, -34.568512940977271 ], [ -58.383690295162538, -34.568511844273793 ], [ -58.383690295128574, -34.568511844233839 ], [ -58.383676101999598, -34.568505866543312 ], [ -58.383659047547447, -34.568498683751933 ], [ -58.383597812132599, -34.568477358751139 ], [ -58.383555684968584, -34.568462688102017 ], [ -58.383449444033083, -34.568432977934179 ], [ -58.383340880316823, -34.568409707748899 ], [ -58.383307919810299, -34.568404715861071 ], [ -58.383230565768699, -34.568393000509289 ], [ -58.383119078907527, -34.568382944029018 ], [ -58.3823578975434, -34.568411061989892 ], [ -58.38231621866791, -34.568410152751298 ], [ -58.382275114429483, -34.568404371667562 ], [ -58.381468274666908, -34.568427712261133 ], [ -58.381159868733903, -34.568488968018855 ], [ -58.381121442421417, -34.568499293241018 ], [ -58.38108543591219, -34.568514457137233 ], [ -58.3810527354917, -34.568534087116241 ], [ -58.381024142558999, -34.568557701457244 ], [ -58.381000359450127, -34.568584720117819 ], [ -58.380981969807834, -34.568614480945527 ], [ -58.380969425493191, -34.568646251387513 ], [ -58.38083489976637, -34.569111241825695 ], [ -58.380748120597985, -34.569397387064008 ], [ -58.380760830616367, -34.569665710725744 ], [ -58.380734768170235, -34.569780175189692 ], [ -58.380712868017952, -34.57005920871174 ], [ -58.380711779054486, -34.570117962060728 ], [ -58.38035971013943, -34.570103390510397 ], [ -58.380357942680916, -34.570103317355645 ], [ -58.380399742381762, -34.568658017972957 ], [ -58.380408608986215, -34.568609827602934 ], [ -58.380410043688173, -34.568573244952105 ], [ -58.380410328029143, -34.56856599469932 ], [ -58.380394733584048, -34.568466077808594 ], [ -58.380366798418564, -34.56842541898159 ], [ -58.380287746946458, -34.568326023389432 ], [ -58.380225019321294, -34.568279131997947 ], [ -58.380102936005493, -34.568225426826253 ], [ -58.379960350933935, -34.568203880754226 ], [ -58.379851866511075, -34.568198162218806 ], [ -58.379479347479091, -34.568166298223012 ], [ -58.378535076640986, -34.56809678421596 ], [ -58.37762667852509, -34.568015508625578 ], [ -58.376740725191347, -34.567934094533832 ], [ -58.375984779709299, -34.567865823077753 ], [ -58.375047259504548, -34.567792976629981 ], [ -58.374486514948316, -34.56775185373359 ], [ -58.374075222182825, -34.567716495994524 ], [ -58.373284089018959, -34.567652906293681 ], [ -58.372576187816136, -34.567585631752713 ], [ -58.371334468232881, -34.567487618504884 ], [ -58.370483079983643, -34.567421577376329 ], [ -58.370135044139083, -34.567399784877558 ], [ -58.369731148231061, -34.567365609415489 ], [ -58.369219868407299, -34.567319915071401 ], [ -58.368792369890102, -34.567281348757 ], [ -58.368385750967349, -34.567242651196224 ], [ -58.368327997581453, -34.567237412708522 ], [ -58.368260217047549, -34.567231264678448 ], [ -58.368168674861799, -34.567237237507577 ], [ -58.368093696409204, -34.567261614812232 ], [ -58.368085487988289, -34.567279670567736 ], [ -58.368082716248196, -34.567316921605709 ], [ -58.368123313551273, -34.567327706854421 ], [ -58.368172897200196, -34.567306270702346 ], [ -58.368253135876373, -34.567306333202815 ], [ -58.369104995984834, -34.567383131421799 ], [ -58.369775162185462, -34.567440262083515 ], [ -58.370317904152309, -34.56748557854737 ], [ -58.370945588280449, -34.567546574927597 ], [ -58.371615772072978, -34.567590029716378 ], [ -58.372512441610063, -34.567700026132989 ], [ -58.373187326356437, -34.56776299833632 ], [ -58.374565426956977, -34.567881143129007 ], [ -58.375311126463806, -34.567932441518735 ], [ -58.376103993906234, -34.568015005127357 ], [ -58.376915758949629, -34.568081958924388 ], [ -58.377755841133393, -34.568152831679647 ], [ -58.378647848440124, -34.568219830163827 ], [ -58.379204762269254, -34.568263164690606 ], [ -58.379785272678646, -34.568310417331524 ], [ -58.379955141328693, -34.568361292045104 ], [ -58.380025871015562, -34.568431621477195 ], [ -58.380039824447316, -34.568443183199349 ], [ -58.380043166528928, -34.568459372150308 ], [ -58.380050498360227, -34.568474321906486 ], [ -58.380060552288626, -34.568488144931976 ], [ -58.380073084558269, -34.568500504827675 ], [ -58.380074110193263, -34.568501243912273 ], [ -58.380087789264039, -34.568511101209189 ], [ -58.380104308153498, -34.568519675122111 ], [ -58.380122239336451, -34.568526017160792 ], [ -58.380141009596869, -34.568529945240059 ], [ -58.380149075501585, -34.568537371234839 ], [ -58.380162334452883, -34.568553486364834 ], [ -58.380196253114072, -34.568613161628882 ], [ -58.380220919302829, -34.568684167093103 ], [ -58.380225260646867, -34.56869666431475 ], [ -58.380247459472919, -34.568781583009049 ], [ -58.380262750785249, -34.568867539950404 ], [ -58.3802710662954, -34.568954149284316 ], [ -58.380272368225732, -34.5690410251757 ], [ -58.380266650403243, -34.569127778204248 ], [ -58.380234220680421, -34.569845649665737 ], [ -58.380064040777185, -34.569917085384674 ], [ -58.380048944968323, -34.569924726399634 ], [ -58.380035503646425, -34.569934250720053 ], [ -58.380024057042931, -34.569945416996298 ], [ -58.380014895304321, -34.569957942378871 ], [ -58.380008248675601, -34.569971511526106 ], [ -58.380004285318208, -34.569985779306727 ], [ -58.380003106934659, -34.57000038702261 ], [ -58.380004741137839, -34.570014965107696 ], [ -58.380009147978285, -34.570029143949782 ], [ -58.380030229339837, -34.570372673980529 ], [ -58.379839716454029, -34.570357655009786 ], [ -58.379531964430967, -34.57033339054027 ], [ -58.379531834615563, -34.570333380773732 ], [ -58.379530223189136, -34.5703332595399 ], [ -58.379528821278861, -34.570333154282864 ], [ -58.379528708591884, -34.57033314582219 ], [ -58.379525452754606, -34.570332899301178 ], [ -58.379523561141475, -34.570332758281872 ], [ -58.379523466858998, -34.570332751239775 ], [ -58.37952219691374, -34.570332656385801 ], [ -58.379518939983186, -34.570332413469579 ], [ -58.379515683049028, -34.570332174158956 ], [ -58.379513393720828, -34.570332000415156 ], [ -58.379512433749277, -34.570331928543531 ], [ -58.379509176820569, -34.570331683824207 ], [ -58.379509141952262, -34.570331681095972 ], [ -58.379505920979817, -34.570331440908333 ], [ -58.379504184387081, -34.570331310402565 ], [ -58.379504044622834, -34.570331299899223 ], [ -58.379502666224283, -34.57033120250032 ], [ -58.379502309929961, -34.570331175460083 ], [ -58.379499909441662, -34.570330993279718 ], [ -58.379499475271579, -34.570330960757971 ], [ -58.379499411476893, -34.570330955979394 ], [ -58.379499189415753, -34.570330939428011 ], [ -58.379496152367018, -34.570330713061047 ], [ -58.379493997060813, -34.570330552930265 ], [ -58.379492895437508, -34.570330469242727 ], [ -58.379489640688391, -34.570330224524362 ], [ -58.379486385939266, -34.570329979805898 ], [ -58.379484576048895, -34.57032984515206 ], [ -58.379484361996411, -34.570329829003903 ], [ -58.379483129009799, -34.570329735987286 ], [ -58.379481629153922, -34.57032962370581 ], [ -58.379479872080381, -34.57032949216859 ], [ -58.379479837212074, -34.570329489440368 ], [ -58.379479410073657, -34.570329457597133 ], [ -58.379476616237987, -34.570329251054851 ], [ -58.379476510524597, -34.570329243083215 ], [ -58.379475096193147, -34.570329136431283 ], [ -58.379473360399246, -34.570329006335307 ], [ -58.379470106739035, -34.570328762518599 ], [ -58.379466848720874, -34.570328517797385 ], [ -58.379465825551101, -34.570328440473411 ], [ -58.379463589613003, -34.570328273075354 ], [ -58.379463119735398, -34.570328238385244 ], [ -58.379460335949226, -34.570328032864062 ], [ -58.379457564826701, -34.570327822972821 ], [ -58.379457081202091, -34.570327786341956 ], [ -58.379457001348733, -34.57032778042052 ], [ -58.379455903302123, -34.570327698995996 ], [ -58.37945382427192, -34.570327543424 ], [ -58.379450567339056, -34.570327303210242 ], [ -58.379450534650154, -34.570327300483513 ], [ -58.379449589934808, -34.570327228621878 ], [ -58.37944948097099, -34.57032722043418 ], [ -58.379447316949062, -34.570327058493739 ], [ -58.379447167329296, -34.570327047429259 ], [ -58.379446135779908, -34.570326971145413 ], [ -58.379444061105943, -34.570326818280542 ], [ -58.379440806356165, -34.570326574462321 ], [ -58.379437548338181, -34.570326329740304 ], [ -58.379436399859742, -34.570326243315762 ], [ -58.379434566774037, -34.570326106406227 ], [ -58.37943429249875, -34.570326085921153 ], [ -58.379431035570533, -34.570325841199733 ], [ -58.379429456684591, -34.570325722929468 ], [ -58.379427781907836, -34.570325600086164 ], [ -58.37942672604747, -34.570325521838015 ], [ -58.37942452497785, -34.570325357167427 ], [ -58.37942126695723, -34.570325115149295 ], [ -58.379421230999213, -34.570325112420313 ], [ -58.379419994258058, -34.570325021427834 ], [ -58.379418010031799, -34.570324867723251 ], [ -58.379415243011145, -34.570324661138798 ], [ -58.379414756370998, -34.570324624806481 ], [ -58.379414534602901, -34.57032460842828 ], [ -58.379411503797257, -34.570324384594656 ], [ -58.379408242512987, -34.570324137165358 ], [ -58.37940498775982, -34.570323896951869 ], [ -58.379402562224385, -34.570323715900933 ], [ -58.37940173083085, -34.570323653131091 ], [ -58.379399910045365, -34.570323516665667 ], [ -58.379398477172877, -34.570323407509633 ], [ -58.37939525184219, -34.570323167316083 ], [ -58.379395220243943, -34.57032316368867 ], [ -58.379393205502915, -34.570323012666996 ], [ -58.379391963315975, -34.57032291896622 ], [ -58.379388705298233, -34.570322674242895 ], [ -58.379385935358201, -34.570322466327369 ], [ -58.37938545708716, -34.570322430427673 ], [ -58.379383737638399, -34.570322301243067 ], [ -58.379382201248028, -34.570322186607171 ], [ -58.379381879329536, -34.570322162396707 ], [ -58.37937969726012, -34.570321998290424 ], [ -58.379379481511918, -34.570321981916408 ], [ -58.379379019231514, -34.570321946604814 ], [ -58.37937898136876, -34.570321943712642 ], [ -58.379378945410735, -34.570321940983646 ], [ -58.379375688475569, -34.570321703472153 ], [ -58.379373912365963, -34.570321569741331 ], [ -58.379372651036036, -34.570321475131578 ], [ -58.37937243263741, -34.570321458749945 ], [ -58.379369176799251, -34.570321214027615 ], [ -58.379365919869592, -34.570320971107293 ], [ -58.379364334446429, -34.570320851930269 ], [ -58.37936266403149, -34.570320726384807 ], [ -58.379359406013066, -34.570320482562153 ], [ -58.379358900421266, -34.570320444354543 ], [ -58.379356570075792, -34.570320267008469 ], [ -58.379356151267437, -34.570320235135945 ], [ -58.379354776141142, -34.570320135033363 ], [ -58.379352896515485, -34.570319994019663 ], [ -58.379349678813995, -34.570319752928732 ], [ -58.379349639586827, -34.570319750197477 ], [ -58.379346383748796, -34.570319505474536 ], [ -58.379345386731622, -34.570319429069023 ], [ -58.379343127918062, -34.57031925354012 ], [ -58.379339873165272, -34.570319013324891 ], [ -58.379338055650976, -34.57031887505795 ], [ -58.379336621687095, -34.570318767703277 ], [ -58.379333364756725, -34.570318525683525 ], [ -58.379331148432307, -34.570318360099336 ], [ -58.379330187460141, -34.5703182861062 ], [ -58.379330108919724, -34.570318280058743 ], [ -58.379329618863018, -34.570318243236088 ], [ -58.37932685199209, -34.570318035334537 ], [ -58.379323596153313, -34.570317791512423 ], [ -58.379321606474271, -34.570317642309675 ], [ -58.379320434091753, -34.570317554698157 ], [ -58.379320340314543, -34.570317547690237 ], [ -58.379317084481258, -34.570317298459379 ], [ -58.379317079718547, -34.570317298108435 ], [ -58.37931704743351, -34.570317295729616 ], [ -58.379316561454907, -34.570317259338204 ], [ -58.37931382864253, -34.570317054637009 ], [ -58.379312515630325, -34.570316954576697 ], [ -58.379310571718634, -34.570316806306678 ], [ -58.379307321333989, -34.570316557079323 ], [ -58.379305596438677, -34.570316426087032 ], [ -58.379304101458771, -34.570316310577148 ], [ -58.379304065500754, -34.570316307848117 ], [ -58.379300808573284, -34.570316063123229 ], [ -58.379299198094039, -34.57031593671671 ], [ -58.379297552745548, -34.570315808483308 ], [ -58.379294298002087, -34.570315559252634 ], [ -58.379291048709064, -34.570315308222703 ], [ -58.379287790698321, -34.570315057186768 ], [ -58.379286206366913, -34.570314936206628 ], [ -58.37928453377458, -34.570314808855741 ], [ -58.379281276850861, -34.570314560524608 ], [ -58.37927802320268, -34.570314305885653 ], [ -58.379274766278087, -34.5703140584558 ], [ -58.379273151437296, -34.570313934750217 ], [ -58.379271514803932, -34.570313809226747 ], [ -58.379268680607623, -34.570313593198719 ], [ -58.379268256790567, -34.570313560894512 ], [ -58.379268162169573, -34.570313553656064 ], [ -58.379266901283046, -34.570313457198765 ], [ -58.3792650020482, -34.570313310761641 ], [ -58.379261747302223, -34.57031306423432 ], [ -58.379259995170095, -34.570312929831516 ], [ -58.379259731475599, -34.570312909603999 ], [ -58.379258491469258, -34.570312815001934 ], [ -58.379255232370831, -34.570312562161497 ], [ -58.379254647235953, -34.570312517588718 ], [ -58.379251976533375, -34.570312317436048 ], [ -58.379250837861896, -34.570312231917924 ], [ -58.379248722876277, -34.570312071810577 ], [ -58.379245474666881, -34.570311827090187 ], [ -58.379242705539937, -34.570311613310722 ], [ -58.379242211208741, -34.570311575147848 ], [ -58.379242206701399, -34.570311574666668 ], [ -58.3792421687142, -34.57031157061143 ], [ -58.379239202236725, -34.570311344409376 ], [ -58.379238959734778, -34.570311325917942 ], [ -58.379238763429768, -34.57031131095804 ], [ -58.37923764672275, -34.570311225856805 ], [ -58.379235702811329, -34.570311077585572 ], [ -58.379232449156163, -34.570310830156835 ], [ -58.379229191143956, -34.570310580922133 ], [ -58.379225935311169, -34.570310331688873 ], [ -58.379224289960206, -34.57031020615878 ], [ -58.379222679476612, -34.570310084258359 ], [ -58.379219423643903, -34.570309835024929 ], [ -58.379216172164661, -34.570309591202935 ], [ -58.379215052019404, -34.570309504795844 ], [ -58.379214867869514, -34.570309492049013 ], [ -58.379212953379685, -34.570309344699126 ], [ -58.379212916331973, -34.570309341969335 ], [ -58.379209660493864, -34.570309098144179 ], [ -58.379208273381899, -34.570308997130269 ], [ -58.379208230885588, -34.570308994396726 ], [ -58.379206403562428, -34.570308857923891 ], [ -58.379205136309636, -34.570308766908227 ], [ -58.379203147718009, -34.570308620408532 ], [ -58.37920034734362, -34.570308415658303 ], [ -58.379200289726803, -34.570308411368956 ], [ -58.379199895143664, -34.570308381993954 ], [ -58.379197047951685, -34.570308171415775 ], [ -58.379196634944037, -34.570308140869727 ], [ -58.379196538272275, -34.570308133956345 ], [ -58.379194483991533, -34.570307987046618 ], [ -58.379193378004516, -34.570307908761933 ], [ -58.379192329002514, -34.570307833655711 ], [ -58.379192157606035, -34.570307821384098 ], [ -58.379190119981637, -34.570307670343318 ], [ -58.379188395072198, -34.570307553772153 ], [ -58.379186861947893, -34.570307442741722 ], [ -58.379185005196014, -34.570307312558256 ], [ -58.379184001635366, -34.570307241555462 ], [ -58.379183606092688, -34.57030721604297 ], [ -58.379182532796349, -34.570307138682111 ], [ -58.379180344797973, -34.570306980326109 ], [ -58.379177088960063, -34.570306736500086 ], [ -58.379173833126728, -34.570306488166864 ], [ -58.379170576212729, -34.570306230818531 ], [ -58.379169306907158, -34.570306131785564 ], [ -58.379169072517271, -34.570306113498141 ], [ -58.379168946531152, -34.570306103666418 ], [ -58.379167312757744, -34.570305976169863 ], [ -58.379164059116583, -34.57030571521792 ], [ -58.379161570393016, -34.570305519695829 ], [ -58.379160805471813, -34.570305457871584 ], [ -58.379157672780472, -34.570305206017096 ], [ -58.379157582341044, -34.570305198743327 ], [ -58.379157542024132, -34.570305196011269 ], [ -58.37915428293266, -34.570304936858165 ], [ -58.379151029281623, -34.570304685821533 ], [ -58.37914941117112, -34.57030456301348 ], [ -58.379147767999804, -34.570304437483863 ], [ -58.379144721369109, -34.570304212731138 ], [ -58.379144549206167, -34.570304199992485 ], [ -58.379144512159343, -34.570304196361228 ], [ -58.37914125085851, -34.570303966953297 ], [ -58.37913798846256, -34.570303742953101 ], [ -58.379134733678271, -34.570303535183761 ], [ -58.379131471254169, -34.570303339127591 ], [ -58.37912820990163, -34.570303161100604 ], [ -58.379124948534589, -34.570302997496327 ], [ -58.379123743358704, -34.570302943481138 ], [ -58.379123655272814, -34.570302939625954 ], [ -58.379121692596158, -34.570302853727114 ], [ -58.379119372672029, -34.570302764688911 ], [ -58.379118496000423, -34.570302731348761 ], [ -58.379118431190044, -34.570302728884016 ], [ -58.37911838978161, -34.570302727954036 ], [ -58.379115167582746, -34.570302625673548 ], [ -58.379111903954509, -34.570302543195766 ], [ -58.379108641387852, -34.570302488662868 ], [ -58.37910861313361, -34.570302488339365 ], [ -58.379105960707641, -34.570302457968282 ], [ -58.379105378446475, -34.570302451322988 ], [ -58.379105372265634, -34.570302451252438 ], [ -58.379102107485004, -34.570302430972056 ], [ -58.379102107484997, -34.570302430972056 ], [ -58.379102107484997, -34.570302430972056 ], [ -58.379100442389479, -34.570302434330678 ], [ -58.379098840497711, -34.570302437732842 ], [ -58.379096801618459, -34.570302450749239 ], [ -58.379095566959336, -34.570302457109008 ], [ -58.379092301025374, -34.570302499927415 ], [ -58.379090231609517, -34.570302537261149 ], [ -58.379089028536768, -34.57030255896688 ], [ -58.37908575603543, -34.570302630626244 ], [ -58.379082483509514, -34.570302726624014 ], [ -58.379079212061527, -34.570302834340957 ], [ -58.37907794684844, -34.570302882145064 ], [ -58.379077496778017, -34.570302898060213 ], [ -58.37907708811786, -34.570302913102502 ], [ -58.379075940594447, -34.570302960987775 ], [ -58.379074060748792, -34.570303039016274 ], [ -58.37907402151707, -34.570303040792034 ], [ -58.379072672385583, -34.570303098453884 ], [ -58.379069398709952, -34.570303253944665 ], [ -58.379066134827227, -34.570303423864942 ], [ -58.379062870931747, -34.570303606405069 ], [ -58.379062833879495, -34.570303608182357 ], [ -58.379059603752573, -34.570303803365682 ], [ -58.379058230616344, -34.570303891659293 ], [ -58.379056347458757, -34.570304012052254 ], [ -58.379053123851044, -34.570304226169917 ], [ -58.379053085708129, -34.570304228847853 ], [ -58.379049833744979, -34.570304465481478 ], [ -58.379048561945332, -34.570304561056318 ], [ -58.37904658831193, -34.570304710232357 ], [ -58.379044911087618, -34.570304854204387 ], [ -58.37904333630599, -34.570304989232824 ], [ -58.379040095161777, -34.570305303396353 ], [ -58.379036859428815, -34.570305654521995 ], [ -58.379033624761917, -34.570306029085401 ], [ -58.379032486951338, -34.57030617072536 ], [ -58.379030998208385, -34.570306354490064 ], [ -58.379030388981633, -34.570306427085065 ], [ -58.379028660457678, -34.570306653051261 ], [ -58.379027159714177, -34.57030685032904 ], [ -58.379023934790084, -34.570307288900196 ], [ -58.37902070440466, -34.570307740087465 ], [ -58.379017480553827, -34.570308194884873 ], [ -58.379014255608766, -34.57030865418858 ], [ -58.379012872554839, -34.570308851547431 ], [ -58.379012834409203, -34.57030885692965 ], [ -58.379011029573881, -34.570309113491419 ], [ -58.379007800274387, -34.570309568284806 ], [ -58.379004575340076, -34.57031001677116 ], [ -58.37900317703734, -34.570310206907983 ], [ -58.379001344967151, -34.570310455337939 ], [ -58.378998113529065, -34.570310869565411 ], [ -58.378997164262515, -34.570310988799548 ], [ -58.378997132657013, -34.570310992383433 ], [ -58.378994879926026, -34.570311269368432 ], [ -58.378991641986872, -34.570311646632753 ], [ -58.378988401887305, -34.570312004965523 ], [ -58.378985156354616, -34.570312347970187 ], [ -58.378983459479592, -34.570312527083452 ], [ -58.378981916272281, -34.570312689175701 ], [ -58.378978666389777, -34.570313023162932 ], [ -58.378975423047343, -34.570313355351765 ], [ -58.378972174255388, -34.570313688438141 ], [ -58.378970360768541, -34.570313879189186 ], [ -58.378968933083279, -34.570314029642553 ], [ -58.378965691897456, -34.570314384368245 ], [ -58.378964399138084, -34.57031453095928 ], [ -58.378963131851755, -34.570314674661773 ], [ -58.378962451789498, -34.570314750813189 ], [ -58.378962408194361, -34.570314757093037 ], [ -58.378962160798032, -34.570314786669208 ], [ -58.378960308048427, -34.570315009844329 ], [ -58.378959216015822, -34.570315141599522 ], [ -58.378957959404644, -34.57031530388948 ], [ -58.378955991113813, -34.570315557633243 ], [ -58.378952766189961, -34.57031599530108 ], [ -58.378951516095221, -34.570316179229707 ], [ -58.37895085512681, -34.570316276188827 ], [ -58.378949546679159, -34.570316468128212 ], [ -58.37894683285726, -34.570316882711992 ], [ -58.378946330420142, -34.570316958084618 ], [ -58.378945781112343, -34.570317046044849 ], [ -58.378943123953128, -34.570317463371964 ], [ -58.378941508727678, -34.570317720965136 ], [ -58.378939916389044, -34.570317975869891 ], [ -58.378939121172252, -34.570318104763061 ], [ -58.378936704457864, -34.570318496477547 ], [ -58.378933547005346, -34.570319024334154 ], [ -58.378933502319541, -34.570319031514664 ], [ -58.378930300177572, -34.570319570157466 ], [ -58.378927094754516, -34.570320120516449 ], [ -58.378923896953111, -34.570320677190558 ], [ -58.378921839193985, -34.570321040845954 ], [ -58.378920696961295, -34.570321244680237 ], [ -58.378917542741299, -34.570321808595729 ], [ -58.378917499144308, -34.570321816678423 ], [ -58.378914306768607, -34.570322395891729 ], [ -58.378911157985279, -34.570322971529372 ], [ -58.378911114388281, -34.570322979612087 ], [ -58.378907920914578, -34.570323566937311 ], [ -58.378905838065357, -34.570323956716422 ], [ -58.378904732880301, -34.570324163280475 ], [ -58.37890153939739, -34.570324759619744 ], [ -58.378898352443642, -34.570325364977762 ], [ -58.378896764414428, -34.570325668561935 ], [ -58.378895167669306, -34.570325970337194 ], [ -58.378891988341657, -34.57032657750316 ], [ -58.378888798105876, -34.570327195478612 ], [ -58.378887433510997, -34.570327457751546 ], [ -58.378885618774497, -34.570327806250106 ], [ -58.378882429633784, -34.570328418817581 ], [ -58.378879247024969, -34.57032903769948 ], [ -58.378877678606933, -34.570329344902696 ], [ -58.378876065503107, -34.570329659286358 ], [ -58.378873772391039, -34.570330107983182 ], [ -58.378872879620488, -34.57033028267297 ], [ -58.378872737927779, -34.570330311420626 ], [ -58.378869700272482, -34.570330909669728 ], [ -58.378866523094764, -34.570331545682158 ], [ -58.378864865289536, -34.570331882570422 ], [ -58.378864234729278, -34.57033201045126 ], [ -58.378863345907881, -34.570332190708768 ], [ -58.378860168715477, -34.570332841143866 ], [ -58.378857030753871, -34.570333490704591 ], [ -58.378856995875523, -34.570333497891873 ], [ -58.378853825204047, -34.570334165458405 ], [ -58.378851904698834, -34.570334578786017 ], [ -58.378850662149617, -34.570334843847256 ], [ -58.37884885172339, -34.570335240123867 ], [ -58.378847501261816, -34.570335534857492 ], [ -58.378844912554229, -34.570336109837633 ], [ -58.378844341452726, -34.570336236685499 ], [ -58.378841191437409, -34.570336952041608 ], [ -58.378838045768127, -34.570337680020586 ], [ -58.378834905528244, -34.570338426933219 ], [ -58.378831770725064, -34.570339185568095 ], [ -58.378828639173697, -34.570339961332252 ], [ -58.378825511969289, -34.570340748817848 ], [ -58.378825467278915, -34.570340760505481 ], [ -58.378822393470685, -34.570341548027969 ], [ -58.378819269515262, -34.570342355347037 ], [ -58.378816156438731, -34.570343180702125 ], [ -58.378816117197886, -34.570343191492093 ], [ -58.378813043354839, -34.570344013268496 ], [ -58.37880993461242, -34.570344862964923 ], [ -58.37880683784779, -34.570345721683836 ], [ -58.378803739976028, -34.570346597528996 ], [ -58.378803706184684, -34.5703466074213 ], [ -58.378800647540011, -34.570347485997821 ], [ -58.378797560542516, -34.570348384386001 ], [ -58.378794478982613, -34.570349293595036 ], [ -58.37879444410062, -34.57034930438796 ], [ -58.378791405035166, -34.570350218133456 ], [ -58.378790310613539, -34.570350556312164 ], [ -58.378788341967535, -34.570351159806442 ], [ -58.378786192364124, -34.570351826275278 ], [ -58.378785281072879, -34.57035210779086 ], [ -58.378782224516947, -34.570353075609596 ], [ -58.37877918212093, -34.570354049748055 ], [ -58.378776148418922, -34.570355047329514 ], [ -58.378773121238687, -34.570356061141112 ], [ -58.378770101667314, -34.570357093887857 ], [ -58.378767090797169, -34.570358142866255 ], [ -58.378764087534925, -34.570359211681186 ], [ -58.378761089713912, -34.57036028771126 ], [ -58.378758095149216, -34.570361376363493 ], [ -58.378755108196941, -34.570362480345104 ], [ -58.37875212777471, -34.570363592444089 ], [ -58.37875208634987, -34.570363607739644 ], [ -58.37874914517112, -34.570364706344307 ], [ -58.378747832644564, -34.570365203022632 ], [ -58.378746171277051, -34.570365828363343 ], [ -58.378743195201608, -34.570366952183612 ], [ -58.378740220209409, -34.57036808231458 ], [ -58.378738269946403, -34.570368825541905 ], [ -58.378737250668472, -34.570369209744953 ], [ -58.378736254280113, -34.57036958855528 ], [ -58.378736210674887, -34.570369604750766 ], [ -58.378734274590954, -34.57037033536789 ], [ -58.378731300695534, -34.570371458287944 ], [ -58.378730026881513, -34.570371938355663 ], [ -58.378728323531803, -34.570372580304294 ], [ -58.378725355093046, -34.570373695115151 ], [ -58.378724603995657, -34.570373971332714 ], [ -58.378722361597035, -34.570374803598604 ], [ -58.378722323442211, -34.570374817995003 ], [ -58.378720423342578, -34.570375525199722 ], [ -58.378720327410669, -34.570375561190325 ], [ -58.378720285985779, -34.570375576485887 ], [ -58.378719381178492, -34.570375911189629 ], [ -58.37871639531491, -34.570377015171111 ], [ -58.378713411633477, -34.570378116449731 ], [ -58.378710419231403, -34.570379220426524 ], [ -58.378708706641035, -34.570379851139741 ], [ -58.378707432283385, -34.570380318998467 ], [ -58.378704444240057, -34.570381422978116 ], [ -58.378701460559185, -34.570382523355029 ], [ -58.378698474695142, -34.570383627336057 ], [ -58.378697334418618, -34.570384050216241 ], [ -58.378695488828292, -34.570384734021296 ], [ -58.37869339250274, -34.570385515908022 ], [ -58.378692508404477, -34.570385846118796 ], [ -58.378689526887214, -34.570386961821129 ], [ -58.378686544277407, -34.570388080226955 ], [ -58.378683576915385, -34.570389206756104 ], [ -58.378680605191676, -34.570390335986446 ], [ -58.378677641083129, -34.570391477841966 ], [ -58.378676316548663, -34.570391994342565 ], [ -58.378674682416715, -34.570392626011163 ], [ -58.378671728101821, -34.570393781394735 ], [ -58.378668815196171, -34.57039493680692 ], [ -58.378668783581496, -34.570394949404964 ], [ -58.37866584123325, -34.570396124628076 ], [ -58.378662908676887, -34.570397315182142 ], [ -58.3786618108726, -34.570397764232808 ], [ -58.378660985613507, -34.570398099892685 ], [ -58.37866088749665, -34.570398141290276 ], [ -58.378660781749922, -34.570398184485455 ], [ -58.378659980471078, -34.570398513851991 ], [ -58.378659088702484, -34.570398885522813 ], [ -58.378658757285891, -34.570399025014119 ], [ -58.378657058784334, -34.570399731456241 ], [ -58.378654152340815, -34.570400961690936 ], [ -58.378651257864924, -34.57040221086389 ], [ -58.378648365552898, -34.570403475362482 ], [ -58.378645520095084, -34.570404743499203 ], [ -58.378645486298218, -34.570404758800017 ], [ -58.378642616838114, -34.57040605486425 ], [ -58.378639758262395, -34.570407363555951 ], [ -58.378636902939263, -34.570408688475503 ], [ -58.378634057412597, -34.570410024218923 ], [ -58.378631219504726, -34.570411368981773 ], [ -58.378628388125925, -34.570412722763436 ], [ -58.37862556000529, -34.570414087364341 ], [ -58.378622746042637, -34.570415460087858 ], [ -58.378622316479778, -34.57041566982226 ], [ -58.378619927718319, -34.570416835512574 ], [ -58.378619892828063, -34.570416854418333 ], [ -58.37861910456612, -34.570417242386355 ], [ -58.378617895459051, -34.570417840094791 ], [ -58.378617118100671, -34.57041822176037 ], [ -58.378614312840028, -34.570419609813996 ], [ -58.378611507572877, -34.57042100417754 ], [ -58.37860870884667, -34.570422395841263 ], [ -58.378605917731996, -34.570423803735878 ], [ -58.378604140570339, -34.570424706633652 ], [ -58.378603134237949, -34.57042521884717 ], [ -58.378600360544901, -34.570426640275123 ], [ -58.378597585744672, -34.570428078829359 ], [ -58.378594818566896, -34.570429522797397 ], [ -58.378592099352282, -34.570430951474407 ], [ -58.378592060101312, -34.570430972179985 ], [ -58.378589309256377, -34.570432428779185 ], [ -58.3785865573143, -34.570433892589037 ], [ -58.378586516972668, -34.570433914195242 ], [ -58.378583814087143, -34.570435359109084 ], [ -58.378581063233696, -34.570436823820934 ], [ -58.378581034884455, -34.570436840026943 ], [ -58.378579640371591, -34.570437588144578 ], [ -58.378578321089662, -34.570438296651623 ], [ -58.378575572406319, -34.570439770379124 ], [ -58.378572832442465, -34.570441242309776 ], [ -58.378570092476679, -34.570442716043218 ], [ -58.37857005540603, -34.570442735848864 ], [ -58.378567350333199, -34.570444187972214 ], [ -58.378564602744667, -34.570445656291675 ], [ -58.378562733946737, -34.570446656479326 ], [ -58.378561856244815, -34.570447125513269 ], [ -58.378556526818294, -34.570449950490044 ], [ -58.37678208141083, -34.571449436927018 ], [ -58.376561557829532, -34.571573646854127 ], [ -58.376409388520472, -34.571632749489531 ], [ -58.376163911289041, -34.571659906052062 ], [ -58.375172716975435, -34.57162014940576 ], [ -58.374502536316655, -34.571541573587432 ], [ -58.372293623830039, -34.571426716033358 ], [ -58.371510142390377, -34.571367561797437 ], [ -58.369485381424276, -34.571202033177556 ], [ -58.368229930226676, -34.571107353684262 ], [ -58.366979202037669, -34.571012665006677 ], [ -58.36655914200314, -34.570985001276469 ], [ -58.365978620640753, -34.570937685740653 ], [ -58.36530370661967, -34.570882482688525 ], [ -58.364850616157881, -34.570846977544363 ], [ -58.364421122061579, -34.570815394341473 ], [ -58.364245303932812, -34.570804378896682 ], [ -58.363861204516738, -34.570780196325948 ], [ -58.363333976689816, -34.570746353825591 ], [ -58.362871892482907, -34.570717641108594 ], [ -58.362235416446424, -34.570669359274135 ], [ -58.36194461435511, -34.57064670426012 ], [ -58.361761745349312, -34.570646552283726 ], [ -58.361682590346767, -34.57064874418397 ], [ -58.361651199634878, -34.570650975816555 ], [ -58.361618431859043, -34.570663366251289 ], [ -58.361565170281146, -34.570694930629116 ], [ -58.361455828160103, -34.570754917631476 ], [ -58.361271562644497, -34.570856823616673 ], [ -58.361104876113657, -34.570950342657866 ], [ -58.360900075681812, -34.571065244802298 ], [ -58.360654121125037, -34.571200189090888 ], [ -58.360480731372249, -34.571291618280817 ], [ -58.360269750592956, -34.571405473505955 ], [ -58.360069246465201, -34.571517616133853 ], [ -58.359935977373084, -34.571592153631578 ], [ -58.359856754320909, -34.5716485307181 ], [ -58.359845713592144, -34.571747863146719 ], [ -58.359872932345944, -34.571808845943444 ], [ -58.359916594777488, -34.571815656234342 ], [ -58.36001220007828, -34.571754777438102 ], [ -58.360077759273572, -34.571711935305125 ], [ -58.360213592966417, -34.571638553760643 ], [ -58.360359386119264, -34.571559791496171 ], [ -58.360528414068902, -34.571468476623352 ], [ -58.360746894368319, -34.571349673066322 ], [ -58.360936184313175, -34.571246741826585 ], [ -58.361130439340819, -34.571140217847578 ], [ -58.36127322885698, -34.571061646454503 ], [ -58.361369635943682, -34.571008597289321 ], [ -58.361462221206779, -34.570951845726 ], [ -58.36157303764611, -34.570883918887702 ], [ -58.361645511421386, -34.570839494728652 ], [ -58.361721964668206, -34.570814722922265 ], [ -58.361784768161662, -34.570792197485297 ], [ -58.361866680108243, -34.570767430127496 ], [ -58.361989527398904, -34.570747212232305 ], [ -58.3621041645752, -34.570745049553409 ], [ -58.362322145381057, -34.570757485316257 ], [ -58.362950755446334, -34.570795011729182 ], [ -58.363743284502789, -34.57085090579357 ], [ -58.364451693289233, -34.570900521920485 ], [ -58.365157514093262, -34.570954707430914 ], [ -58.366305106209118, -34.571050154196492 ], [ -58.3672295323463, -34.571122851598787 ], [ -58.368221835068226, -34.571202696268969 ], [ -58.369156318703553, -34.571277881068475 ], [ -58.370046512957735, -34.571341676513121 ], [ -58.370778243135739, -34.571394059904506 ], [ -58.371163251488063, -34.571421620248358 ], [ -58.371514344905869, -34.571446751759439 ], [ -58.372087661838613, -34.571498735148964 ], [ -58.37251867151388, -34.571537813539337 ], [ -58.372936053133586, -34.571559208788031 ], [ -58.373483821097331, -34.571586004772385 ], [ -58.373681343096479, -34.571595116889391 ], [ -58.374429136945245, -34.571658881122801 ], [ -58.376121283054253, -34.571800437855991 ], [ -58.376149355546559, -34.571805817759568 ], [ -58.376120462007002, -34.571822091802353 ], [ -58.375882066391178, -34.571956199574281 ], [ -58.375851903631641, -34.571974747351256 ], [ -58.375851867643789, -34.57197477256539 ], [ -58.375846911386539, -34.571978001529345 ], [ -58.375823414684156, -34.571993312545835 ], [ -58.375802129284125, -34.572007369456088 ], [ -58.374149356595012, -34.573075232569671 ], [ -58.374149327153319, -34.57307524967527 ], [ -58.374112987000309, -34.573095712544216 ], [ -58.374100761299438, -34.573102596816369 ], [ -58.374051673003613, -34.573130333873493 ], [ -58.374020373726189, -34.573148012289259 ], [ -58.373977670429831, -34.573171519987916 ], [ -58.373977639898335, -34.573171537092662 ], [ -58.373955433471309, -34.573184174158982 ], [ -58.371636905852569, -34.574503642713516 ], [ -58.37163686223392, -34.574503667920673 ], [ -58.371625739181155, -34.574510364372998 ], [ -58.371574918805507, -34.574540957546887 ], [ -58.371574875186802, -34.57454098275403 ], [ -58.371542936394327, -34.574559520009288 ], [ -58.371522661278966, -34.574571277388252 ], [ -58.37150332601459, -34.574581615724824 ], [ -58.371500580346499, -34.574583082984098 ], [ -58.371499160624339, -34.574583841818374 ], [ -58.371479135130173, -34.574594540202384 ], [ -58.371451526917262, -34.574610240298178 ], [ -58.371429451679063, -34.574622794970288 ], [ -58.371382845207791, -34.574648547873885 ], [ -58.371334014500292, -34.574677244943508 ], [ -58.371333986147249, -34.574677262049228 ], [ -58.371293265319103, -34.574701203881013 ], [ -58.371293223879825, -34.574701229089712 ], [ -58.371269796172335, -34.574715768554384 ], [ -58.371253843999966, -34.57472566499893 ], [ -58.371222567730086, -34.574745118517924 ], [ -58.37122254373611, -34.574745135626941 ], [ -58.371199973100225, -34.574761170288646 ], [ -58.371183982240822, -34.574772533314651 ], [ -58.371183949518667, -34.574772559431274 ], [ -58.371167409724009, -34.574785610411389 ], [ -58.371165626383473, -34.574787017993927 ], [ -58.371164950132716, -34.574787551127542 ], [ -58.371152655448768, -34.574797250202913 ], [ -58.371142297438723, -34.574805834774025 ], [ -58.371128020266191, -34.574817667827858 ], [ -58.371127991899158, -34.574817697553478 ], [ -58.371106426527298, -34.574840166432949 ], [ -58.371106356703891, -34.574840236691436 ], [ -58.371106356703891, -34.574840236691436 ], [ -58.371106356703891, -34.574840236691443 ], [ -58.371174912946842, -34.574903083579144 ], [ -58.371174996013856, -34.574903008042526 ], [ -58.371195595916724, -34.574884275613648 ], [ -58.371195627556055, -34.574884243186183 ], [ -58.371216640507804, -34.574865627469769 ], [ -58.371216666945401, -34.574865606421021 ], [ -58.371216671048423, -34.574865603154336 ], [ -58.371249045058562, -34.574840946533747 ], [ -58.371249075603131, -34.574840918612594 ], [ -58.371260043443236, -34.574832732922509 ], [ -58.371273973562687, -34.574822331055827 ], [ -58.371288331265163, -34.574812561409388 ], [ -58.371301917916526, -34.574803313105654 ], [ -58.371336824561354, -34.574781589807188 ], [ -58.371336865999709, -34.574781565499926 ], [ -58.371377601525744, -34.57475716574065 ], [ -58.371418639755881, -34.574732975326341 ], [ -58.371446384398467, -34.574718119976986 ], [ -58.371472209891799, -34.574704293507317 ], [ -58.371472257874693, -34.574704263796349 ], [ -58.371545093619588, -34.574660185660711 ], [ -58.371604561756769, -34.574628324380441 ], [ -58.371606209378356, -34.574627441319379 ], [ -58.373929752266243, -34.573297369915373 ], [ -58.373931384401857, -34.573296435597399 ], [ -58.374197929012858, -34.573143851238534 ], [ -58.374219820340606, -34.57313131936489 ], [ -58.374589786236612, -34.572894325326907 ], [ -58.375535286050805, -34.572288648242413 ], [ -58.375769459812709, -34.572138637148534 ], [ -58.375840037392749, -34.572093425142299 ], [ -58.37584818911769, -34.572086755921539 ], [ -58.375859766657761, -34.572077283914851 ], [ -58.375874913193748, -34.572067726123912 ], [ -58.375886303082844, -34.57206053729346 ], [ -58.375914803138095, -34.572042821235868 ], [ -58.37591869387191, -34.572040400987284 ], [ -58.375934832679839, -34.572030250760648 ], [ -58.375953607118966, -34.572018448300604 ], [ -58.375984593844741, -34.57200082054284 ], [ -58.376017813635919, -34.571980918272551 ], [ -58.376035395227944, -34.571971821028626 ], [ -58.376043645604597, -34.571967551544148 ], [ -58.376043645763964, -34.571967551461675 ], [ -58.37605882644565, -34.571959692860688 ], [ -58.376087011449314, -34.571944107509168 ], [ -58.376094028584518, -34.571940700627742 ], [ -58.376110717710581, -34.571932597906169 ], [ -58.37611729165873, -34.571930951188662 ], [ -58.376121013009019, -34.571930018165972 ], [ -58.376121248455057, -34.571929958839966 ], [ -58.376121249020599, -34.571929958519213 ], [ -58.376170063959265, -34.571902273031967 ], [ -58.376188938538085, -34.571891567642723 ], [ -58.377479716786048, -34.571159469275209 ], [ -58.377479755232024, -34.571159447469178 ], [ -58.37855193759237, -34.570551310915782 ], [ -58.378551973574268, -34.570551290207938 ], [ -58.378581909503914, -34.57053395852698 ], [ -58.378601810817571, -34.570522430471932 ], [ -58.378614873685152, -34.570515626553188 ], [ -58.378615885482724, -34.570515099019183 ], [ -58.378619084420386, -34.570513430894991 ], [ -58.378641756084683, -34.570501620805793 ], [ -58.378684731784467, -34.570480875425645 ], [ -58.378684759041214, -34.570480861923137 ], [ -58.378715095714064, -34.570466977542196 ], [ -58.37871513169037, -34.57046696224289 ], [ -58.378748714191346, -34.570451362885024 ], [ -58.37874876325251, -34.570451339481913 ], [ -58.378748807952064, -34.570451318780059 ], [ -58.378780812114833, -34.570440430978095 ], [ -58.37880508094279, -34.570432174486321 ], [ -58.378843094323983, -34.570421861430383 ], [ -58.378874673105059, -34.570413492796639 ], [ -58.378917913553202, -34.570404564317883 ], [ -58.378919598614495, -34.570404215729212 ], [ -58.378956682252273, -34.570397322908931 ], [ -58.378994297595355, -34.570391581566312 ], [ -58.379016832038545, -34.570389322828262 ], [ -58.379017514541182, -34.570389254419695 ], [ -58.379017653771363, -34.570389240464372 ], [ -58.379058291401286, -34.570385166123607 ], [ -58.379070712327781, -34.570384882632652 ], [ -58.379072692397735, -34.570384836223333 ], [ -58.379075030992929, -34.570384782849899 ], [ -58.379097723863595, -34.570384267565188 ], [ -58.379144622267404, -34.570384189030982 ], [ -58.379159545201325, -34.570384979052058 ], [ -58.3791731605438, -34.570385696056043 ], [ -58.379190311841931, -34.570386601188844 ], [ -58.379190351259133, -34.570386602097301 ], [ -58.37919035216067, -34.570386602118049 ], [ -58.379195256003577, -34.570386966404968 ], [ -58.37922889707216, -34.570389465460181 ], [ -58.379251285902853, -34.5703911241784 ], [ -58.379969317145736, -34.570448107958782 ], [ -58.380361112125392, -34.570479199072089 ], [ -58.380360995338549, -34.570480484427009 ], [ -58.380330613833458, -34.570815133705885 ], [ -58.380506938288235, -34.571043664983947 ], [ -58.380268285935209, -34.571181162423059 ], [ -58.378910228359921, -34.57196358054604 ], [ -58.37842418492999, -34.572243597951989 ], [ -58.378308967269092, -34.572309975435594 ], [ -58.378303226497273, -34.572318531382152 ], [ -58.378303199211452, -34.572318572828799 ], [ -58.378303123911678, -34.572318678243256 ], [ -58.378298874565907, -34.572324449820925 ], [ -58.378297936020289, -34.572327931377039 ], [ -58.378297030293581, -34.572331288559162 ], [ -58.378294447289107, -34.572336942308823 ], [ -58.378291737595752, -34.572342869102336 ], [ -58.378290841838307, -34.572348208527693 ], [ -58.378290089713666, -34.572352687191007 ], [ -58.378254085905141, -34.572661652998598 ], [ -58.378251823432564, -34.572681063635862 ], [ -58.37825185362707, -34.572681376451783 ], [ -58.378252547154844, -34.572688429693692 ], [ -58.378253356084514, -34.572696662982935 ], [ -58.378254982745325, -34.572702345805695 ], [ -58.378256846132118, -34.572708853598328 ], [ -58.378256912366432, -34.572709089818154 ], [ -58.378257060226488, -34.572709429758845 ], [ -58.378257711165141, -34.572710949574912 ], [ -58.378261363233186, -34.57271947644751 ], [ -58.37826137846217, -34.572719503500913 ], [ -58.37826516484084, -34.572726107381662 ], [ -58.37826626712463, -34.572728029891401 ], [ -58.378266306313442, -34.57272809850415 ], [ -58.378266403101193, -34.572728267962624 ], [ -58.378266653427261, -34.57272857912907 ], [ -58.378266685914816, -34.572728619512539 ], [ -58.378266699138976, -34.572728635950753 ], [ -58.378273128161148, -34.572736632473955 ], [ -58.378275537586354, -34.572739102907136 ], [ -58.378282845143588, -34.5727465954946 ], [ -58.378283090082491, -34.572746846261687 ], [ -58.378283127100069, -34.572746879640235 ], [ -58.378283127279637, -34.572746879763443 ], [ -58.378284114786652, -34.572747557327745 ], [ -58.3782842291386, -34.572747635788765 ], [ -58.378284229159263, -34.572747635802969 ], [ -58.378286960345676, -34.572749513573065 ], [ -58.378292394421038, -34.572753233937817 ], [ -58.378301641417927, -34.572759215030111 ], [ -58.37830331199828, -34.57276029520051 ], [ -58.378303523281602, -34.572760421547315 ], [ -58.378303574469626, -34.572760451330041 ], [ -58.378313968733224, -34.572766672098162 ], [ -58.378314011218855, -34.572766686550544 ], [ -58.378326953130681, -34.572770955700754 ], [ -58.378327176455429, -34.572771028871713 ], [ -58.37832718886758, -34.572771031733012 ], [ -58.378327215677317, -34.572771037913284 ], [ -58.378327940768749, -34.572771180483699 ], [ -58.378328227854603, -34.572771236931651 ], [ -58.378335436212986, -34.572772654484169 ], [ -58.378335528823513, -34.57277267257718 ], [ -58.378335595285513, -34.572772685243407 ], [ -58.378341257594933, -34.572773798840231 ], [ -58.378353826547219, -34.572776187352922 ], [ -58.378355553469596, -34.572776516673827 ], [ -58.378362523271413, -34.572777837606147 ], [ -58.378383309449028, -34.572778670563217 ], [ -58.37841404652842, -34.572781280838228 ], [ -58.378460273620867, -34.572785769627743 ], [ -58.383529160660011, -34.573190030957804 ], [ -58.383534973325794, -34.573190137518921 ], [ -58.383539236385523, -34.573190213320153 ], [ -58.383540682469004, -34.573190239504974 ], [ -58.383551906785542, -34.573190436138169 ], [ -58.383551938383334, -34.573190441567363 ], [ -58.38355205169912, -34.573190461472791 ], [ -58.383560224675605, -34.5731918189514 ], [ -58.383570421011974, -34.573193512180254 ], [ -58.383580381507855, -34.573197963618306 ], [ -58.383580568866059, -34.573198047573321 ], [ -58.38358058855988, -34.573198059403438 ], [ -58.383580612431395, -34.573198073743121 ], [ -58.383580726805725, -34.57319814333605 ], [ -58.383580821543447, -34.573198200980805 ], [ -58.383581072314627, -34.573198354465532 ], [ -58.383581375906303, -34.573198540279087 ], [ -58.383585559711506, -34.573201100619961 ], [ -58.383589042233965, -34.573203231800349 ], [ -58.383589042247955, -34.573203231812407 ], [ -58.383590536151438, -34.573204520913919 ], [ -58.38359138001988, -34.573205248014482 ], [ -58.383595283592463, -34.573208611080275 ], [ -58.383600936490488, -34.573215123969803 ], [ -58.383602947025459, -34.573218621914641 ], [ -58.383605189291885, -34.573222525652568 ], [ -58.383606653663442, -34.573227369971491 ], [ -58.383607485790868, -34.573230123470317 ], [ -58.38360721551107, -34.573240422989365 ], [ -58.383605496741652, -34.573253216710306 ], [ -58.383598391348883, -34.573333329026021 ], [ -58.383593721571081, -34.573386021547165 ], [ -58.383593717179345, -34.573386055798458 ], [ -58.383592594209929, -34.573391164348628 ], [ -58.383591504112076, -34.573396085423596 ], [ -58.383590551777239, -34.573400531536919 ], [ -58.383589934428102, -34.5734033859504 ], [ -58.383589927856832, -34.573403420200293 ], [ -58.383589911451097, -34.573403482387988 ], [ -58.383588665550569, -34.573409510312459 ], [ -58.383588657886094, -34.573409548167362 ], [ -58.383585683090615, -34.573417277756789 ], [ -58.383577427180377, -34.573425147223787 ], [ -58.383570517969389, -34.57342984725409 ], [ -58.383567257467, -34.573432065336959 ], [ -58.383557826587548, -34.573436724056599 ], [ -58.383557461345731, -34.573436904103247 ], [ -58.383557414463667, -34.573436927509668 ], [ -58.383552822402606, -34.573439559172833 ], [ -58.383548118074714, -34.573442255174626 ], [ -58.382527112711379, -34.57402212295527 ], [ -58.382129731582602, -34.574247806290394 ], [ -58.381895994420987, -34.574380550573636 ], [ -58.381895891901522, -34.574380633436441 ], [ -58.381895807924913, -34.574380699184545 ], [ -58.381885823138369, -34.57438881617626 ], [ -58.381885786057097, -34.574388845898561 ], [ -58.381873147817139, -34.574394576847645 ], [ -58.38186579438824, -34.574398676134535 ], [ -58.381865740960379, -34.574398705845923 ], [ -58.381865530519974, -34.57439882289092 ], [ -58.381861600840381, -34.574401013438589 ], [ -58.381856191477397, -34.574404086396306 ], [ -58.381849488925184, -34.574407894955897 ], [ -58.381848235965492, -34.574408498518423 ], [ -58.381846947468986, -34.574409119199338 ], [ -58.381846430547505, -34.574409367654916 ], [ -58.38184487047662, -34.574410117494722 ], [ -58.381840779720591, -34.574412091591995 ], [ -58.38183463870368, -34.574413354898518 ], [ -58.381827388314449, -34.574414600337192 ], [ -58.381822465266573, -34.574415154132382 ], [ -58.381816816352412, -34.574415786768277 ], [ -58.381798844175016, -34.574413174155573 ], [ -58.381793480636503, -34.574412438032596 ], [ -58.381786264423489, -34.574411447637452 ], [ -58.381772016454555, -34.574409490140205 ], [ -58.38016461686594, -34.574281301269806 ], [ -58.379399356530001, -34.574220262705985 ], [ -58.379279920578341, -34.574210735835237 ], [ -58.379279128393861, -34.574210672647368 ], [ -58.379264006840273, -34.574209466489521 ], [ -58.379249065100616, -34.574208274432202 ], [ -58.376118713609067, -34.573958541780407 ], [ -58.376118680918886, -34.573958539052775 ], [ -58.375519610281749, -34.57391112648191 ], [ -58.375443919500846, -34.57393073573305 ], [ -58.374112816862741, -34.574694944905694 ], [ -58.373300541440088, -34.575161273758468 ], [ -58.372334808904839, -34.575710870182959 ], [ -58.372316100860537, -34.57572151649984 ], [ -58.371769242850597, -34.57603272689866 ], [ -58.370766438610303, -34.576603399808477 ], [ -58.370766401533089, -34.576603421414596 ], [ -58.370766251050632, -34.576603502428824 ], [ -58.370761605718627, -34.576606006672982 ], [ -58.370754991788587, -34.576610852229436 ], [ -58.370753753587429, -34.576612003312512 ], [ -58.370750932452133, -34.576614626124702 ], [ -58.370747936713236, -34.576620411005315 ], [ -58.370747893029268, -34.576620493903327 ], [ -58.370747842753545, -34.576620624571916 ], [ -58.370747070094993, -34.576622580980967 ], [ -58.370747050424626, -34.576622629643019 ], [ -58.37074538598938, -34.57662683984114 ], [ -58.370744815209811, -34.576633472999056 ], [ -58.370701397445785, -34.577020733041643 ], [ -58.370701397402804, -34.577020771802886 ], [ -58.370701397324844, -34.577020842113988 ], [ -58.37070129323277, -34.577029209968011 ], [ -58.370703213409435, -34.577036147893999 ], [ -58.3707053997882, -34.577042825509892 ], [ -58.370705410652292, -34.577042856166607 ], [ -58.370709073771096, -34.577047522920964 ], [ -58.370709098800674, -34.577047555391268 ], [ -58.370714326186132, -34.577054817634696 ], [ -58.370715839761722, -34.577055951874613 ], [ -58.370719191406714, -34.577058463084079 ], [ -58.370722859922985, -34.577061211608651 ], [ -58.370722927434073, -34.577061263041109 ], [ -58.370725973184847, -34.577062483177009 ], [ -58.370732216106965, -34.577064980353249 ], [ -58.370741544196811, -34.57706754927851 ], [ -58.370749878776905, -34.577067795377666 ], [ -58.370758434649794, -34.577068969210885 ], [ -58.370766861463167, -34.577069576850434 ], [ -58.37077477937661, -34.577070148046595 ], [ -58.375556645122941, -34.577448415862918 ], [ -58.375556645123133, -34.577448415862747 ] ] ] } },
{ "type": "Feature", "properties": { "id": 29, "objeto": "BARRIO", "nombre": "Retiro", "comuna": 1, "perimetro_": 19448.07, "area_metro": 4514377.71 }, "geometry": { "type": "Polygon", "coordinates": [ [ [ -58.356488933776454, -34.595034505902262 ], [ -58.357108216064354, -34.595082907263659 ], [ -58.35723872823349, -34.595091322870964 ], [ -58.3573269164173, -34.595097009942577 ], [ -58.357328011820435, -34.595097081204806 ], [ -58.357692307082353, -34.595148307572018 ], [ -58.357818499259388, -34.59515438053009 ], [ -58.358535093515158, -34.595188862496784 ], [ -58.359257451874186, -34.595249223212917 ], [ -58.360127906303461, -34.595647944878294 ], [ -58.360549004869434, -34.595840925182536 ], [ -58.361014880448678, -34.596053521370287 ], [ -58.361226875013401, -34.596150261072644 ], [ -58.362123863969394, -34.596558920721954 ], [ -58.362935263687369, -34.596933510750844 ], [ -58.363281097976888, -34.597090362772825 ], [ -58.363451723237219, -34.597130488705851 ], [ -58.363437795770324, -34.597169356560286 ], [ -58.363537851604853, -34.597191783763016 ], [ -58.363505089732293, -34.597307368006582 ], [ -58.363499874446937, -34.59732226785961 ], [ -58.363239410879366, -34.598066317537111 ], [ -58.363736454511731, -34.598109329829391 ], [ -58.363867396612619, -34.598141127903183 ], [ -58.364094331468429, -34.598161101536384 ], [ -58.365074386087414, -34.598232599247993 ], [ -58.365966560571309, -34.598297752334162 ], [ -58.366085923426034, -34.598303707633093 ], [ -58.366358193536009, -34.598317291433261 ], [ -58.366612058702614, -34.598329955917265 ], [ -58.36678798129423, -34.598314709710422 ], [ -58.367364974197493, -34.598264703986615 ], [ -58.367783256257702, -34.598297919614666 ], [ -58.367984059918001, -34.598405639751512 ], [ -58.367986245292514, -34.598406812406111 ], [ -58.368121869574843, -34.598442130527474 ], [ -58.368822642821698, -34.598351837889396 ], [ -58.368869352190124, -34.598345819191671 ], [ -58.368890661919806, -34.598345174938274 ], [ -58.369517850036971, -34.598326204083278 ], [ -58.370950507044981, -34.598390374680775 ], [ -58.371171095870245, -34.598400253350889 ], [ -58.3714853216417, -34.598422453344753 ], [ -58.372799619856465, -34.598522028257534 ], [ -58.373801311095015, -34.598597924052982 ], [ -58.374192521224877, -34.598627562475066 ], [ -58.375373392605198, -34.598710251113168 ], [ -58.375435149327537, -34.598714574649541 ], [ -58.37684414220265, -34.598813205122774 ], [ -58.378284153734533, -34.598914007060564 ], [ -58.379747115401322, -34.598976567584735 ], [ -58.379777205211425, -34.598977720370932 ], [ -58.380289894110909, -34.598997359758478 ], [ -58.381025543932232, -34.599025536164582 ], [ -58.381254878478813, -34.599036253446052 ], [ -58.381667993782052, -34.599055429736239 ], [ -58.381823519362435, -34.599062648608779 ], [ -58.381954335801687, -34.59906872042977 ], [ -58.382093873722127, -34.599075196343684 ], [ -58.382525804688797, -34.599095271954113 ], [ -58.382776770594056, -34.599106916537714 ], [ -58.383880795198067, -34.599158062054002 ], [ -58.384033477240422, -34.599165134735848 ], [ -58.384207885084642, -34.599173205664016 ], [ -58.385476514966719, -34.599232684128715 ], [ -58.385535983743701, -34.599235468676099 ], [ -58.38681063487271, -34.599295148942474 ], [ -58.38686820376445, -34.599297860437282 ], [ -58.386948645339288, -34.598409235415573 ], [ -58.386949833515438, -34.598399725250601 ], [ -58.38696400159656, -34.598286285589559 ], [ -58.386976870411935, -34.598183404375177 ], [ -58.38706891487265, -34.597175206343231 ], [ -58.387067573800984, -34.597058583949455 ], [ -58.387066237299983, -34.596936962266078 ], [ -58.387135447561349, -34.595938890714685 ], [ -58.387135818723706, -34.595935906335363 ], [ -58.387161013760938, -34.595733339893627 ], [ -58.387183147546622, -34.595554970227838 ], [ -58.387275170740971, -34.594751986847662 ], [ -58.387294935862023, -34.594649673224744 ], [ -58.387314016070178, -34.594551303797644 ], [ -58.387314271600637, -34.594549599365791 ], [ -58.387571305345595, -34.592835590314301 ], [ -58.387914505532848, -34.591686206751234 ], [ -58.387954728857004, -34.591653413467853 ], [ -58.387882993958556, -34.591596608323428 ], [ -58.387876402350493, -34.591591009114097 ], [ -58.38692224385791, -34.590780363123713 ], [ -58.385940809162712, -34.58979162955545 ], [ -58.384953867088299, -34.588797250514951 ], [ -58.383848616154808, -34.587683700155893 ], [ -58.38369087887974, -34.587505583241736 ], [ -58.383691738205137, -34.587505112357512 ], [ -58.383700178759689, -34.587500515191799 ], [ -58.383783866537378, -34.587455103720607 ], [ -58.384095236318991, -34.587243678864795 ], [ -58.38450398753848, -34.586966129051568 ], [ -58.384801880566123, -34.586394681069727 ], [ -58.384803004164951, -34.586392489528684 ], [ -58.384891730095127, -34.586219400995304 ], [ -58.384998306420719, -34.586011491008811 ], [ -58.385063209139091, -34.585884876208368 ], [ -58.385330107543219, -34.585388770542892 ], [ -58.385604207637314, -34.585019712893676 ], [ -58.385850594552039, -34.584740966065276 ], [ -58.385850642558161, -34.584740912010247 ], [ -58.385980536624942, -34.584593958514333 ], [ -58.386171010385013, -34.584384500538548 ], [ -58.386426317307688, -34.584103738961751 ], [ -58.386647668418519, -34.583862747102401 ], [ -58.38696844658319, -34.583556745012238 ], [ -58.387418271897161, -34.583194272384972 ], [ -58.38784438821304, -34.582869319649134 ], [ -58.388095472935561, -34.582695739416152 ], [ -58.388346471604578, -34.582522157706656 ], [ -58.388396737294507, -34.582490075306005 ], [ -58.388447511257141, -34.58246116260591 ], [ -58.388632795449212, -34.58235951334666 ], [ -58.388795164857193, -34.582270949324283 ], [ -58.388937427563789, -34.582193781268735 ], [ -58.389062056894446, -34.582126461205959 ], [ -58.389171181492564, -34.582067723981169 ], [ -58.3893625962355, -34.581965303005546 ], [ -58.389506390785506, -34.581888768911945 ], [ -58.38961432210418, -34.581831649525931 ], [ -58.389776515608204, -34.58174618228032 ], [ -58.389939048447651, -34.581661137789979 ], [ -58.390030962927952, -34.581613446324283 ], [ -58.390192132096693, -34.581530583025966 ], [ -58.390434139486764, -34.581406570875814 ], [ -58.390554845233687, -34.581344106518159 ], [ -58.390614985155224, -34.581312662783297 ], [ -58.390675040144529, -34.581281078345789 ], [ -58.390721977199618, -34.581256106144103 ], [ -58.390803840233708, -34.581211998490978 ], [ -58.390926337486484, -34.581145380159576 ], [ -58.39100374306971, -34.581103446669744 ], [ -58.391048919370476, -34.581078972687955 ], [ -58.39109917858714, -34.581052170611066 ], [ -58.391165539758077, -34.581017342727748 ], [ -58.391174906991395, -34.581012426482694 ], [ -58.391295440382933, -34.580951369311947 ], [ -58.391302058368929, -34.580948421950303 ], [ -58.391344076573297, -34.58092970790473 ], [ -58.391397651671859, -34.580908400943514 ], [ -58.391462210026795, -34.580886184575846 ], [ -58.391536986244233, -34.580864679096621 ], [ -58.391631177134386, -34.580840649264474 ], [ -58.391639413744564, -34.580838731360991 ], [ -58.391649338881692, -34.580836419623992 ], [ -58.391648833832392, -34.5808356684404 ], [ -58.391220227709049, -34.580198146349893 ], [ -58.391199208621018, -34.580166889636125 ], [ -58.3903919773364, -34.57897725708154 ], [ -58.389896128637666, -34.578246606075375 ], [ -58.389869341696375, -34.578207133668116 ], [ -58.389666912876514, -34.578201741982816 ], [ -58.389491476186407, -34.578197068497666 ], [ -58.388399318643465, -34.578167970410441 ], [ -58.388253029796751, -34.578164072028841 ], [ -58.387586816604681, -34.578146317159216 ], [ -58.386901912618846, -34.578128060186003 ], [ -58.386585286178644, -34.578120198572783 ], [ -58.386547205491063, -34.578132191535339 ], [ -58.386541836561953, -34.578133882838962 ], [ -58.386524783533872, -34.578139254525041 ], [ -58.386413646617996, -34.578167776882026 ], [ -58.386300641612031, -34.578190452214997 ], [ -58.386128347811216, -34.578216847112799 ], [ -58.385954337865314, -34.578222769307644 ], [ -58.385734846737655, -34.578215305939217 ], [ -58.385623956038351, -34.578225946156373 ], [ -58.385513710119035, -34.578239320707006 ], [ -58.385291305801196, -34.578251784299539 ], [ -58.385068317194168, -34.578252698049504 ], [ -58.384632417736967, -34.578220797680117 ], [ -58.38445687219275, -34.578201246974373 ], [ -58.384455674544292, -34.578201175889539 ], [ -58.384280296970324, -34.57819078081662 ], [ -58.384103201916723, -34.578189539254119 ], [ -58.383926353185238, -34.578197452471684 ], [ -58.38375051788509, -34.578214592182817 ], [ -58.383576291204996, -34.578240746044202 ], [ -58.383404355250434, -34.578275986623019 ], [ -58.383235475295947, -34.578320031383249 ], [ -58.383070333589828, -34.578372811375985 ], [ -58.382861911212935, -34.578454084630238 ], [ -58.379841464837774, -34.580167299470332 ], [ -58.376938571577341, -34.580000335411704 ], [ -58.376165404597238, -34.579955854036996 ], [ -58.375126880746755, -34.5805254281304 ], [ -58.37397717440912, -34.579107687070739 ], [ -58.376591549727173, -34.577621585898697 ], [ -58.376695572910748, -34.577562452323832 ], [ -58.376695602352548, -34.577562436119067 ], [ -58.376716261068161, -34.577550692581561 ], [ -58.376381206559579, -34.577520088123698 ], [ -58.376046345176654, -34.577489500912748 ], [ -58.376047823380723, -34.577490893093362 ], [ -58.376048074099508, -34.577491129221649 ], [ -58.376048675085713, -34.577491694845037 ], [ -58.376050586915284, -34.577493494365179 ], [ -58.376050953002597, -34.577493838946872 ], [ -58.376066649147695, -34.577508613025763 ], [ -58.376072750466477, -34.577514355860785 ], [ -58.376071267099107, -34.577527481214808 ], [ -58.376071116420725, -34.577528814469702 ], [ -58.376066344604524, -34.577571037140501 ], [ -58.376065526887068, -34.577578272581512 ], [ -58.376058820279447, -34.577637623950693 ], [ -58.376057614692854, -34.577648295064989 ], [ -58.376052700991551, -34.577687665816654 ], [ -58.376051551412466, -34.577696883873038 ], [ -58.376051493394158, -34.577697130822138 ], [ -58.376049786578761, -34.577704587996251 ], [ -58.376048787016515, -34.577708951983738 ], [ -58.376045395333996, -34.57771641877045 ], [ -58.376043062333999, -34.577719262902775 ], [ -58.376040989041627, -34.577721789918975 ], [ -58.376032645256473, -34.577728188581474 ], [ -58.376021229287637, -34.57773561898162 ], [ -58.376021196570527, -34.577735640592437 ], [ -58.375407811050785, -34.578083060506863 ], [ -58.375390599874962, -34.578092808708803 ], [ -58.375294626559665, -34.578147166747947 ], [ -58.375288251652535, -34.578150777768514 ], [ -58.374326767435072, -34.578695334831274 ], [ -58.374326635463035, -34.578695431187569 ], [ -58.374326511131336, -34.57869551673231 ], [ -58.374319040144783, -34.578700823385269 ], [ -58.374319011788117, -34.578700843195946 ], [ -58.374314232861529, -34.578702911187243 ], [ -58.37430963166041, -34.578704900883878 ], [ -58.374309095216809, -34.578705133060474 ], [ -58.374308810674478, -34.578705223897003 ], [ -58.374297257824949, -34.57870890680973 ], [ -58.374288891582431, -34.578709573172027 ], [ -58.374278339712149, -34.578709704295932 ], [ -58.374278044365646, -34.578709706784807 ], [ -58.374269480644891, -34.578708534094176 ], [ -58.374254653985865, -34.578708090594134 ], [ -58.374253660091838, -34.578708061924871 ], [ -58.374233717821539, -34.578706551008224 ], [ -58.368014862566241, -34.578215714100267 ], [ -58.368014825515388, -34.578215711367044 ], [ -58.367982400240457, -34.578213598348405 ], [ -58.367974407643452, -34.578212498677544 ], [ -58.367967480727977, -34.57821154406659 ], [ -58.367962010971631, -34.578211486610208 ], [ -58.367955538592341, -34.578211416651854 ], [ -58.367944087469041, -34.578212679617323 ], [ -58.367934207639564, -34.578216053144644 ], [ -58.367931164116499, -34.578217652599385 ], [ -58.367925953816325, -34.578220388861091 ], [ -58.367918737247187, -34.578223995233053 ], [ -58.367915151855364, -34.578225792577484 ], [ -58.367900876336449, -34.578234311608192 ], [ -58.367900841438448, -34.578234332313698 ], [ -58.36788348060248, -34.57824477978378 ], [ -58.367883452249593, -34.578244795085823 ], [ -58.365434794964983, -34.579645594654657 ], [ -58.365339267130423, -34.579700348101802 ], [ -58.365321035591712, -34.579710193254982 ], [ -58.365308925585573, -34.579719203192127 ], [ -58.365298717903372, -34.579730529515032 ], [ -58.365295415371591, -34.579742862865068 ], [ -58.365248385823008, -34.580143415667315 ], [ -58.365248382517471, -34.580143446313102 ], [ -58.365249087736544, -34.580149868631274 ], [ -58.365249101862226, -34.580149904699624 ], [ -58.365251454121299, -34.580156089463273 ], [ -58.365254708301393, -34.580159893386586 ], [ -58.365256609652576, -34.580162119630778 ], [ -58.365257805317952, -34.580162928307274 ], [ -58.365260452676061, -34.580164718821742 ], [ -58.36526318057858, -34.580166565328433 ], [ -58.365266532289951, -34.580168058076097 ], [ -58.365270606193626, -34.580169872311011 ], [ -58.365274692118746, -34.580170730143521 ], [ -58.365274794539033, -34.58017075185996 ], [ -58.365281068341694, -34.580172068471896 ], [ -58.36528110756776, -34.580172075714792 ], [ -58.365290141412864, -34.580172927604622 ], [ -58.365295229352689, -34.580173407642583 ], [ -58.365306690626227, -34.580173973925739 ], [ -58.365307975483574, -34.580174037155629 ], [ -58.370568536956078, -34.580587866610415 ], [ -58.370577861037255, -34.58058850649455 ], [ -58.370577902448652, -34.580588509230282 ], [ -58.370585160325433, -34.580589006020439 ], [ -58.370595680351087, -34.5805902904291 ], [ -58.370604493580935, -34.580593614366734 ], [ -58.37060969374064, -34.580597122154906 ], [ -58.370614341096953, -34.580600853076426 ], [ -58.370614424693699, -34.580600965017837 ], [ -58.370618664661578, -34.580606642606497 ], [ -58.370621010062166, -34.580614466953399 ], [ -58.370621604925326, -34.580619554146203 ], [ -58.370621613564133, -34.580619626266774 ], [ -58.3706221663303, -34.580624346547623 ], [ -58.370622199867633, -34.580624570126474 ], [ -58.370622109413041, -34.580625549005319 ], [ -58.370621125967489, -34.58063670699822 ], [ -58.370621121564049, -34.580636746657582 ], [ -58.370602521840247, -34.580792087715146 ], [ -58.370602517439778, -34.580792124670204 ], [ -58.37056503995521, -34.58083386011949 ], [ -58.370563654123544, -34.580835402306008 ], [ -58.369751063016793, -34.58129940992859 ], [ -58.369709254163482, -34.581323283663302 ], [ -58.369635800432299, -34.581365226502385 ], [ -58.369444880804252, -34.581474242385816 ], [ -58.369129041399674, -34.581654588746289 ], [ -58.369108851665899, -34.581666118615601 ], [ -58.369032954452678, -34.581709454608806 ], [ -58.369032925006913, -34.58170947171314 ], [ -58.369022702577908, -34.58171478492784 ], [ -58.369014427797964, -34.581719084641968 ], [ -58.369002362734847, -34.581726029813225 ], [ -58.368994001159365, -34.581729978804638 ], [ -58.368993743813036, -34.581730100298145 ], [ -58.368993393778048, -34.581730265889846 ], [ -58.368993260768328, -34.581730306351183 ], [ -58.368985578864745, -34.581732684683814 ], [ -58.368985187548127, -34.581732732156915 ], [ -58.368975289100639, -34.581733924303869 ], [ -58.368965610387399, -34.581733558056349 ], [ -58.368956889626553, -34.581733229507009 ], [ -58.368956716344641, -34.581733223063083 ], [ -58.36894937344605, -34.58173265760211 ], [ -58.368949105361942, -34.581732636662124 ], [ -58.368935103941055, -34.581731560353404 ], [ -58.368903804615471, -34.581729081570224 ], [ -58.368890592387672, -34.581727893188685 ], [ -58.368876934452111, -34.581726662093978 ], [ -58.36521176742383, -34.581433447860597 ], [ -58.36339155998845, -34.581289372355037 ], [ -58.362675090168523, -34.581232653845575 ], [ -58.362675055297288, -34.581232650211106 ], [ -58.362665383015603, -34.58123154069532 ], [ -58.362654293124528, -34.5812310853456 ], [ -58.362651321962609, -34.581231248757675 ], [ -58.362645151843608, -34.581231587112221 ], [ -58.362645116965865, -34.581231588886311 ], [ -58.362640883203284, -34.581232200166376 ], [ -58.362640848321185, -34.581232205546165 ], [ -58.362638146082155, -34.581232595437299 ], [ -58.361625028086458, -34.581152385208505 ], [ -58.361545294451588, -34.581851197877121 ], [ -58.361417757287526, -34.582968936427918 ], [ -58.361419632825012, -34.582969084696586 ], [ -58.362542845142102, -34.583057873804478 ], [ -58.362568610864329, -34.583059911559381 ], [ -58.364548915887376, -34.583216428910191 ], [ -58.365209283321605, -34.583268614866562 ], [ -58.365209320376756, -34.583268615797756 ], [ -58.365462157671779, -34.583288670815186 ], [ -58.365607368676059, -34.583300187451016 ], [ -58.366098014494462, -34.583339099774285 ], [ -58.366098058085832, -34.583339103414716 ], [ -58.366098656370866, -34.583339158878083 ], [ -58.366098730474903, -34.583339166148498 ], [ -58.36610964672991, -34.583340173620307 ], [ -58.366115571887221, -34.583341603490709 ], [ -58.366120691841274, -34.58334283981489 ], [ -58.366130871900047, -34.583347104446794 ], [ -58.366132181330549, -34.583348361348179 ], [ -58.366137411564196, -34.583353381765036 ], [ -58.366145011726189, -34.583361503340264 ], [ -58.366145081151835, -34.58336178463999 ], [ -58.366146193006713, -34.583366324197534 ], [ -58.366147321130342, -34.583370932276267 ], [ -58.366147466416194, -34.583378141083777 ], [ -58.366147596276804, -34.583384556625447 ], [ -58.366147603478026, -34.583384924412371 ], [ -58.366148933974962, -34.583474125032453 ], [ -58.366149990468195, -34.583544974233305 ], [ -58.366149244684735, -34.58355459544466 ], [ -58.366149241365726, -34.583554637808973 ], [ -58.366148511429067, -34.58356375333382 ], [ -58.366145864031232, -34.583571287135136 ], [ -58.366137349348094, -34.583581029262689 ], [ -58.366119015272339, -34.583595918817906 ], [ -58.36611897709043, -34.583595949435932 ], [ -58.366100260118984, -34.583611128040658 ], [ -58.366091184724972, -34.583618488154876 ], [ -58.366077851449276, -34.583629304543841 ], [ -58.365554949687962, -34.584042766902499 ], [ -58.365489665286006, -34.584094386951278 ], [ -58.365208430015116, -34.584316758076561 ], [ -58.365200269017329, -34.584323085826135 ], [ -58.365192250925794, -34.584329302814787 ], [ -58.36500061926408, -34.584477895356798 ], [ -58.364992616971456, -34.584483628280012 ], [ -58.364980316550536, -34.584492674080415 ], [ -58.364975205336556, -34.584496001627073 ], [ -58.364972901689427, -34.584497502445529 ], [ -58.364965148489979, -34.58450087654014 ], [ -58.364964990374261, -34.584500944019595 ], [ -58.364964714540406, -34.584501018615569 ], [ -58.364964675291098, -34.584501029401025 ], [ -58.364963036643935, -34.58450147068006 ], [ -58.364955728697602, -34.58450343350232 ], [ -58.364946523135153, -34.584504548357486 ], [ -58.36494397818776, -34.58450456433502 ], [ -58.364943516064145, -34.584504567568302 ], [ -58.364939858312916, -34.58450459256462 ], [ -58.364939260066016, -34.584504498334319 ], [ -58.364935984420647, -34.58450398098104 ], [ -58.364931036082609, -34.58450319906359 ], [ -58.36492389035034, -34.584502540672688 ], [ -58.36492385220793, -34.584502537036258 ], [ -58.364914997559268, -34.584501832196118 ], [ -58.360530402638581, -34.584165706882416 ], [ -58.360530361225727, -34.584165704143281 ], [ -58.360428352869029, -34.584157014108783 ], [ -58.360245704741757, -34.584141451973608 ], [ -58.359955582062085, -34.584116733883761 ], [ -58.359954966265875, -34.584116736066591 ], [ -58.359944206773818, -34.58411673506815 ], [ -58.359935470447247, -34.584117363173611 ], [ -58.359935005020247, -34.584117395230678 ], [ -58.359934201696667, -34.58411744953721 ], [ -58.359934165715501, -34.584117461225276 ], [ -58.359933972716327, -34.58411753137289 ], [ -58.359933931282299, -34.584117545760591 ], [ -58.359926907047232, -34.584120048475235 ], [ -58.359925094489981, -34.584120971801376 ], [ -58.359920422409289, -34.584123353012799 ], [ -58.359912914126809, -34.584129481746771 ], [ -58.359912750476738, -34.584129615018952 ], [ -58.359908699675884, -34.584135486169835 ], [ -58.359905445521889, -34.584142293673942 ], [ -58.359902710906844, -34.584150258145542 ], [ -58.359901448850742, -34.584155498858884 ], [ -58.359900894981457, -34.584165340140572 ], [ -58.359715120506728, -34.58587279375903 ], [ -58.359715117195577, -34.585872827108894 ], [ -58.359714774550618, -34.585881062228495 ], [ -58.359713855361896, -34.585890155014461 ], [ -58.359713850950733, -34.585890196476221 ], [ -58.359714558495021, -34.585898831818028 ], [ -58.359714584253837, -34.585899153648285 ], [ -58.35971778610854, -34.585909090059197 ], [ -58.359723302447556, -34.585916805522523 ], [ -58.359723339446731, -34.585916852427978 ], [ -58.359729103818744, -34.585924068712607 ], [ -58.359730561737884, -34.585925162595892 ], [ -58.359737983880478, -34.585930731462184 ], [ -58.359747738076443, -34.585936504345817 ], [ -58.359747778385675, -34.585936518802825 ], [ -58.359756759725492, -34.585939737295583 ], [ -58.359768092314624, -34.585940970142197 ], [ -58.359784951427201, -34.585942590780668 ], [ -58.359784991749883, -34.585942594420565 ], [ -58.359799102542816, -34.585943837733524 ], [ -58.359799322683777, -34.585943856850143 ], [ -58.359807897269569, -34.585944611402184 ], [ -58.359815353846216, -34.585945162185219 ], [ -58.359823422902565, -34.58594575945974 ], [ -58.359835546112045, -34.5859466504293 ], [ -58.359843039746451, -34.585947201242071 ], [ -58.360267158244653, -34.585980149217178 ], [ -58.363620264540266, -34.586240585291293 ], [ -58.363631878689759, -34.586241599864536 ], [ -58.363641508961628, -34.586243702638384 ], [ -58.363648638745993, -34.586245967428958 ], [ -58.363652953616544, -34.586248835677772 ], [ -58.363652972120541, -34.586248856425641 ], [ -58.36365343555385, -34.586249439222257 ], [ -58.363656121644269, -34.586252817150246 ], [ -58.363659183770793, -34.586257861315126 ], [ -58.363659234897291, -34.586257945189281 ], [ -58.363659249036225, -34.586257970440705 ], [ -58.363659260987752, -34.586258002000299 ], [ -58.363661763476394, -34.586263469377514 ], [ -58.36366178195459, -34.586263511759533 ], [ -58.363662551106614, -34.586272012816416 ], [ -58.363661293065107, -34.58628227900941 ], [ -58.363661289754425, -34.586282313260824 ], [ -58.363597643922958, -34.586844006195882 ], [ -58.3635275354698, -34.587462716935583 ], [ -58.363527529984523, -34.587462746678071 ], [ -58.363527509157109, -34.587462845817683 ], [ -58.363527503675051, -34.587462872855916 ], [ -58.363527487221411, -34.58746296028059 ], [ -58.363525792114274, -34.587471371883893 ], [ -58.363524334314818, -34.587480034277029 ], [ -58.363524264448564, -34.587480126165104 ], [ -58.363518775513505, -34.587487401576752 ], [ -58.363518747132943, -34.58748743670909 ], [ -58.363511291310282, -34.587493413363234 ], [ -58.363506011749571, -34.587495128962985 ], [ -58.363502951093736, -34.587496118026465 ], [ -58.363502900934797, -34.587496136013961 ], [ -58.363502855139934, -34.587496150399275 ], [ -58.363502263279244, -34.587496167943769 ], [ -58.363501928654856, -34.587496177585805 ], [ -58.363496553940415, -34.587496344461101 ], [ -58.363495118430329, -34.587496389259748 ], [ -58.363495077011407, -34.58749639012732 ], [ -58.363481495672815, -34.587496008534558 ], [ -58.363480583516512, -34.587495902321905 ], [ -58.363466021716548, -34.587494201142341 ], [ -58.363463942265696, -34.5874940651291 ], [ -58.363447479948348, -34.587492987079308 ], [ -58.363341004778633, -34.587484472504343 ], [ -58.359657552646809, -34.587189855131854 ], [ -58.35965719627702, -34.587189822377972 ], [ -58.3596470937512, -34.587188840260282 ], [ -58.359637651650232, -34.587187921802396 ], [ -58.359626872332726, -34.587187768418097 ], [ -58.35962200910555, -34.587187699384216 ], [ -58.359621726815824, -34.587187695538731 ], [ -58.359621015097993, -34.587187685018399 ], [ -58.359620968223894, -34.58718769038714 ], [ -58.359620508196869, -34.587187748588903 ], [ -58.359620380653858, -34.587187764706151 ], [ -58.359607623093517, -34.587189367416137 ], [ -58.359598707960437, -34.587192412062379 ], [ -58.359598325228326, -34.587192543345047 ], [ -58.359598083144277, -34.587192637788846 ], [ -58.359597967553647, -34.587192683663233 ], [ -58.359590149964987, -34.587195748171354 ], [ -58.359581884664394, -34.587201239833 ], [ -58.359581837749957, -34.587201277652944 ], [ -58.359574692342406, -34.587207223682029 ], [ -58.359572575073443, -34.587209464625118 ], [ -58.359570056176864, -34.587212131600332 ], [ -58.359568033136462, -34.587215729266362 ], [ -58.359566760544332, -34.587217991660076 ], [ -58.359562203176857, -34.587227901646152 ], [ -58.359562184594132, -34.587227944898686 ], [ -58.359560304688472, -34.587240028690665 ], [ -58.359558098547708, -34.587249756784708 ], [ -58.359557937406812, -34.58725049671672 ], [ -58.359557935189954, -34.58725052646183 ], [ -58.359461955718707, -34.588084955059323 ], [ -58.359461950233104, -34.588084983900181 ], [ -58.359463023583352, -34.588085186732371 ], [ -58.359463806001429, -34.588085333373456 ], [ -58.359463936750089, -34.588085357878413 ], [ -58.359465138680903, -34.588085587862714 ], [ -58.359468334760699, -34.588086190028747 ], [ -58.35947019815147, -34.58808653325373 ], [ -58.359471548292049, -34.588086782293907 ], [ -58.359472815617721, -34.588087014136612 ], [ -58.359474761829105, -34.588087370051888 ], [ -58.359477984092472, -34.588087952408628 ], [ -58.359481221617493, -34.588088532975462 ], [ -58.359484453698393, -34.58808910903042 ], [ -58.359487698868818, -34.588089676983628 ], [ -58.359490947304664, -34.588090248545242 ], [ -58.359492905525833, -34.58809058824481 ], [ -58.35949294475509, -34.588090595489575 ], [ -58.359494204466912, -34.588090814705623 ], [ -58.359497461633659, -34.588091377260234 ], [ -58.359500725353641, -34.588091929003262 ], [ -58.359502033016597, -34.588092153668534 ], [ -58.359503994512174, -34.588092489765025 ], [ -58.359507262583037, -34.588093048722968 ], [ -58.359510538290358, -34.588093602278754 ], [ -58.359512316717982, -34.588093903063886 ], [ -58.359513805279214, -34.588094154925621 ], [ -58.359517082077694, -34.588094707580751 ], [ -58.359520361062835, -34.588095254829078 ], [ -58.359523637858004, -34.588095810188314 ], [ -58.359526916844345, -34.58809635653509 ], [ -58.359526960433413, -34.588096363783542 ], [ -58.359530194732926, -34.588096909190767 ], [ -58.359533433391192, -34.588097455503053 ], [ -58.359533471531599, -34.588097461845457 ], [ -58.359536749425899, -34.588098009993871 ], [ -58.359540016408388, -34.588098568048551 ], [ -58.359543283397649, -34.588099120694629 ], [ -58.359546550381332, -34.588099677847758 ], [ -58.359548187141371, -34.588099957779193 ], [ -58.359548500980011, -34.588100012131406 ], [ -58.359548611041525, -34.588100031154873 ], [ -58.359548706937019, -34.588100047462028 ], [ -58.35954981736284, -34.588100236803605 ], [ -58.35955307343815, -34.588100801158639 ], [ -58.359554716731218, -34.588101086504118 ], [ -58.359556334965482, -34.588101363715403 ], [ -58.359559586674358, -34.58810193347513 ], [ -58.359561621169135, -34.588102292168315 ], [ -58.35956283074804, -34.588102507735364 ], [ -58.359566066104364, -34.588103080185277 ], [ -58.359569290553409, -34.588103658935779 ], [ -58.359572517175664, -34.588104243096595 ], [ -58.359575740525884, -34.588104829057357 ], [ -58.359575773216577, -34.588104835395143 ], [ -58.359578281702369, -34.588105305366035 ], [ -58.359578938789348, -34.588105429419556 ], [ -58.359582146871368, -34.588106022578607 ], [ -58.359584547470014, -34.588106478034909 ], [ -58.359585297181546, -34.588106619294145 ], [ -58.359585338589625, -34.588106627442137 ], [ -58.359588521580477, -34.588107238608174 ], [ -58.35959169039193, -34.588107857874881 ], [ -58.359594852659235, -34.588108480741639 ], [ -58.359597999663926, -34.588109106299633 ], [ -58.359601137921075, -34.588109754385663 ], [ -58.359604269647484, -34.588110395254716 ], [ -58.359607377387206, -34.588111042413253 ], [ -58.359607414435466, -34.588111050557551 ], [ -58.359610484016869, -34.588111705796422 ], [ -58.359611779619314, -34.588111988141407 ], [ -58.359613569926296, -34.588112378176127 ], [ -58.359615305743617, -34.588112761854539 ], [ -58.359616635122272, -34.58811305414384 ], [ -58.359619698121541, -34.58811374363097 ], [ -58.359619732989913, -34.588113751773413 ], [ -58.359622741491698, -34.588114441214181 ], [ -58.359624341077506, -34.588114814861079 ], [ -58.359625764141661, -34.588115147793921 ], [ -58.359628775876445, -34.588115866984275 ], [ -58.359631765805545, -34.588116591564578 ], [ -58.359634745909482, -34.588117328756361 ], [ -58.359636590616851, -34.588117797260807 ], [ -58.359637703105477, -34.588118081252809 ], [ -58.359639207847778, -34.588118469241742 ], [ -58.359640650479648, -34.588118843656545 ], [ -58.359641825063022, -34.58811915384257 ], [ -58.35964356623856, -34.58811961144189 ], [ -58.359644864254783, -34.588120583377751 ], [ -58.359645447924592, -34.588121021965428 ], [ -58.359645455089648, -34.588121164406608 ], [ -58.359645573440439, -34.588123517212964 ], [ -58.359644675793994, -34.588126646193793 ], [ -58.359643521769343, -34.588129967861569 ], [ -58.359643165519152, -34.588131591023142 ], [ -58.359643160038068, -34.58813161625833 ], [ -58.359642847638895, -34.58813303573541 ], [ -58.359642844278476, -34.588135741806653 ], [ -58.359642913951504, -34.58813844253136 ], [ -58.359642916079913, -34.588138483998662 ], [ -58.35964295110243, -34.588139245731483 ], [ -58.359642963856125, -34.588139508056614 ], [ -58.359642967055457, -34.588139564849037 ], [ -58.359643039207597, -34.58814114690901 ], [ -58.359643125449658, -34.588142792982019 ], [ -58.359643186264968, -34.588143849502266 ], [ -58.359643330105122, -34.588146509725938 ], [ -58.359643332232416, -34.588146552094642 ], [ -58.359643351369066, -34.588146940624554 ], [ -58.359643467294724, -34.588149259184881 ], [ -58.359643528533965, -34.588150852052657 ], [ -58.359643570748474, -34.588151966248262 ], [ -58.359643674202196, -34.588154673311628 ], [ -58.359643676330613, -34.588154714778902 ], [ -58.359643809270153, -34.588157375894738 ], [ -58.359643832840504, -34.588157704934424 ], [ -58.359643912160408, -34.58815878130175 ], [ -58.359644007560902, -34.588160074024422 ], [ -58.359644291969026, -34.588162763212999 ], [ -58.359644443304106, -34.588163776541833 ], [ -58.359644689747839, -34.588165439877947 ], [ -58.359645199802905, -34.588168107624014 ], [ -58.359645208472159, -34.588168148195443 ], [ -58.359645782890368, -34.588170770924982 ], [ -58.359646408491599, -34.58817342975496 ], [ -58.359647051536577, -34.588176084994032 ], [ -58.359647062381221, -34.588176129173014 ], [ -58.35964733550329, -34.588177374271169 ], [ -58.359647646614754, -34.588178747403788 ], [ -58.359647918558451, -34.588180063713402 ], [ -58.359648196998215, -34.588181415184081 ], [ -58.359648350700191, -34.588182277977126 ], [ -58.359648674336995, -34.588184097325097 ], [ -58.359649126610307, -34.588186776740592 ], [ -58.359649134189581, -34.588186817311112 ], [ -58.359649624664982, -34.588189453490685 ], [ -58.359650206666132, -34.588192114086411 ], [ -58.359650917370111, -34.588194703579006 ], [ -58.359650928222621, -34.588194741448049 ], [ -58.359651765336466, -34.588197350879312 ], [ -58.35965265587258, -34.588199948637396 ], [ -58.359653331527198, -34.588201798031314 ], [ -58.35965360091754, -34.588202537427556 ], [ -58.35965459719592, -34.588205121754122 ], [ -58.359655616379051, -34.588207693480165 ], [ -58.35965665627802, -34.588210259815263 ], [ -58.359657708169905, -34.588212823456267 ], [ -58.35965876878371, -34.588215385301815 ], [ -58.359659851206708, -34.588217939053067 ], [ -58.359660944534873, -34.588220488306462 ], [ -58.359662080388041, -34.588223024074594 ], [ -58.359663248949943, -34.58822555175766 ], [ -58.359664445902155, -34.588228037999336 ], [ -58.359664458948011, -34.588228065053151 ], [ -58.359665710383382, -34.588230563059575 ], [ -58.359665726692363, -34.588230595524678 ], [ -58.359665959405042, -34.58823102840568 ], [ -58.359667018526565, -34.588233036775726 ], [ -58.359668367013768, -34.58823549790619 ], [ -58.359669178349158, -34.588236923746052 ], [ -58.359669756939383, -34.58823794284617 ], [ -58.359671181755893, -34.588240377900128 ], [ -58.359672625106121, -34.588242809364104 ], [ -58.359674081549336, -34.58824523002211 ], [ -58.359674599295928, -34.588246093124226 ], [ -58.359675536895949, -34.588247656087681 ], [ -58.359676427710852, -34.588249152306034 ], [ -58.359676444025446, -34.588249180264036 ], [ -58.359676981342005, -34.588250083045416 ], [ -58.359677713305814, -34.588251351970079 ], [ -58.359678394153782, -34.588252530708999 ], [ -58.359679787333029, -34.588254989173009 ], [ -58.359681208875799, -34.588257427829753 ], [ -58.359681613524806, -34.588258083508386 ], [ -58.359682696938187, -34.588259840401648 ], [ -58.359684270075206, -34.588262206171777 ], [ -58.359685958831243, -34.588264504433219 ], [ -58.359687776279067, -34.588266740605697 ], [ -58.359689665755617, -34.588268902922515 ], [ -58.359689689701042, -34.588268929985524 ], [ -58.359691664206359, -34.588271082458888 ], [ -58.3596936975961, -34.588273213347996 ], [ -58.359695760443763, -34.588275320825048 ], [ -58.359697832016735, -34.588277423802403 ], [ -58.359699883969583, -34.588279527664454 ], [ -58.359699905740669, -34.58827955021853 ], [ -58.359701925008409, -34.588281643235696 ], [ -58.359703966048478, -34.588283757905536 ], [ -58.359706027805608, -34.588285866282909 ], [ -58.359708089613171, -34.58828793409625 ], [ -58.35970811138538, -34.588287955748889 ], [ -58.359710227704163, -34.588290012791397 ], [ -58.359712397474354, -34.588292034723672 ], [ -58.35971430608874, -34.588293707583276 ], [ -58.359714632711224, -34.588294000823232 ], [ -58.359714772070895, -34.588294125337981 ], [ -58.359716357777906, -34.588295436154304 ], [ -58.359716502775335, -34.588295556015645 ], [ -58.359716937768994, -34.588295915600852 ], [ -58.35971931810748, -34.58829777094833 ], [ -58.359721743184473, -34.588299585769711 ], [ -58.359724200991515, -34.58830137537894 ], [ -58.359726678435742, -34.588303150581986 ], [ -58.359729107953413, -34.58830490050444 ], [ -58.359729144979397, -34.588304926677154 ], [ -58.359731603887894, -34.588306707272906 ], [ -58.359734069337335, -34.588308486972764 ], [ -58.359736556609469, -34.588310247761186 ], [ -58.359739056977915, -34.588311995039277 ], [ -58.359741598822843, -34.588313695478519 ], [ -58.359743005925829, -34.588314597194845 ], [ -58.359744183229758, -34.588315352685505 ], [ -58.359745167803105, -34.588315953869127 ], [ -58.359746811300887, -34.588316956745452 ], [ -58.359749481917248, -34.588318531094451 ], [ -58.359752182008265, -34.588320068510043 ], [ -58.35975491595174, -34.588321554573142 ], [ -58.359757673974883, -34.588322959528469 ], [ -58.359757702295788, -34.588322973975288 ], [ -58.359760543225995, -34.588324322211193 ], [ -58.359763415867789, -34.588325587542982 ], [ -58.359766331071555, -34.588326809642417 ], [ -58.35976926594153, -34.58832799389873 ], [ -58.359770730132979, -34.588328564840623 ], [ -58.359772224828589, -34.588329147526906 ], [ -58.359775202275145, -34.588330276832302 ], [ -58.35977817974635, -34.588331386306379 ], [ -58.359781182297752, -34.588332486787387 ], [ -58.35978417178324, -34.588333576440149 ], [ -58.359785597889065, -34.588334096869829 ], [ -58.359787172162719, -34.588334670609193 ], [ -58.359790151823105, -34.588335772873428 ], [ -58.35979173696505, -34.588336371861779 ], [ -58.359793130365688, -34.588336897672171 ], [ -58.359795115330783, -34.588337650241662 ], [ -58.359796108902714, -34.588338026978036 ], [ -58.359799099441638, -34.588339146378303 ], [ -58.359802068231858, -34.588340225195992 ], [ -58.359802098737156, -34.58834023603896 ], [ -58.359805120986636, -34.588341273436399 ], [ -58.359806811934817, -34.588341807611812 ], [ -58.359808164039165, -34.588342235131847 ], [ -58.359809999974757, -34.58834275050026 ], [ -58.359811258432522, -34.588343105826937 ], [ -58.359814378006604, -34.588343886400956 ], [ -58.359816083306441, -34.588344273656311 ], [ -58.359817527089966, -34.588344602097379 ], [ -58.359819258581176, -34.588344963233659 ], [ -58.359820688233292, -34.588345261014268 ], [ -58.359823881035638, -34.588345879393849 ], [ -58.359827070606137, -34.588346467122221 ], [ -58.359830276541622, -34.588347042244422 ], [ -58.359831914379562, -34.588347336595739 ], [ -58.359833479207325, -34.588347617363766 ], [ -58.359836680775295, -34.588348198792097 ], [ -58.359840705019586, -34.588348973822413 ], [ -58.360203495715702, -34.588424736314337 ], [ -58.360398766706702, -34.588465512961314 ], [ -58.36075736897503, -34.588540393626339 ], [ -58.360760203239479, -34.588540985451687 ], [ -58.360824195266488, -34.58855434766533 ], [ -58.360838380762608, -34.5885573097422 ], [ -58.36083836763224, -34.588557351196656 ], [ -58.360838329319989, -34.588557484575205 ], [ -58.360838080220141, -34.588558318271282 ], [ -58.360837091492051, -34.588561627380663 ], [ -58.360837653722861, -34.588561780193331 ], [ -58.360838927459874, -34.588562125606586 ], [ -58.36083908661675, -34.588562168816345 ], [ -58.360850264696154, -34.588565203570752 ], [ -58.360850016696716, -34.588566099475834 ], [ -58.360838273209559, -34.588608523137552 ], [ -58.360819628503485, -34.588675890705588 ], [ -58.360819452488968, -34.588676323241138 ], [ -58.360806285410497, -34.588708577742615 ], [ -58.360806248356326, -34.588708574105816 ], [ -58.360789970704204, -34.588706953195647 ], [ -58.360789867263904, -34.588707754474399 ], [ -58.360788638127111, -34.588717241827517 ], [ -58.360790435387173, -34.588718147549244 ], [ -58.360803177917482, -34.588724569092996 ], [ -58.360803047441713, -34.58872506473741 ], [ -58.360746172894181, -34.588941116180024 ], [ -58.360748184597554, -34.588941475454732 ], [ -58.360761812612665, -34.588943909312171 ], [ -58.360778490842335, -34.588946885402336 ], [ -58.360778501789568, -34.588946846650295 ], [ -58.360853202213036, -34.588676147855544 ], [ -58.360853213166841, -34.588676103694972 ], [ -58.360882196948261, -34.588571626875655 ], [ -58.360882200253535, -34.588571598032878 ], [ -58.360884986786118, -34.588571997899166 ], [ -58.360885088134417, -34.588572012406992 ], [ -58.360888618972794, -34.588572522871544 ], [ -58.360892126934267, -34.588573023401139 ], [ -58.360894517829152, -34.588568967197965 ], [ -58.361130543590697, -34.588617347804998 ], [ -58.361406960977597, -34.588674007243533 ], [ -58.361411325174096, -34.588674901493818 ], [ -58.36322483600528, -34.589044832878081 ], [ -58.363470129338566, -34.589094867182602 ], [ -58.365205353108415, -34.589448798540325 ], [ -58.365223524037326, -34.589452472023254 ], [ -58.365726133055325, -34.58955412822057 ], [ -58.367147645069643, -34.589841625570344 ], [ -58.367996921036408, -34.590013380721572 ], [ -58.367996775956371, -34.590014434372399 ], [ -58.367996414349797, -34.590017065345336 ], [ -58.367965264529914, -34.590243627341316 ], [ -58.367963193814511, -34.590251045340601 ], [ -58.367911996067114, -34.590434415268675 ], [ -58.367721159239245, -34.590505278293378 ], [ -58.367534526006942, -34.590623771927135 ], [ -58.367491450104474, -34.590656737426279 ], [ -58.36749133567681, -34.590656719307937 ], [ -58.367491299713514, -34.590656713871155 ], [ -58.367483803088156, -34.590655507289426 ], [ -58.367473657020135, -34.590654029101202 ], [ -58.367468121909916, -34.590653222487866 ], [ -58.36746725442611, -34.590653096508809 ], [ -58.36746346184519, -34.590652601353263 ], [ -58.367450649897343, -34.590650928164941 ], [ -58.367434014579651, -34.590648995066189 ], [ -58.367417372442212, -34.590647306245536 ], [ -58.367417328848013, -34.590647301704159 ], [ -58.367400621034619, -34.590645854411129 ], [ -58.367398938236455, -34.590645733199409 ], [ -58.367383876979865, -34.590644644161706 ], [ -58.367367113029268, -34.590643674574359 ], [ -58.367350338986306, -34.590642951065412 ], [ -58.367333574472624, -34.590642471847424 ], [ -58.367333542864117, -34.590642470921111 ], [ -58.367330899692483, -34.590642433687037 ], [ -58.367316747556359, -34.590642230553783 ], [ -58.367302998477108, -34.590642234161919 ], [ -58.367302958147711, -34.590642234130208 ], [ -58.367302912368359, -34.590642234094183 ], [ -58.367299939974821, -34.590642237164523 ], [ -58.367296910857469, -34.590642278951378 ], [ -58.367283143023478, -34.590642478151402 ], [ -58.367271283586085, -34.590642823079349 ], [ -58.367266345786838, -34.590642967027193 ], [ -58.367249559170808, -34.590643698391943 ], [ -58.367232804975963, -34.59064467136136 ], [ -58.367232772273297, -34.590644674039908 ], [ -58.367216059221448, -34.590645886818088 ], [ -58.367199346981977, -34.590647340274671 ], [ -58.367182676970032, -34.590649038047985 ], [ -58.367170313784989, -34.590650479601663 ], [ -58.367166038287628, -34.590650978326586 ], [ -58.367161953495987, -34.590651513258493 ], [ -58.367161913160331, -34.590651518635234 ], [ -58.367161881545577, -34.590651523117479 ], [ -58.367159631474983, -34.590651818814614 ], [ -58.367149440749749, -34.590653156611111 ], [ -58.367132884357268, -34.590655572000202 ], [ -58.36712633777767, -34.590656627816564 ], [ -58.36711639635341, -34.590658229923811 ], [ -58.367099957128758, -34.590661121352362 ], [ -58.367083583026641, -34.590664251707253 ], [ -58.367078095823544, -34.590665384075827 ], [ -58.367067284953073, -34.590667615588522 ], [ -58.367051058544817, -34.590671215697114 ], [ -58.367034907073801, -34.590675050232761 ], [ -58.367018840350838, -34.590679118301772 ], [ -58.367002896536647, -34.590683410018684 ], [ -58.367002858375741, -34.590683419904188 ], [ -58.366986973148663, -34.590687946035345 ], [ -58.366971181391222, -34.590692703904011 ], [ -58.366971147588174, -34.590692715595864 ], [ -58.366970278549658, -34.590692992548298 ], [ -58.36695956877977, -34.590696395080272 ], [ -58.366955497277232, -34.59069768991575 ], [ -58.36694250616145, -34.590702039844061 ], [ -58.36693992080766, -34.590702903169174 ], [ -58.366937684336477, -34.590703691050187 ], [ -58.366935978905545, -34.590704290952935 ], [ -58.36692445853479, -34.590708332852415 ], [ -58.366909101724026, -34.590713991578546 ], [ -58.366893875456455, -34.590719869451725 ], [ -58.366878773193051, -34.590725965565476 ], [ -58.366863814556623, -34.59073227723102 ], [ -58.366851793517235, -34.590737571706534 ], [ -58.366848978830077, -34.590738810742039 ], [ -58.366846489066866, -34.590739956286278 ], [ -58.366834282381816, -34.590745549885916 ], [ -58.366819735008136, -34.590752506388874 ], [ -58.366805336725598, -34.590759665828273 ], [ -58.366792417013954, -34.590766348680809 ], [ -58.366792372298484, -34.590766371181026 ], [ -58.366791086434773, -34.59076703631608 ], [ -58.366789181043131, -34.590768060629081 ], [ -58.36677699613589, -34.590774608847617 ], [ -58.366766957410015, -34.590780215873657 ], [ -58.366763073456696, -34.590782385231734 ], [ -58.366759491535696, -34.590784462883448 ], [ -58.366759413004559, -34.590784507892486 ], [ -58.366749314040327, -34.590790362760906 ], [ -58.366735717899203, -34.590798530618017 ], [ -58.366722301367467, -34.590806902337462 ], [ -58.366709072095873, -34.590815459896866 ], [ -58.36669601372305, -34.590824213198957 ], [ -58.36669105465355, -34.590827656316357 ], [ -58.36668314588335, -34.590833149639444 ], [ -58.366670467480532, -34.590842274626056 ], [ -58.366657992696901, -34.590851577353 ], [ -58.366657959965963, -34.590851604369767 ], [ -58.366657350117322, -34.590852075331277 ], [ -58.366645699727471, -34.590861062310161 ], [ -58.366641108807393, -34.590864731974385 ], [ -58.366633651834341, -34.590870692589377 ], [ -58.366633619104434, -34.590870718704714 ], [ -58.366621751911488, -34.590880551946185 ], [ -58.366612990606562, -34.590888060171977 ], [ -58.366610081810315, -34.590890552105925 ], [ -58.366607236191378, -34.590893080146749 ], [ -58.366606698270857, -34.590893560179204 ], [ -58.366598631685399, -34.590900723709261 ], [ -58.366593953926156, -34.590905019792139 ], [ -58.366587389563634, -34.590911052324053 ], [ -58.36658176882738, -34.590916405930216 ], [ -58.366581673892924, -34.590916496898743 ], [ -58.366581653160161, -34.590916516713627 ], [ -58.366576371784419, -34.590921546977519 ], [ -58.36656557836551, -34.590932192345498 ], [ -58.366562033880939, -34.590935815962148 ], [ -58.366555003844425, -34.590942999240809 ], [ -58.36654725976414, -34.590951208674213 ], [ -58.366544667854619, -34.590953955960607 ], [ -58.366544636204196, -34.590953991091027 ], [ -58.366541851003937, -34.590957051018044 ], [ -58.36653456386037, -34.590965058894056 ], [ -58.366524725686872, -34.590976277419621 ], [ -58.366524697310574, -34.590976308946942 ], [ -58.366515073667784, -34.590987695306588 ], [ -58.366513076144969, -34.590990145593999 ], [ -58.366505680939063, -34.590999220667804 ], [ -58.366505649281301, -34.590999262108191 ], [ -58.366505053263943, -34.591000023338204 ], [ -58.36650501942411, -34.591000066579696 ], [ -58.366504986676347, -34.59100010801918 ], [ -58.366496536572612, -34.591010877833135 ], [ -58.366487268283031, -34.59102318302282 ], [ -58.366487246446667, -34.591023214555321 ], [ -58.366369490994266, -34.591201995929097 ], [ -58.366324026756267, -34.591271033176326 ], [ -58.365902020524487, -34.591911760498483 ], [ -58.365855367491626, -34.591982594051473 ], [ -58.36571673790894, -34.592193071966051 ], [ -58.365197239548195, -34.592981803631098 ], [ -58.365151271260345, -34.593046801638856 ], [ -58.365053608874362, -34.59318490038941 ], [ -58.364400950718952, -34.594177173413911 ], [ -58.364393435579892, -34.594188600069657 ], [ -58.364380932641836, -34.594214581562973 ], [ -58.364373697328787, -34.594241898726906 ], [ -58.364371922353541, -34.59426982427037 ], [ -58.364375654381156, -34.594297617261788 ], [ -58.364384794007044, -34.594324541157626 ], [ -58.364389491998843, -34.594332862394474 ], [ -58.36439909900713, -34.594349880030585 ], [ -58.364418189760556, -34.594372961109826 ], [ -58.36444155903822, -34.594393172817512 ], [ -58.36464216963892, -34.594494937245145 ], [ -58.36467043572015, -34.59450108255826 ], [ -58.364699508408002, -34.5945035579227 ], [ -58.364728696684807, -34.594502305088689 ], [ -58.364757303978358, -34.594497354141978 ], [ -58.364784648874029, -34.594488822619248 ], [ -58.364810081467702, -34.594476913718424 ], [ -58.364832996453167, -34.594461910900385 ], [ -58.364921726514389, -34.594333292632186 ], [ -58.365044916518656, -34.594154721753206 ], [ -58.365196990717322, -34.593923255934612 ], [ -58.365503012889491, -34.593458138349554 ], [ -58.365899472193149, -34.592841005872344 ], [ -58.365903381257432, -34.592834232994782 ], [ -58.365908642261225, -34.592828117432084 ], [ -58.365915098027955, -34.592822842948941 ], [ -58.365922556532325, -34.592818566239551 ], [ -58.365930794170431, -34.592815416930293 ], [ -58.365939564491299, -34.592813487670931 ], [ -58.365948605823966, -34.592812836845106 ], [ -58.365957647823549, -34.592813483167021 ], [ -58.365966419098356, -34.592815408391736 ], [ -58.365974659204099, -34.592818553719049 ], [ -58.365982119726354, -34.592822826104459 ], [ -58.36610304546371, -34.592872769374956 ], [ -58.366109693068061, -34.592874979550416 ], [ -58.366116688384551, -34.592876256128079 ], [ -58.366123842878331, -34.592876566506533 ], [ -58.366130961447304, -34.592875901516109 ], [ -58.366137852226814, -34.592874279934044 ], [ -58.366144326594927, -34.592871743977021 ], [ -58.366150211156494, -34.592868364719521 ], [ -58.366155344484511, -34.592864232175373 ], [ -58.366159588016103, -34.592859458912365 ], [ -58.366235279752892, -34.592746945816387 ], [ -58.366203891003167, -34.592732591823712 ], [ -58.366201842868882, -34.592731655418298 ], [ -58.366322700571267, -34.592543720963903 ], [ -58.366988711446957, -34.591508047974536 ], [ -58.367089402500184, -34.591403659647462 ], [ -58.367132027385964, -34.591380417592937 ], [ -58.367173845395236, -34.591375380033632 ], [ -58.36720911896235, -34.591380850607457 ], [ -58.36724434993338, -34.59139965949867 ], [ -58.367255115154251, -34.591412548409707 ], [ -58.367267515300696, -34.591427393793559 ], [ -58.36727278938708, -34.591478901667088 ], [ -58.367264593883959, -34.591510006942457 ], [ -58.36728025697937, -34.591551830886694 ], [ -58.366834667221333, -34.592292121269956 ], [ -58.36650577738552, -34.592795772616626 ], [ -58.366504733477882, -34.592797371814648 ], [ -58.366490870238991, -34.592791179759303 ], [ -58.366386146832831, -34.592945440104472 ], [ -58.366391252981714, -34.592947811296533 ], [ -58.366383393125773, -34.592958863713129 ], [ -58.366381440989016, -34.592961609700353 ], [ -58.366380012503299, -34.592964912281474 ], [ -58.366379423360989, -34.59296724920366 ], [ -58.366379161638378, -34.592968290139467 ], [ -58.366379147403293, -34.592968346016406 ], [ -58.366378872374092, -34.592972397694759 ], [ -58.366379383264402, -34.592976433771732 ], [ -58.366380664934454, -34.592980350571587 ], [ -58.366382685890223, -34.59298404801131 ], [ -58.366385395009829, -34.592987432302259 ], [ -58.366388721545, -34.592990415048817 ], [ -58.366389198612552, -34.592990724615817 ], [ -58.366392580560415, -34.592992922266731 ], [ -58.366887973546163, -34.593206832941476 ], [ -58.366893824784391, -34.593208705312747 ], [ -58.366899949389463, -34.593209831521385 ], [ -58.366906208957126, -34.593210187119553 ], [ -58.3669124617942, -34.593209763882612 ], [ -58.366918568366785, -34.593208571615946 ], [ -58.366924389121216, -34.593206637252059 ], [ -58.366929795385282, -34.593204003957673 ], [ -58.366940357734336, -34.593196393470684 ], [ -58.366949425984288, -34.593187563079141 ], [ -58.366973114382276, -34.593152521831144 ], [ -58.367011252837798, -34.593093165276251 ], [ -58.367012513983411, -34.593091279592841 ], [ -58.367013361098515, -34.593089241242211 ], [ -58.367013769041037, -34.59308711240277 ], [ -58.367013724655905, -34.593084957966582 ], [ -58.36701322895933, -34.593082841935484 ], [ -58.367012298226747, -34.593080829224782 ], [ -58.367010960728869, -34.593078980252102 ], [ -58.367010206179692, -34.593078258518283 ], [ -58.367009255642913, -34.593077350035195 ], [ -58.367007234140317, -34.593075989995491 ], [ -58.366981078101553, -34.593065590368155 ], [ -58.366978984050021, -34.593064757603237 ], [ -58.367299443941761, -34.592539479538829 ], [ -58.367657407839452, -34.591983812356808 ], [ -58.367697204636734, -34.591985023503611 ], [ -58.367707127048682, -34.591971599168602 ], [ -58.367719640773814, -34.59195974624032 ], [ -58.367734387901166, -34.591949805175588 ], [ -58.367750947367441, -34.59194205778946 ], [ -58.367768846949041, -34.591936725461636 ], [ -58.367787577440282, -34.591933961936377 ], [ -58.36780660247458, -34.591933843414608 ], [ -58.36782538031585, -34.591936375782275 ], [ -58.367843374769777, -34.591941484703383 ], [ -58.367860073702069, -34.591949025550029 ], [ -58.3678749988485, -34.59195878341 ], [ -58.367887725427373, -34.591970479412062 ], [ -58.367897890849235, -34.591983779746847 ], [ -58.367905203425636, -34.591998305589144 ], [ -58.367909455439907, -34.592013641220994 ], [ -58.367910526397843, -34.592029351161109 ], [ -58.367908385202732, -34.592044984673635 ], [ -58.367903092309859, -34.59206009830541 ], [ -58.367894799723643, -34.592074258590294 ], [ -58.367932414910022, -34.592092175834622 ], [ -58.367932098284797, -34.592092634411607 ], [ -58.367912915149901, -34.592120422917063 ], [ -58.367903618918959, -34.592116242060769 ], [ -58.367279658827478, -34.593123379731217 ], [ -58.367276025269661, -34.593121944510827 ], [ -58.367264791201123, -34.593117508781745 ], [ -58.36723475859187, -34.593168082020739 ], [ -58.367227623504384, -34.593167932175987 ], [ -58.367220548382775, -34.593168716252336 ], [ -58.367213712010454, -34.593170416362135 ], [ -58.367185934991994, -34.593215917254149 ], [ -58.367161401419708, -34.593256106805839 ], [ -58.36715362144075, -34.593268849502714 ], [ -58.367155705668196, -34.593269700285347 ], [ -58.367157379151799, -34.593270383079641 ], [ -58.367157056910912, -34.593270977764981 ], [ -58.367153522099102, -34.593277494972988 ], [ -58.367151196014433, -34.593285048868367 ], [ -58.367150469826882, -34.593292821267177 ], [ -58.367151364514164, -34.593300580520349 ], [ -58.367153854179001, -34.593308098547325 ], [ -58.367157147847209, -34.593314099211248 ], [ -58.367161459033504, -34.59331964095098 ], [ -58.367166696310335, -34.593324607410793 ], [ -58.367167557813758, -34.593325217451437 ], [ -58.367172749707251, -34.593328893037416 ], [ -58.36838777691186, -34.593844578273874 ], [ -58.368591788552948, -34.593932007142215 ], [ -58.368600245214473, -34.593935631212894 ], [ -58.368913636344757, -34.594069933393556 ], [ -58.368969497621926, -34.594093872332799 ], [ -58.369065197486826, -34.59413488371414 ], [ -58.36906993522534, -34.594137368990019 ], [ -58.369074125090172, -34.594140455091782 ], [ -58.369074684640459, -34.594141026178882 ], [ -58.36907765708095, -34.594144059905034 ], [ -58.369080438650911, -34.594148089610449 ], [ -58.369082395797989, -34.594152437782974 ], [ -58.369083478508948, -34.594156990804791 ], [ -58.369083656398139, -34.594161628763153 ], [ -58.369082926333689, -34.594166229062225 ], [ -58.36908130807241, -34.594170670926445 ], [ -58.369076395468852, -34.594183086041291 ], [ -58.36905095453735, -34.594247380212941 ], [ -58.368967681151808, -34.594483955609022 ], [ -58.368794236979298, -34.594976689679584 ], [ -58.368751872398661, -34.595097040977727 ], [ -58.368700262681315, -34.595243656157507 ], [ -58.368573916858573, -34.595602579503137 ], [ -58.368046041192727, -34.597102156542775 ], [ -58.367913531510901, -34.597478579000487 ], [ -58.367894016604573, -34.597491314364603 ], [ -58.367872302861223, -34.597501321203154 ], [ -58.367848939969306, -34.597508346645249 ], [ -58.367824524408739, -34.597512209970787 ], [ -58.36779967545565, -34.597512814310122 ], [ -58.367775027555687, -34.597510143032657 ], [ -58.367483306508326, -34.597487893467026 ], [ -58.366600265950716, -34.597420538528084 ], [ -58.3665270172894, -34.597414951109904 ], [ -58.366519556255511, -34.597414501692818 ], [ -58.366512100662248, -34.597415000575971 ], [ -58.366504824934488, -34.597416436179266 ], [ -58.366497900252213, -34.597418775285895 ], [ -58.366491489101946, -34.597421961235206 ], [ -58.366485741998332, -34.597425921131482 ], [ -58.366480794220173, -34.597430560432791 ], [ -58.366477204054959, -34.597433854085985 ], [ -58.366474336081815, -34.597437601727641 ], [ -58.366472272182811, -34.597441694350621 ], [ -58.366471072445933, -34.597446016620601 ], [ -58.366470768628858, -34.597450443265075 ], [ -58.366469734846135, -34.597460175102682 ], [ -58.366469104443311, -34.597466104159203 ], [ -58.366466569616314, -34.597489935756656 ], [ -58.366462548124979, -34.59749011284979 ], [ -58.366458032805077, -34.597490311185027 ], [ -58.366451270862683, -34.59755059925979 ], [ -58.366453072008383, -34.597551386471736 ], [ -58.366453764780559, -34.59755168925598 ], [ -58.366465799644637, -34.597556955001089 ], [ -58.366466052279875, -34.597557741338896 ], [ -58.366469219939077, -34.597567600809668 ], [ -58.366472730386306, -34.597578526130654 ], [ -58.366475546456599, -34.597600724089155 ], [ -58.366474178706639, -34.597623015179963 ], [ -58.366468662636898, -34.597644863986204 ], [ -58.366459129663198, -34.597665745082324 ], [ -58.366445808190569, -34.597685157457811 ], [ -58.366436348508302, -34.597685149949072 ], [ -58.366377307508898, -34.598226844381266 ], [ -58.366095805656052, -34.598208660734365 ], [ -58.366093909072035, -34.598208538222039 ], [ -58.366114997136648, -34.598044418633606 ], [ -58.366160246533433, -34.597692263537127 ], [ -58.36616403773376, -34.597664687584761 ], [ -58.366164232907799, -34.597663267952107 ], [ -58.366160308658522, -34.597663242485396 ], [ -58.366159008208058, -34.597663234045996 ], [ -58.366151101960092, -34.597636948584636 ], [ -58.366148896691698, -34.597614381532466 ], [ -58.366148463794467, -34.5976099515876 ], [ -58.366151160458458, -34.597582957936361 ], [ -58.366159123528057, -34.597556684206907 ], [ -58.366172139619771, -34.597531829732105 ], [ -58.36617905444897, -34.597531416074467 ], [ -58.36618402354069, -34.59745416001504 ], [ -58.366185891943346, -34.597425111361396 ], [ -58.366184816880342, -34.597417833322531 ], [ -58.366182298270623, -34.597410803828744 ], [ -58.366178407834802, -34.597404215841479 ], [ -58.366173275400314, -34.597398278385604 ], [ -58.366173252188318, -34.597398251532773 ], [ -58.366168705251724, -34.597394504506589 ], [ -58.366166971758652, -34.59739307597458 ], [ -58.366159742971767, -34.597388831731905 ], [ -58.366151764084314, -34.59738563614733 ], [ -58.366143254097757, -34.597383577734476 ], [ -58.366059787262991, -34.597378847029184 ], [ -58.366057888459366, -34.597378739408761 ], [ -58.366060047828142, -34.597361934105649 ], [ -58.366060217264952, -34.597360615462179 ], [ -58.36578681889344, -34.597344178897025 ], [ -58.365783920627415, -34.597356101498356 ], [ -58.36550821967532, -34.597335369895283 ], [ -58.364839731820538, -34.597284269746844 ], [ -58.364329861563057, -34.597243789048314 ], [ -58.36383556620315, -34.597202842063354 ], [ -58.363832120191198, -34.597200533190367 ], [ -58.363831463182706, -34.5972000929861 ], [ -58.363827945046026, -34.597196835983247 ], [ -58.363825102167922, -34.597193155862172 ], [ -58.363823007470153, -34.597189147331854 ], [ -58.363821716423658, -34.597184913199527 ], [ -58.363821259420277, -34.597180562562244 ], [ -58.36382142565472, -34.597178717517906 ], [ -58.363821651584374, -34.597176209912959 ], [ -58.363824427079741, -34.597168747496326 ], [ -58.363825391467103, -34.597165362539783 ], [ -58.363825718365177, -34.597164208906761 ], [ -58.363825922384834, -34.597163488915299 ], [ -58.363895299524032, -34.596967999876419 ], [ -58.364405671016975, -34.5955298522871 ], [ -58.36440594892219, -34.595528980836569 ], [ -58.364406237727891, -34.59552810939487 ], [ -58.364406504732628, -34.595527237935514 ], [ -58.364406771741592, -34.595526362870466 ], [ -58.364407027851165, -34.595525486895141 ], [ -58.364407285050795, -34.595524610920727 ], [ -58.364407519363652, -34.595523731322054 ], [ -58.364407765664936, -34.595522853535968 ], [ -58.364407990170541, -34.595521971225075 ], [ -58.364408214676175, -34.595521088914204 ], [ -58.364408439181815, -34.595520206603325 ], [ -58.364408641889696, -34.595519321570514 ], [ -58.364408845688658, -34.59551843563716 ], [ -58.364409038588235, -34.595517548793538 ], [ -58.364409230397754, -34.595516661949056 ], [ -58.364409412398949, -34.595515773293776 ], [ -58.36440958459081, -34.595514883729095 ], [ -58.364409755694744, -34.595513992360736 ], [ -58.36440991589712, -34.595513101884897 ], [ -58.364410077192737, -34.595512208705749 ], [ -58.364410216688484, -34.595511314607464 ], [ -58.364410356183136, -34.595510421410616 ], [ -58.364410494590977, -34.595509525508618 ], [ -58.364410613376855, -34.59550863049212 ], [ -58.364410731073754, -34.595507734573339 ], [ -58.364410849859659, -34.595506839556897 ], [ -58.364410956658205, -34.59550594182641 ], [ -58.364411053647402, -34.595505043186584 ], [ -58.364411139735047, -34.595504145439321 ], [ -58.364411225824846, -34.595503245889248 ], [ -58.364411302102027, -34.595502348134069 ], [ -58.364411366391927, -34.595501447664873 ], [ -58.36441143177079, -34.595500548098002 ], [ -58.364411485160225, -34.595499647619967 ], [ -58.364411528738124, -34.595498748035475 ], [ -58.364411572319256, -34.59549784574665 ], [ -58.364411606087806, -34.595496945252741 ], [ -58.364411638768452, -34.595496042955077 ], [ -58.364411650734979, -34.595495143344934 ], [ -58.364411661614653, -34.59549424102962 ], [ -58.364411673582254, -34.59549334051804 ], [ -58.364411674651492, -34.595492438194789 ], [ -58.364411664817077, -34.595491538566947 ], [ -58.364411645175437, -34.595490636226906 ], [ -58.364411624443726, -34.595489733885991 ], [ -58.36441159389949, -34.595488833339964 ], [ -58.364411552453682, -34.595487933686513 ], [ -58.364411511011077, -34.595487031328823 ], [ -58.364411458665877, -34.595486130765146 ], [ -58.364411395419125, -34.59548523109401 ], [ -58.364411332170228, -34.595484333225748 ], [ -58.364411259114114, -34.595483432645246 ], [ -58.364411186056962, -34.595482532966209 ], [ -58.364411091196686, -34.595481635072318 ], [ -58.364410996336453, -34.595480737178434 ], [ -58.364410901476191, -34.59547983928455 ], [ -58.364410795713326, -34.595478943184695 ], [ -58.364410680142157, -34.595478045273978 ], [ -58.364410552575158, -34.595477151860727 ], [ -58.364410426101408, -34.595476255744039 ], [ -58.364410288723974, -34.595475362322858 ], [ -58.364410140446083, -34.595474468892768 ], [ -58.364409993258207, -34.595473575463593 ], [ -58.364409834077705, -34.595472683827545 ], [ -58.364409675987282, -34.595471792192377 ], [ -58.364409505906302, -34.59547090054749 ], [ -58.364409326011703, -34.595470011598906 ], [ -58.364409136304538, -34.595469124445252 ], [ -58.364408945507328, -34.595468237290667 ], [ -58.364408743809676, -34.595467350127265 ], [ -58.364408543198842, -34.595466465669041 ], [ -58.364408330597513, -34.595465581201076 ], [ -58.364408108183611, -34.595464698527991 ], [ -58.364407874867105, -34.59546381764892 ], [ -58.364407641549548, -34.5954629376713 ], [ -58.364407398419424, -34.595462059488526 ], [ -58.364407154200315, -34.59546118040349 ], [ -58.364406900166564, -34.595460304916166 ], [ -58.364406634143322, -34.595459428517707 ], [ -58.364406369206954, -34.595458554824404 ], [ -58.364406093367947, -34.595457682925108 ], [ -58.364405807715343, -34.595456813722116 ], [ -58.364405520972703, -34.595455944518235 ], [ -58.364405223327424, -34.595455077108383 ], [ -58.364404915871752, -34.595454209690544 ], [ -58.364404608410766, -34.595453346779877 ], [ -58.364404290049293, -34.595452483860306 ], [ -58.364403971685718, -34.59545162274361 ], [ -58.364403642418424, -34.595450764322365 ], [ -58.364403303340751, -34.595449905893133 ], [ -58.364402963167691, -34.595449051970121 ], [ -58.364402613185256, -34.595448197137777 ], [ -58.364402252298092, -34.59544734590223 ], [ -58.364401891409891, -34.595446495568133 ], [ -58.364401519618028, -34.595445647929473 ], [ -58.364401136922481, -34.595444802986258 ], [ -58.364400755314861, -34.59544395984674 ], [ -58.364400361714573, -34.595443118500377 ], [ -58.364399969203291, -34.595442278056261 ], [ -58.364399565787281, -34.595441441209047 ], [ -58.36439915146758, -34.595440607057249 ], [ -58.364398737147894, -34.595439772905436 ], [ -58.364398311923495, -34.595438942350476 ], [ -58.364397887785913, -34.595438114500688 ], [ -58.364397451654632, -34.595437289345426 ], [ -58.364397005710828, -34.595436465985067 ], [ -58.364396559764863, -34.595435644427532 ], [ -58.364396102915258, -34.595434825565441 ], [ -58.364395635163049, -34.595434008497357 ], [ -58.364395168497666, -34.595433194134408 ], [ -58.364394689836466, -34.595432384268861 ], [ -58.364394212263164, -34.595431576207041 ], [ -58.364393722697237, -34.595430769938332 ], [ -58.36439322331767, -34.595429966365941 ], [ -58.364392723936007, -34.595429164596382 ], [ -58.364392224547935, -34.595428368235368 ], [ -58.364391704450043, -34.59542757095614 ], [ -58.364391183253552, -34.595426780887387 ], [ -58.364390663148207, -34.59542598991812 ], [ -58.364390131045937, -34.595425204347613 ], [ -58.364389589132195, -34.595424419670614 ], [ -58.364389047214196, -34.595423638599314 ], [ -58.364388494391456, -34.595422861124796 ], [ -58.364387942655569, -34.595422086355498 ], [ -58.364387378927049, -34.595421313379283 ], [ -58.364386805382765, -34.595420544902247 ], [ -58.364386230746327, -34.595419778227182 ], [ -58.364385657196721, -34.595419014257217 ], [ -58.364385061840856, -34.595418254776718 ], [ -58.364384477381201, -34.595417498910706 ], [ -58.36438387111636, -34.595416746632729 ], [ -58.364383275750896, -34.595415995265007 ], [ -58.364382659668152, -34.595415249289026 ], [ -58.364382042491108, -34.595414506917827 ], [ -58.364381426404158, -34.595413764547537 ], [ -58.36438079940816, -34.595413029379756 ], [ -58.364380161509573, -34.595412296006003 ], [ -58.364379523608861, -34.595411564435082 ], [ -58.364378874799151, -34.595410840066691 ], [ -58.364378225989455, -34.5954101156983 ], [ -58.364377567361885, -34.595409397631926 ], [ -58.364376908731096, -34.595408682269763 ], [ -58.364376238107695, -34.595407968700755 ], [ -58.364375568568988, -34.595407259639735 ], [ -58.36437488812556, -34.595406554175568 ], [ -58.364374196775259, -34.595405854111057 ], [ -58.364373505422847, -34.595405155849406 ], [ -58.364372815155143, -34.59540446209575 ], [ -58.36437211289374, -34.595403771036651 ], [ -58.364371410625921, -34.595403085386053 ], [ -58.364370698543439, -34.59540240333321 ], [ -58.364369975556215, -34.595401724877206 ], [ -58.364369252566874, -34.595401048223998 ], [ -58.364368529568985, -34.595400378782216 ], [ -58.364367795668535, -34.595399711134405 ], [ -58.364367051952321, -34.595399047985737 ], [ -58.364366307139633, -34.595398390244746 ], [ -58.364365562325915, -34.59539773340515 ], [ -58.364364807693249, -34.595397083768979 ], [ -58.364364233828589, -34.595396591121897 ], [ -58.364364053058431, -34.595396435935648 ], [ -58.364363474703339, -34.595395950595503 ], [ -58.364363286427796, -34.595395792599689 ], [ -58.364362511071455, -34.595395153763768 ], [ -58.364361744430155, -34.595394519442017 ], [ -58.364360958162663, -34.595393889611472 ], [ -58.364360181700263, -34.595393264295993 ], [ -58.364359383432706, -34.595392642568513 ], [ -58.364358597152425, -34.595392023554993 ], [ -58.364357798873137, -34.595391411743144 ], [ -58.364356990779136, -34.595390803529028 ], [ -58.364356182681945, -34.595390198019132 ], [ -58.3643553745773, -34.595389598819217 ], [ -58.364354555570081, -34.595389001413302 ], [ -58.3643537256538, -34.59538841120991 ], [ -58.364352906635894, -34.595387822818232 ], [ -58.364352066899635, -34.595387240719653 ], [ -58.36435123697062, -34.595386661333301 ], [ -58.364350396132544, -34.595386089149507 ], [ -58.364349545479854, -34.595385520563411 ], [ -58.3643486948218, -34.59538495648443 ], [ -58.364347844158402, -34.59538439691255 ], [ -58.364346981499203, -34.595383841838071 ], [ -58.364346119925749, -34.59538329037013 ], [ -58.364345258345914, -34.595382744310704 ], [ -58.364344386951394, -34.595382201849034 ], [ -58.364343503557812, -34.595381666588992 ], [ -58.36434263105938, -34.595381135844896 ], [ -58.364341737847909, -34.595380606886842 ], [ -58.364340854439433, -34.595380084246692 ], [ -58.364339961211947, -34.595379568809946 ], [ -58.364339067982385, -34.595379055176032 ], [ -58.364338163846995, -34.595378546040422 ], [ -58.364337259703085, -34.595378044116138 ], [ -58.364336355554897, -34.595377545797533 ], [ -58.364335440497705, -34.595377054681485 ], [ -58.364334525438366, -34.595376565368241 ], [ -58.364333599471145, -34.595376082356147 ], [ -58.36433267458861, -34.595375603852005 ], [ -58.364331748609608, -34.595375130755521 ], [ -58.364330822626364, -34.595374661264707 ], [ -58.364329886825224, -34.595374198075866 ], [ -58.364328951018734, -34.595373739394155 ], [ -58.364328004303275, -34.595373287914967 ], [ -58.364327056495611, -34.595372838237708 ], [ -58.364326109768385, -34.595372396674129 ], [ -58.364325152136438, -34.59537195870741 ], [ -58.364324194498117, -34.595371526149222 ], [ -58.364323237943381, -34.595371099000417 ], [ -58.364322280294367, -34.595370675456401 ], [ -58.364321311736347, -34.595370259114915 ], [ -58.364320343174064, -34.595369846379143 ], [ -58.364319364792806, -34.59536944084676 ], [ -58.364318396219836, -34.595369037125145 ], [ -58.364317417825774, -34.595368642409795 ], [ -58.364316428528056, -34.595368250389868 ], [ -58.364315449031139, -34.595367866490697 ], [ -58.36431445972061, -34.595367485287824 ], [ -58.364313470402585, -34.595367110394868 ], [ -58.364312470178817, -34.595366740000209 ], [ -58.364311479757937, -34.595366375923426 ], [ -58.364310480611358, -34.595366016346695 ], [ -58.364309469466818, -34.595365663070154 ], [ -58.364308469216297, -34.595365315210991 ], [ -58.364307458058946, -34.595364972751518 ], [ -58.364306446895156, -34.595364635700548 ], [ -58.364305436813964, -34.595364304960412 ], [ -58.364304414737958, -34.595363977816248 ], [ -58.364303286962809, -34.595363620839365 ], [ -58.364142617387415, -34.595324108131656 ], [ -58.364141596365116, -34.595323812536748 ], [ -58.364140563348045, -34.595323520537818 ], [ -58.364139531412469, -34.595323235751081 ], [ -58.364138488573232, -34.595322953659775 ], [ -58.364137456630139, -34.59532267518302 ], [ -58.364136413780201, -34.595322402105928 ], [ -58.364135381826451, -34.595322132643325 ], [ -58.364134338969009, -34.595321865876166 ], [ -58.364133296104086, -34.595321605418938 ], [ -58.364132242334435, -34.595321348558528 ], [ -58.364131199458853, -34.595321097115509 ], [ -58.364130156577872, -34.595320850179583 ], [ -58.364129102794308, -34.595320605037635 ], [ -58.364128049003249, -34.595320366205634 ], [ -58.36412699520686, -34.595320131880719 ], [ -58.364125942497317, -34.595319900260968 ], [ -58.364124888690199, -34.595319674950289 ], [ -58.364123834879891, -34.595319452343809 ], [ -58.364122770162702, -34.595319235137019 ], [ -58.364121717429583, -34.59531902334853 ], [ -58.364120652703853, -34.595318813353082 ], [ -58.364119598869983, -34.595318610577863 ], [ -58.364118535224662, -34.59531840869613 ], [ -58.364117470479677, -34.595318214926245 ], [ -58.364116406823641, -34.595318022058677 ], [ -58.364115331168534, -34.595317836392738 ], [ -58.364114267500717, -34.595317653440802 ], [ -58.364113202736441, -34.595317475896472 ], [ -58.36411212815532, -34.595317303752736 ], [ -58.364111063382495, -34.595317133419769 ], [ -58.364109988790659, -34.595316970290249 ], [ -58.364108914197807, -34.595316808062059 ], [ -58.364107838505241, -34.595316653945844 ], [ -58.3641067638995, -34.5953165025347 ], [ -58.364105689289488, -34.595316354729292 ], [ -58.364104613581937, -34.595316213232941 ], [ -58.364103538960144, -34.595316075343128 ], [ -58.36410246433406, -34.595315941058985 ], [ -58.364101378801102, -34.595315812174526 ], [ -58.364100304163237, -34.595315687806021 ], [ -58.364099217528484, -34.595315568836298 ], [ -58.364098142883115, -34.595315450777719 ], [ -58.364097057328749, -34.595315339921655 ], [ -58.364095971769025, -34.595315233572684 ], [ -58.36409489710438, -34.595315131739689 ], [ -58.364093811535035, -34.595315033503482 ], [ -58.364092724869167, -34.595314940674939 ], [ -58.364091639289114, -34.59531485145294 ], [ -58.364090553702596, -34.595314767639451 ], [ -58.364089468111828, -34.595314687431696 ], [ -58.364088382515682, -34.595314611730991 ], [ -58.364087296912018, -34.59531454234024 ], [ -58.364086211305171, -34.59531447565373 ], [ -58.364085125692966, -34.595314413474334 ], [ -58.364084040076442, -34.595314354900637 ], [ -58.364082943550912, -34.59531430352942 ], [ -58.364081857923722, -34.595314253969889 ], [ -58.36408077228792, -34.595314211621769 ], [ -58.364079675749544, -34.595314171067578 ], [ -58.36407859010302, -34.595314137733581 ], [ -58.364077504455459, -34.595314105301078 ], [ -58.36407640789777, -34.595314080972457 ], [ -58.364075322236268, -34.595314060258389 ], [ -58.36407423657262, -34.595314041347137 ], [ -58.364073139999974, -34.595314029638402 ], [ -58.364072054322364, -34.595314022445613 ], [ -58.364070957740047, -34.595314018849649 ], [ -58.364069872051751, -34.59531402067109 ], [ -58.364068786359169, -34.595314026098173 ], [ -58.364067689760773, -34.595314036023531 ], [ -58.364066604056354, -34.595314051366223 ], [ -58.364065518347708, -34.59531407031465 ], [ -58.364064421733211, -34.595314093761274 ], [ -58.364063336014922, -34.595314120822465 ], [ -58.364062239389717, -34.595314153283255 ], [ -58.364061153657467, -34.595314192062943 ], [ -58.36406006792307, -34.595314232645372 ], [ -58.364058982182229, -34.59531427863638 ], [ -58.364057885534521, -34.595314330027037 ], [ -58.364056799784038, -34.595314384130823 ], [ -58.364055714024985, -34.595314445445958 ], [ -58.364054628263766, -34.595314508563916 ], [ -58.364053542495064, -34.595314577991843 ], [ -58.364052456720998, -34.595314651926877 ], [ -58.364051370944757, -34.595314727664714 ], [ -58.364050285159962, -34.595314810613893 ], [ -58.364049199369816, -34.595314898070235 ], [ -58.36404811357535, -34.595314989132241 ], [ -58.364047027777687, -34.595315082898473 ], [ -58.364045941971455, -34.595315183876068 ], [ -58.364044865971309, -34.595315288467354 ], [ -58.364043780155399, -34.595315397557734 ], [ -58.364042694334145, -34.595315511155256 ], [ -58.364041619407956, -34.59531562926869 ], [ -58.364040544476396, -34.595315751889267 ], [ -58.364039458640121, -34.595315878106611 ], [ -58.364038382607788, -34.595316009740479 ], [ -58.364037307661256, -34.595316144980913 ], [ -58.364036232708251, -34.595316285629892 ], [ -58.364035146850505, -34.595316429875631 ], [ -58.364034081696104, -34.595316580448213 ], [ -58.364033006728086, -34.595316733717013 ], [ -58.364031930664659, -34.595316891492054 ], [ -58.36403085568589, -34.595317053775091 ], [ -58.364029791603301, -34.595317219672687 ], [ -58.364028715521648, -34.595317392771882 ], [ -58.364027651427243, -34.59531756858506 ], [ -58.364026575338045, -34.595317747994187 ], [ -58.364025511233983, -34.595317931920171 ], [ -58.36402444603452, -34.59531812035236 ], [ -58.364023381917583, -34.595318315095376 ], [ -58.364022316707377, -34.595318512541759 ], [ -58.36402125258185, -34.595318714496166 ], [ -58.364020198262445, -34.59531892006418 ], [ -58.364019133033999, -34.595319132834724 ], [ -58.364018079793901, -34.595319347417835 ], [ -58.364017014557895, -34.595319566498311 ], [ -58.364015960215951, -34.595319790996164 ], [ -58.364014906960833, -34.595320018199153 ], [ -58.364013852605972, -34.595320253514075 ], [ -58.364012809150545, -34.595320489739272 ], [ -58.364011754788159, -34.595320731364069 ], [ -58.364010700421524, -34.595320976594607 ], [ -58.364009656948909, -34.595321227242508 ], [ -58.364008613471952, -34.595321481496093 ], [ -58.364007569989631, -34.595321740256786 ], [ -58.364006526501981, -34.595322003524572 ], [ -58.364005483008953, -34.59532227129948 ], [ -58.3640044504142, -34.595322540886038 ], [ -58.364003406910406, -34.595322817675111 ], [ -58.364002374301698, -34.595323098980195 ], [ -58.364001341688706, -34.595323383890936 ], [ -58.364000307982444, -34.595323671505028 ], [ -58.363999275358715, -34.595323965429976 ], [ -58.363998242731753, -34.595324262059144 ], [ -58.363997220997739, -34.595324565007189 ], [ -58.36399618727107, -34.595324869748254 ], [ -58.363995165529488, -34.595325179006196 ], [ -58.363994142692547, -34.595325492770364 ], [ -58.363993131839621, -34.59532581195279 ], [ -58.363992108992996, -34.59532613382973 ], [ -58.363991098130441, -34.595326461124941 ], [ -58.363990075271971, -34.595326792917525 ], [ -58.363989063309695, -34.59532712832462 ], [ -58.363988062244587, -34.595327466444843 ], [ -58.36398705136056, -34.59532781176847 ], [ -58.363986050284744, -34.595328158902944 ], [ -58.363985038300953, -34.595328512338455 ], [ -58.363984037215481, -34.595328867585657 ], [ -58.36398303612355, -34.595329228241397 ], [ -58.363982045927784, -34.595329592511696 ], [ -58.36398104482619, -34.595329961280228 ], [ -58.363980054621813, -34.595330332761861 ], [ -58.363979064409911, -34.595330710553469 ], [ -58.363978074195892, -34.595331090147894 ], [ -58.363977093786872, -34.595331474257414 ], [ -58.36397611446251, -34.595331862874943 ], [ -58.363975124231274, -34.595332256892085 ], [ -58.36397415470767, -34.595332653630365 ], [ -58.363973175367214, -34.595333055769196 ], [ -58.363972194934547, -34.595333459709934 ], [ -58.363971226485951, -34.595333869068973 ], [ -58.363970256942999, -34.595334282032823 ], [ -58.363969298295132, -34.595334699512627 ], [ -58.363968328742502, -34.59533512058924 ], [ -58.363967370087089, -34.595335544378969 ], [ -58.36396641251315, -34.595335975380976 ], [ -58.363965452756958, -34.595336408184053 ], [ -58.363964506075916, -34.595336845504875 ], [ -58.363963546312206, -34.595337284617862 ], [ -58.363962599620422, -34.595337730952892 ], [ -58.363961651836433, -34.595338179089843 ], [ -58.363960713857487, -34.59533863174191 ], [ -58.363959776963227, -34.595339088901945 ], [ -58.363958840066786, -34.59533954786486 ], [ -58.363957902071725, -34.595340014038186 ], [ -58.363956976065012, -34.595340482024149 ], [ -58.363956038065631, -34.595340951803188 ], [ -58.363955112048139, -34.595341428803344 ], [ -58.363954195838907, -34.59534190761434 ], [ -58.363953269813912, -34.595342390924408 ], [ -58.36395235359393, -34.595342878749619 ], [ -58.363951437370744, -34.595343369279057 ], [ -58.363950532040484, -34.595343866127337 ], [ -58.363949626711239, -34.595344362074201 ], [ -58.363948721373433, -34.595344865232377 ], [ -58.3639478160324, -34.595345371094865 ], [ -58.363946921587527, -34.59534588057187 ], [ -58.363946026046136, -34.595346395456538 ], [ -58.363945131592658, -34.595346912144933 ], [ -58.363944237134874, -34.59534743243897 ], [ -58.36394335248103, -34.595347958149567 ], [ -58.363942468915077, -34.595348485663855 ], [ -58.363941584254775, -34.595349016782968 ], [ -58.363940710488492, -34.595349553319451 ], [ -58.363939837810101, -34.595350091659689 ], [ -58.363938964036272, -34.595350634506119 ], [ -58.36393810115969, -34.595351180065691 ], [ -58.363937237188722, -34.59535172923006 ], [ -58.363936375392484, -34.595352282903292 ], [ -58.363935522310165, -34.595352841992167 ], [ -58.363934660506409, -34.595353401975352 ], [ -58.363933818320206, -34.595353964678772 ], [ -58.363932966318231, -34.595354531881298 ], [ -58.36393212521137, -34.595355103599822 ], [ -58.363931283012249, -34.595355677120288 ], [ -58.363930452798293, -34.595356255157625 ], [ -58.363929609498406, -34.595356837691391 ], [ -58.363928789086224, -34.595357422948084 ], [ -58.363927959951518, -34.595358010000517 ], [ -58.3639271395297, -34.595358603369966 ], [ -58.363926319107833, -34.595359196739452 ], [ -58.363925498680587, -34.595359794616023 ], [ -58.363924689148419, -34.595360397008534 ], [ -58.363923879614099, -34.595361001203941 ], [ -58.36392307988374, -34.595361610815843 ], [ -58.363922281242353, -34.595362221330042 ], [ -58.363921482594485, -34.595362837252772 ], [ -58.363920693754899, -34.595363454986334 ], [ -58.363919903819884, -34.595364077226101 ], [ -58.36391911715284, -34.5953647012714 ], [ -58.363918328299249, -34.595365330723389 ], [ -58.363917550345043, -34.595365961085733 ], [ -58.363916783284843, -34.595366596865489 ], [ -58.363916004231982, -34.595367234438257 ], [ -58.363915249154708, -34.595367876537694 ], [ -58.363914482086969, -34.595368518627339 ], [ -58.363913725912141, -34.595369167035855 ], [ -58.36391296864403, -34.595369818147717 ], [ -58.363912212463831, -34.595370471063298 ], [ -58.363911466091857, -34.59537112578969 ], [ -58.363910731703953, -34.595371785934404 ], [ -58.363909985321214, -34.595372449675033 ], [ -58.363909249835743, -34.595373116128805 ], [ -58.363908525248547, -34.59537378439429 ], [ -58.363907800658126, -34.595374455364031 ], [ -58.363907076063398, -34.59537512993947 ], [ -58.363906351465445, -34.595375807219163 ], [ -58.363905637762549, -34.595376489014839 ], [ -58.363904933867936, -34.595377172621305 ], [ -58.363904220159675, -34.595377858924117 ], [ -58.363903516256421, -34.595378549741966 ], [ -58.363902824341523, -34.595379242372452 ], [ -58.363902130244405, -34.595379936804008 ], [ -58.363901438324113, -34.595380633941595 ], [ -58.363900757298907, -34.595381335595114 ], [ -58.363900074091461, -34.595382039049738 ], [ -58.363899393060876, -34.595382745210436 ], [ -58.363898721836392, -34.595383454984749 ], [ -58.363898060419089, -34.59538416747133 ], [ -58.363897389188153, -34.595384882654209 ], [ -58.363896728855508, -34.595385599648772 ], [ -58.363896077237868, -34.595386321157555 ], [ -58.363895426711295, -34.595387041765825 ], [ -58.363894778355174, -34.595387770488628 ], [ -58.363894138720461, -34.595388498317142 ], [ -58.363893499083616, -34.595389227948466 ], [ -58.363892870340777, -34.595389962997238 ], [ -58.363892241596844, -34.595390698947377 ], [ -58.363891611758547, -34.595391438502354 ], [ -58.36389099281859, -34.59539217986903 ], [ -58.363890376056517, -34.595392923040336 ], [ -58.36388976801269, -34.595393668021558 ], [ -58.363889159962405, -34.595394418411317 ], [ -58.36388856390046, -34.595395170613713 ], [ -58.363887966746333, -34.595395924618032 ], [ -58.363887369591126, -34.595396679523773 ], [ -58.363886783329875, -34.595397439846934 ], [ -58.363886197067593, -34.595398201071539 ], [ -58.363885621703574, -34.595398964107837 ], [ -58.36388504524632, -34.5953997298475 ], [ -58.363884469874776, -34.595400499193744 ], [ -58.36388390431258, -34.595401269449411 ], [ -58.363883350736593, -34.595402043320497 ], [ -58.363882796069468, -34.595402818092126 ], [ -58.363882241398024, -34.595403596469474 ], [ -58.363881697623803, -34.595404377559937 ], [ -58.363881153850691, -34.595405157748992 ], [ -58.363880620971557, -34.595405943355438 ], [ -58.363880088090276, -34.595406730764729 ], [ -58.363879555208975, -34.595407518174021 ], [ -58.363879032132701, -34.595408310098442 ], [ -58.363878519956913, -34.595409102031688 ], [ -58.363878008865782, -34.595409898472951 ], [ -58.363877495592412, -34.595410696715312 ], [ -58.363876995399579, -34.595411494968275 ], [ -58.363876494111295, -34.595412297727485 ], [ -58.36387600372349, -34.595413100495577 ], [ -58.363875512242416, -34.595413905967028 ], [ -58.363875031659639, -34.5954147132502 ], [ -58.363874553254789, -34.595415522338008 ], [ -58.36387407266664, -34.595416334128288 ], [ -58.363873602976774, -34.595417147730302 ], [ -58.36387314418414, -34.595417964045481 ], [ -58.363872685389381, -34.595418782163478 ], [ -58.363872227683579, -34.595419601183757 ], [ -58.363871619209768, -34.595420706733634 ], [ -58.363443874273784, -34.595324772882883 ], [ -58.36302834143234, -34.595231574428148 ], [ -58.361483097851107, -34.595132896250064 ], [ -58.361245076454395, -34.595280398921091 ], [ -58.361270335327553, -34.595289376500567 ], [ -58.361512123878249, -34.595172265828246 ], [ -58.363036552650613, -34.595285327624595 ], [ -58.363341670021562, -34.595360524546919 ], [ -58.363847913994867, -34.595486076376481 ], [ -58.363442936524955, -34.596602783383013 ], [ -58.363421748381413, -34.59666429173523 ], [ -58.363421464988797, -34.59666427167199 ], [ -58.363214111428562, -34.596647425460432 ], [ -58.363015133206815, -34.596625797423513 ], [ -58.362787343646986, -34.596577910332726 ], [ -58.362487482163608, -34.596506111655316 ], [ -58.36194557048033, -34.596255236750579 ], [ -58.361109649075495, -34.595868166422882 ], [ -58.361110038707814, -34.595867139063003 ], [ -58.361104092199497, -34.595864428978174 ], [ -58.361102036415495, -34.595863492481207 ], [ -58.361123785201812, -34.595830520428954 ], [ -58.361124117193455, -34.595830017713112 ], [ -58.361106102026994, -34.595821892528079 ], [ -58.360933766694011, -34.595744170038671 ], [ -58.360916532534105, -34.595772603385939 ], [ -58.360912704643276, -34.595770737007591 ], [ -58.360912663977771, -34.595770794590571 ], [ -58.360474541474233, -34.595559351777361 ], [ -58.360432839572226, -34.595540454247228 ], [ -58.360388067122344, -34.595520165249823 ], [ -58.360354785565811, -34.595482163104364 ], [ -58.360338068871513, -34.595472943029606 ], [ -58.360334483220392, -34.595470988006198 ], [ -58.360333536936395, -34.595468346072565 ], [ -58.360323397951916, -34.595436996820446 ], [ -58.36033521523229, -34.595345059876408 ], [ -58.360371033943338, -34.595222397451536 ], [ -58.360365439481107, -34.595159054266155 ], [ -58.360342262072834, -34.595110328333348 ], [ -58.360377882175861, -34.595082212029162 ], [ -58.361103439856102, -34.595127600813271 ], [ -58.361103466490967, -34.59510585148152 ], [ -58.360370181595115, -34.595052777801392 ], [ -58.360315359783677, -34.595076758116406 ], [ -58.360283668071865, -34.595048320299547 ], [ -58.360230681327501, -34.59502253452947 ], [ -58.360230392477717, -34.595022525271254 ], [ -58.360226512070284, -34.595022403163405 ], [ -58.360182235184048, -34.595021009858975 ], [ -58.360132581435479, -34.595016710470553 ], [ -58.360061271539763, -34.594998540579319 ], [ -58.359862991990767, -34.594998372670176 ], [ -58.359518205463516, -34.59497004838471 ], [ -58.359307695228075, -34.59494840359153 ], [ -58.359204044770877, -34.59494713074784 ], [ -58.358860872964726, -34.594920602518229 ], [ -58.358759344560774, -34.594934360534189 ], [ -58.358725346735426, -34.594951308799615 ], [ -58.358694151899087, -34.594961766510458 ], [ -58.358661461945829, -34.594968405406007 ], [ -58.358627958329244, -34.594971087250563 ], [ -58.358594335479971, -34.59496975675107 ], [ -58.358571995649761, -34.594964086561575 ], [ -58.358550401384498, -34.5949567006991 ], [ -58.358485543889273, -34.594929813259483 ], [ -58.358265498628477, -34.594916605710644 ], [ -58.35779591189943, -34.59488841939018 ], [ -58.357641476837657, -34.594879149231488 ], [ -58.357068123347553, -34.594844730010188 ], [ -58.356547210296334, -34.5948134575805 ], [ -58.355827492031807, -34.594770245334452 ], [ -58.35494423244176, -34.594717208767385 ], [ -58.354149175094832, -34.594669463069387 ], [ -58.353810280615768, -34.594720634312928 ], [ -58.353736956635146, -34.5947317055792 ], [ -58.350964857912153, -34.595150238803868 ], [ -58.350941153113112, -34.595191239821332 ], [ -58.350953829267958, -34.595201745854318 ], [ -58.350956829112945, -34.595194682463699 ], [ -58.350957879632169, -34.595192208926363 ], [ -58.354117449274753, -34.594707161932618 ], [ -58.354125755818892, -34.594707668466555 ], [ -58.354159320845667, -34.594709715259683 ], [ -58.354650256940026, -34.594739639793865 ], [ -58.356588834547935, -34.594857788096412 ], [ -58.356675931795124, -34.594863095185467 ], [ -58.356685018144773, -34.594863272591908 ], [ -58.356694038136304, -34.594864198120511 ], [ -58.356707385360615, -34.594867008697591 ], [ -58.356720065574748, -34.594871452970011 ], [ -58.356731790047753, -34.594877429726523 ], [ -58.356742288625313, -34.594884801715203 ], [ -58.356743163541594, -34.594885634789364 ], [ -58.356744174283108, -34.594886597192996 ], [ -58.356797105257904, -34.594915879243622 ], [ -58.356852738786486, -34.59494150475394 ], [ -58.356825218536294, -34.594936359762244 ], [ -58.356797115572633, -34.594934274585839 ], [ -58.356768926904628, -34.594935285715167 ], [ -58.356756402318815, -34.594956639400138 ], [ -58.35673071146801, -34.594963202760994 ], [ -58.356706229381906, -34.594972394819528 ], [ -58.356578986398375, -34.595013486734999 ], [ -58.356488933776454, -34.595034505902262 ] ] ] } },
{ "type": "Feature", "properties": { "id": 30, "objeto": "BARRIO", "nombre": "Saavedra", "comuna": 12, "perimetro_": 11132.14, "area_metro": 5538677.36 }, "geometry": { "type": "Polygon", "coordinates": [ [ [ -58.473587593049267, -34.553540261146637 ], [ -58.473930469391817, -34.553731222128256 ], [ -58.474253429806623, -34.55391218347193 ], [ -58.475177456231016, -34.554429926754722 ], [ -58.476081658776067, -34.554936536932367 ], [ -58.476991832545984, -34.555446520059832 ], [ -58.477911295697339, -34.555961636997857 ], [ -58.47881808661473, -34.556469635401562 ], [ -58.479355508843312, -34.556770699067449 ], [ -58.479722418289512, -34.556976288735221 ], [ -58.480526903824732, -34.557426962613128 ], [ -58.480629486221773, -34.557484484494267 ], [ -58.480806644415324, -34.557583828224317 ], [ -58.481537416038584, -34.557992251472498 ], [ -58.482447486077334, -34.558500785646046 ], [ -58.483408731670657, -34.559037755461716 ], [ -58.483560693641742, -34.559110690163635 ], [ -58.483701673865539, -34.559178414451203 ], [ -58.484351071715203, -34.559490141686972 ], [ -58.48498986927266, -34.559796817533027 ], [ -58.485018862345136, -34.559810736744105 ], [ -58.485166825545761, -34.559881275052945 ], [ -58.485301934615897, -34.559945618178254 ], [ -58.486255871577896, -34.56040024110969 ], [ -58.486389538439788, -34.560463945986889 ], [ -58.487175337948493, -34.560833455276402 ], [ -58.487320751224381, -34.560901808201429 ], [ -58.488131851900164, -34.561293274131124 ], [ -58.488275186963207, -34.561362490806182 ], [ -58.488292931544315, -34.561371059757164 ], [ -58.488310373108007, -34.561379257379258 ], [ -58.489087180559636, -34.56174435357017 ], [ -58.489277549946557, -34.561833822322285 ], [ -58.490044054714708, -34.562201974935533 ], [ -58.490401300243214, -34.562373590257295 ], [ -58.490518877382435, -34.562429973664642 ], [ -58.49099191533611, -34.562656984780332 ], [ -58.49183468141706, -34.561448031496738 ], [ -58.491930739855057, -34.561308006388778 ], [ -58.492884303882185, -34.561763774596912 ], [ -58.494130082809818, -34.562359112914159 ], [ -58.494289297654475, -34.562435623675846 ], [ -58.4954177713456, -34.562977527429815 ], [ -58.496593514047788, -34.563542083236072 ], [ -58.496823232055938, -34.563652374973614 ], [ -58.497860888834857, -34.564152378060228 ], [ -58.497991416799181, -34.564215300359066 ], [ -58.499053099727547, -34.564727117669655 ], [ -58.499140033432703, -34.564768994142909 ], [ -58.499713072134483, -34.565047352189183 ], [ -58.500235534411502, -34.565297199872305 ], [ -58.500862732174618, -34.565600043207873 ], [ -58.501438165146027, -34.565877828985464 ], [ -58.501877533331097, -34.566089948259417 ], [ -58.501998615869375, -34.566148784868211 ], [ -58.502560688454743, -34.566422203046905 ], [ -58.502712254863773, -34.566495887364638 ], [ -58.50333223675382, -34.56679977674861 ], [ -58.503957415613932, -34.567106196049885 ], [ -58.504094778367154, -34.567177698311838 ], [ -58.504101409663512, -34.567181150365037 ], [ -58.504241315578746, -34.567254062344844 ], [ -58.504657538511744, -34.567458433355554 ], [ -58.505072145999534, -34.56766202916625 ], [ -58.505208645363773, -34.567729096342553 ], [ -58.506263013845391, -34.56824740200004 ], [ -58.507316799153394, -34.568765347155001 ], [ -58.508418093024993, -34.569306629699149 ], [ -58.508604690846106, -34.569398340276557 ], [ -58.508818013763744, -34.569515234586383 ], [ -58.509040472963434, -34.570003427342698 ], [ -58.509233492883148, -34.569913431223306 ], [ -58.509254522260626, -34.569903624798137 ], [ -58.509312121449177, -34.569854384291354 ], [ -58.509394559773995, -34.569783907579492 ], [ -58.509484209538691, -34.569707266830143 ], [ -58.509522005772276, -34.569674954398138 ], [ -58.50957347047401, -34.569621444226819 ], [ -58.509676604426495, -34.569514210101822 ], [ -58.509685806940155, -34.569504241330492 ], [ -58.509804848066665, -34.569375294688498 ], [ -58.509844880452924, -34.56931622514783 ], [ -58.509851116079389, -34.569307023707871 ], [ -58.509874864147605, -34.569271983394458 ], [ -58.509875293139181, -34.569271350429027 ], [ -58.509812007794288, -34.569137156588312 ], [ -58.509396903438798, -34.56825693260604 ], [ -58.506365627502895, -34.561828532355975 ], [ -58.505786977469327, -34.560601272966743 ], [ -58.504943692529018, -34.558812678938274 ], [ -58.504905288500566, -34.558731222624509 ], [ -58.50445421600493, -34.557774468481448 ], [ -58.503955852881234, -34.556717380216838 ], [ -58.503576505135747, -34.555912718481835 ], [ -58.502921746349301, -34.554523823094414 ], [ -58.502130446616022, -34.552845225868616 ], [ -58.502001481503981, -34.552571643113467 ], [ -58.501879819010121, -34.552313550054315 ], [ -58.501727043225387, -34.55198945126142 ], [ -58.501497961312097, -34.551503471419856 ], [ -58.501393771796998, -34.551282439267482 ], [ -58.501311118617188, -34.551107094635285 ], [ -58.500996823148654, -34.550440325064365 ], [ -58.50084360666343, -34.550115276139167 ], [ -58.50073623666362, -34.549887488945053 ], [ -58.500674075607201, -34.549755612549021 ], [ -58.50067243872838, -34.549752139859365 ], [ -58.50055206560144, -34.549496762822969 ], [ -58.500551668790834, -34.549495920968496 ], [ -58.500551556547826, -34.549495871435973 ], [ -58.500522280583382, -34.549482952032655 ], [ -58.498281981761934, -34.548494281509548 ], [ -58.497512901436188, -34.548154862300272 ], [ -58.497512507099991, -34.548154688265413 ], [ -58.497463883537996, -34.548133228909848 ], [ -58.496449929473997, -34.547685727152633 ], [ -58.496449533841563, -34.547685552540329 ], [ -58.495933441934049, -34.547457773782973 ], [ -58.495933046303776, -34.547457599169 ], [ -58.495420901390027, -34.547231559034046 ], [ -58.495092385527492, -34.547086564661377 ], [ -58.495087956276514, -34.547084609749412 ], [ -58.495015813710637, -34.547052768581892 ], [ -58.495013556086477, -34.547051772145664 ], [ -58.49501138446324, -34.547050813667148 ], [ -58.495009126839186, -34.547049817230793 ], [ -58.495003818188458, -34.547047474177717 ], [ -58.494999388941608, -34.547045519262511 ], [ -58.494979672788197, -34.547036817236524 ], [ -58.494975243542477, -34.547034862320423 ], [ -58.494913114593906, -34.547007440721877 ], [ -58.494908685351298, -34.547005485803382 ], [ -58.494852153623427, -34.546980534580698 ], [ -58.494811295885022, -34.54696250121637 ], [ -58.494806866652233, -34.546960546286272 ], [ -58.494696968878984, -34.546912040635256 ], [ -58.494302438814437, -34.546737905129476 ], [ -58.49429453934949, -34.546734418486665 ], [ -58.494110771325708, -34.546653307265622 ], [ -58.493481048588507, -34.546375357930174 ], [ -58.493422703696687, -34.546349604906482 ], [ -58.493400212624081, -34.546339677493982 ], [ -58.493050338894236, -34.546185244676032 ], [ -58.49300101819054, -34.546163475297902 ], [ -58.49297852575647, -34.546153547483001 ], [ -58.492871466469694, -34.546106293069059 ], [ -58.492503912137892, -34.545944058235726 ], [ -58.492495439115352, -34.545940318215258 ], [ -58.492487092180639, -34.545936633849472 ], [ -58.49247090226028, -34.545929487560208 ], [ -58.492462569066817, -34.545925809257234 ], [ -58.491993111698847, -34.545718587561836 ], [ -58.491970620096502, -34.545708659543344 ], [ -58.491483733905547, -34.545493741505069 ], [ -58.491461243272077, -34.545483813766587 ], [ -58.490877067415958, -34.545225946575968 ], [ -58.490854575625967, -34.545216018151152 ], [ -58.490467192875926, -34.545045016931972 ], [ -58.490282700873109, -34.544963576965223 ], [ -58.490260209647992, -34.544953648674976 ], [ -58.489287030649876, -34.544524052512251 ], [ -58.489264539661157, -34.544514124037754 ], [ -58.488029925389363, -34.543969103035565 ], [ -58.488007435546983, -34.543959174702806 ], [ -58.487701453297518, -34.543824095581101 ], [ -58.487154891784463, -34.543582806705615 ], [ -58.487137294123514, -34.543575037864656 ], [ -58.487114803196121, -34.543565108787078 ], [ -58.486600960758771, -34.543338260811474 ], [ -58.486583363110647, -34.543330492030094 ], [ -58.486583056959894, -34.543330356874613 ], [ -58.486560872312957, -34.543320562852827 ], [ -58.486057980233731, -34.543098545629306 ], [ -58.48589181706371, -34.543025187117884 ], [ -58.485869327728047, -34.543015258391016 ], [ -58.485157821584153, -34.542701135024274 ], [ -58.485135331574888, -34.542691205787321 ], [ -58.484384888978781, -34.542359885051667 ], [ -58.484362400000869, -34.542349956046053 ], [ -58.483650557765422, -34.542035670473659 ], [ -58.483580277206059, -34.542004640536902 ], [ -58.483557787571719, -34.541994711007575 ], [ -58.482581539944768, -34.541563675954542 ], [ -58.482559051395377, -34.541553746614802 ], [ -58.481961550500273, -34.541289930440946 ], [ -58.4819390620981, -34.541280000986553 ], [ -58.481447115912388, -34.541062787071098 ], [ -58.481424626784474, -34.541052857147179 ], [ -58.481245647725444, -34.540973829909127 ], [ -58.480863616304049, -34.540805144729113 ], [ -58.480782080702241, -34.540769142449101 ], [ -58.480759592599014, -34.540759212747218 ], [ -58.480745194589488, -34.54075285525154 ], [ -58.479752093277078, -34.540314343047292 ], [ -58.479749779260771, -34.540313321259184 ], [ -58.479677116228771, -34.540281235787525 ], [ -58.479509696708156, -34.54020730888201 ], [ -58.479266705955638, -34.540100011064482 ], [ -58.4791282912988, -34.540038890958506 ], [ -58.479055628312054, -34.540006804882985 ], [ -58.47860496278259, -34.539807801246333 ], [ -58.478135156704411, -34.53960034321053 ], [ -58.478121569523658, -34.539594343310064 ], [ -58.478062494524863, -34.539568256471426 ], [ -58.477849929960676, -34.539474390037668 ], [ -58.477469987539209, -34.539306610704308 ], [ -58.477415946163845, -34.539282746486016 ], [ -58.47734328351568, -34.539250659210481 ], [ -58.476091375397857, -34.538697815375158 ], [ -58.476055500950125, -34.538681972886678 ], [ -58.476027215356098, -34.538669481694647 ], [ -58.476025107370042, -34.538668550787193 ], [ -58.475982839345761, -34.538649884798254 ], [ -58.475954554668476, -34.538637392988811 ], [ -58.475907967739957, -34.538699038602807 ], [ -58.47584686857838, -34.538779886183441 ], [ -58.475762200177378, -34.538891922067087 ], [ -58.475681285673829, -34.538998989720056 ], [ -58.475546171768052, -34.53917777344715 ], [ -58.475488180214739, -34.539254509101177 ], [ -58.475453480201736, -34.539300424270031 ], [ -58.4754205521294, -34.539343995530864 ], [ -58.474928859632094, -34.539994599222432 ], [ -58.474357491867814, -34.54076664442551 ], [ -58.473787814837756, -34.541536502545149 ], [ -58.473237528893321, -34.542280158943946 ], [ -58.472693444859516, -34.543015361380469 ], [ -58.472095485006015, -34.543823383683375 ], [ -58.471538616104155, -34.544575976618454 ], [ -58.47101416013939, -34.54528560539832 ], [ -58.470432507103752, -34.546072632022756 ], [ -58.469941135952872, -34.5467220421368 ], [ -58.469402352148407, -34.547417086591963 ], [ -58.469130617012354, -34.547767672422545 ], [ -58.468977065615306, -34.547960334234205 ], [ -58.468849517166312, -34.548120370105252 ], [ -58.468669233462691, -34.548353545707613 ], [ -58.46855471310996, -34.54849032108433 ], [ -58.468510203325543, -34.54854616929439 ], [ -58.468227566606252, -34.548900837894912 ], [ -58.468190970588012, -34.54894654457668 ], [ -58.468374652203877, -34.549082314987778 ], [ -58.469304290139611, -34.549587989487215 ], [ -58.470158951485082, -34.550060772429873 ], [ -58.471009196879663, -34.550531155433973 ], [ -58.471865069453564, -34.551004559988378 ], [ -58.472705033510103, -34.551469227582494 ], [ -58.473574289783187, -34.551950084689786 ], [ -58.474437341151727, -34.55242741425036 ], [ -58.473587593049267, -34.553540261146637 ] ] ] } },
{ "type": "Feature", "properties": { "id": 31, "objeto": "BARRIO", "nombre": "San Cristobal", "comuna": 3, "perimetro_": 5987.23, "area_metro": 2043711.31 }, "geometry": { "type": "Polygon", "coordinates": [ [ [ -58.391174186861434, -34.627257398001589 ], [ -58.391174906560209, -34.627257405700057 ], [ -58.391624968618203, -34.627262219097631 ], [ -58.392163600693564, -34.627267977564678 ], [ -58.392163774075762, -34.627267979468641 ], [ -58.392298807659401, -34.627291954741139 ], [ -58.393210378519406, -34.627453798846737 ], [ -58.394297107675023, -34.62764681444721 ], [ -58.394468024511887, -34.627677157481138 ], [ -58.395055657633797, -34.627781478570135 ], [ -58.395349684587956, -34.627833675304288 ], [ -58.395412776737729, -34.627844804282191 ], [ -58.395486523615133, -34.627857812628321 ], [ -58.396742066700696, -34.628079272695089 ], [ -58.396811136391257, -34.628091455170676 ], [ -58.396869826154692, -34.628101909344501 ], [ -58.39843665421985, -34.62838155310957 ], [ -58.39852144791535, -34.628396686107038 ], [ -58.398598161218764, -34.628410376997714 ], [ -58.399734197823783, -34.628544357150496 ], [ -58.399910536789726, -34.628565152689887 ], [ -58.400846825143383, -34.628668523535069 ], [ -58.401104856314284, -34.628697670222607 ], [ -58.401244996696477, -34.628713488471725 ], [ -58.401674567722303, -34.628761975856641 ], [ -58.401919153838428, -34.628789582560138 ], [ -58.40238964585852, -34.628842686080453 ], [ -58.403546744355815, -34.628973330328975 ], [ -58.405457757753638, -34.629188972008535 ], [ -58.405649516279027, -34.629210612091768 ], [ -58.406507854453281, -34.629307454769389 ], [ -58.406516984433729, -34.629308484832904 ], [ -58.406729030584579, -34.629332424709439 ], [ -58.406755000787619, -34.629335356702676 ], [ -58.408368124678368, -34.629520391463203 ], [ -58.409430080309555, -34.629780304908437 ], [ -58.409585416911362, -34.629819810449277 ], [ -58.409700149052512, -34.629848989340225 ], [ -58.409872511272987, -34.629892824294686 ], [ -58.410037423876872, -34.629932474074728 ], [ -58.410053806103214, -34.629936488822402 ], [ -58.410209451756451, -34.629974632350454 ], [ -58.410521940409403, -34.630051212130375 ], [ -58.410830810934428, -34.630126904941484 ], [ -58.410979156344069, -34.630163257946855 ], [ -58.411057295247993, -34.63018240674883 ], [ -58.411584760881418, -34.630311665151517 ], [ -58.411782811125846, -34.630360270483472 ], [ -58.411789357162007, -34.630240721800689 ], [ -58.411845798928844, -34.629210003027929 ], [ -58.411877679472084, -34.628628390876699 ], [ -58.411934547500877, -34.627590727441046 ], [ -58.411965941614703, -34.627017839734393 ], [ -58.411975190144261, -34.626849070161711 ], [ -58.411993826013877, -34.62650905035494 ], [ -58.412068696783834, -34.625142658410667 ], [ -58.412097595669231, -34.624973795167413 ], [ -58.412130169767927, -34.624782680130977 ], [ -58.412223252751012, -34.62399714621592 ], [ -58.41233697069864, -34.623037464806508 ], [ -58.412045407018397, -34.622979384112405 ], [ -58.412359916674454, -34.62187316459169 ], [ -58.412440324181567, -34.62188798772624 ], [ -58.412547393108532, -34.620646961035654 ], [ -58.410815418074428, -34.620340872361083 ], [ -58.410522753056377, -34.620289125412391 ], [ -58.410082658913517, -34.620198439824435 ], [ -58.409255704754877, -34.620028074879393 ], [ -58.407784077634894, -34.61972480483476 ], [ -58.406390991105255, -34.61943775039714 ], [ -58.405038965710126, -34.619159151368649 ], [ -58.403516778194955, -34.618844889469777 ], [ -58.402250581114757, -34.618760459210897 ], [ -58.400984219525142, -34.618672000803144 ], [ -58.400298015448861, -34.618624111985199 ], [ -58.400043327989216, -34.618608205344714 ], [ -58.399246984736742, -34.618558353261761 ], [ -58.398966997426044, -34.618543557862033 ], [ -58.39751868015059, -34.618467009452687 ], [ -58.395993960504043, -34.618386387698486 ], [ -58.394500248687969, -34.618307385132034 ], [ -58.393203218528434, -34.618238758139064 ], [ -58.39300696497007, -34.618228363621959 ], [ -58.392297657961826, -34.61819356279188 ], [ -58.392032338931855, -34.618180543922506 ], [ -58.391701417107221, -34.61816380098751 ], [ -58.391670360127257, -34.619113934786 ], [ -58.391627065042677, -34.620229134541923 ], [ -58.391614867771317, -34.620544060718281 ], [ -58.391614851135095, -34.620544387022242 ], [ -58.391558108999199, -34.621564461750374 ], [ -58.391492866334808, -34.62273831063446 ], [ -58.39146177383774, -34.62342998975501 ], [ -58.391455820479891, -34.623558691721719 ], [ -58.391448460442803, -34.623717781485226 ], [ -58.391435731407483, -34.623992939260198 ], [ -58.391407532888131, -34.62429031959315 ], [ -58.39133337045844, -34.62523303349473 ], [ -58.391246630168041, -34.626337219858407 ], [ -58.391223022062078, -34.626637138433985 ], [ -58.391190639524922, -34.627048461689697 ], [ -58.391174186861434, -34.627257398001589 ] ] ] } },
{ "type": "Feature", "properties": { "id": 32, "objeto": "BARRIO", "nombre": "San Nicolas", "comuna": 1, "perimetro_": 6548.09, "area_metro": 2289007.8 }, "geometry": { "type": "Polygon", "coordinates": [ [ [ -58.367731500922353, -34.606905840430827 ], [ -58.368153696336449, -34.606968961586063 ], [ -58.368805055363254, -34.606831152846347 ], [ -58.369225173573859, -34.606742265657964 ], [ -58.369256250682113, -34.606594326752898 ], [ -58.369371305203614, -34.606528640485791 ], [ -58.36944423760476, -34.606506723569353 ], [ -58.369849851333193, -34.606557388293915 ], [ -58.370195878949787, -34.606578638817204 ], [ -58.370195914200472, -34.606775613775824 ], [ -58.370309065187108, -34.607195564864782 ], [ -58.370634539980614, -34.607398213060534 ], [ -58.370764139764873, -34.607513579729023 ], [ -58.370836607924268, -34.607574556304776 ], [ -58.371093409255131, -34.607790632854602 ], [ -58.371258008397547, -34.607858428609802 ], [ -58.37147358287838, -34.607880610957146 ], [ -58.371481658243916, -34.607881441834749 ], [ -58.371555736213665, -34.60788906318605 ], [ -58.372183235198378, -34.607934101474171 ], [ -58.373172789000648, -34.608005176145781 ], [ -58.373518810887852, -34.608030022925043 ], [ -58.373520518150634, -34.607941912088371 ], [ -58.373520523891806, -34.607941642567738 ], [ -58.373543654372178, -34.607943153240541 ], [ -58.373576138210701, -34.607945274739706 ], [ -58.37411549876861, -34.607980741773169 ], [ -58.374860733659773, -34.608030282780369 ], [ -58.374922028726097, -34.608034357448552 ], [ -58.374978527228947, -34.608038086073847 ], [ -58.374986755579265, -34.608038629276919 ], [ -58.374997227425418, -34.608039325541917 ], [ -58.376193311582192, -34.608118869471269 ], [ -58.376208220310545, -34.608119860860342 ], [ -58.376294872813702, -34.608124960725462 ], [ -58.376404446760432, -34.608131409156265 ], [ -58.376961800339473, -34.608164883379757 ], [ -58.377814142896675, -34.608216068596391 ], [ -58.379222136007208, -34.608302610771418 ], [ -58.37936044837415, -34.608311368661873 ], [ -58.379758595001086, -34.608333510403241 ], [ -58.379811060935317, -34.608336428159284 ], [ -58.379962834644822, -34.608344868263259 ], [ -58.380496425955478, -34.60837454036551 ], [ -58.380717869752004, -34.608381168965231 ], [ -58.380719003512922, -34.608381234634976 ], [ -58.380892038382598, -34.608391216781797 ], [ -58.381313104892108, -34.608417252250682 ], [ -58.381348028985734, -34.60841941118025 ], [ -58.381797375369075, -34.608447247882168 ], [ -58.381975458109849, -34.608462930647619 ], [ -58.382173128240559, -34.608480385752699 ], [ -58.382253975963771, -34.608486720585319 ], [ -58.382692470124596, -34.608521078477551 ], [ -58.383308914356668, -34.608569376684983 ], [ -58.383469112779224, -34.608582580157417 ], [ -58.38361261806849, -34.608594364498281 ], [ -58.383802266362196, -34.608609073207624 ], [ -58.384097721547235, -34.608631987480408 ], [ -58.384712383320995, -34.608679656360927 ], [ -58.384870707958726, -34.608692998309223 ], [ -58.3850682950048, -34.608709604039028 ], [ -58.385989421870946, -34.608771044317642 ], [ -58.38614814409722, -34.608781631019347 ], [ -58.386280495642914, -34.608790306083606 ], [ -58.387231955667673, -34.608861026339113 ], [ -58.387234120704939, -34.608861187240429 ], [ -58.387322428439433, -34.608879551925966 ], [ -58.387485228821582, -34.608901757841899 ], [ -58.387661122356661, -34.608925749260521 ], [ -58.387745706219519, -34.608937905047988 ], [ -58.387747236695546, -34.608938125041028 ], [ -58.387805814475236, -34.60894654271285 ], [ -58.387972679383338, -34.608962815538014 ], [ -58.388177906009737, -34.608982829220921 ], [ -58.388512183506528, -34.609016556625207 ], [ -58.389060223440126, -34.609071824823701 ], [ -58.389176820330555, -34.609083582637965 ], [ -58.389762679943516, -34.60914267014104 ], [ -58.389796870621581, -34.609145075903783 ], [ -58.3905573043983, -34.609198570363347 ], [ -58.391411992454735, -34.609258672591537 ], [ -58.39195611909355, -34.609296932791267 ], [ -58.391956407021986, -34.609292982933326 ], [ -58.391965082244596, -34.609174119435977 ], [ -58.39203798016522, -34.607991399446469 ], [ -58.392046782056468, -34.607856683600275 ], [ -58.392116594997411, -34.606793540442737 ], [ -58.392126431371004, -34.606644600739841 ], [ -58.392198395235049, -34.605651952436361 ], [ -58.392210115485604, -34.605491111427561 ], [ -58.392290813782616, -34.604441002341197 ], [ -58.392391551116624, -34.603160338101695 ], [ -58.392577414768674, -34.602122824662686 ], [ -58.392596773318772, -34.601991707831772 ], [ -58.392751899904162, -34.600940372632536 ], [ -58.392770062932193, -34.600812072001183 ], [ -58.39293533370779, -34.599642149302134 ], [ -58.391557438319246, -34.599569373785421 ], [ -58.39148571447128, -34.599564975020321 ], [ -58.391380049916918, -34.59955849466013 ], [ -58.390144814293919, -34.599477195736895 ], [ -58.389668774147054, -34.599445852706928 ], [ -58.389607389807651, -34.599441795307015 ], [ -58.389484916547239, -34.599433699523075 ], [ -58.389394408874544, -34.599428671591475 ], [ -58.3881519092836, -34.599359645298357 ], [ -58.388118116796093, -34.599357775665162 ], [ -58.387972336366573, -34.59934970817028 ], [ -58.38795629744741, -34.599348820282621 ], [ -58.38686820376445, -34.599297860437282 ], [ -58.38681063487271, -34.599295148942474 ], [ -58.385535983743701, -34.599235468676099 ], [ -58.385476514966719, -34.599232684128715 ], [ -58.384207885084642, -34.599173205664016 ], [ -58.384033477240422, -34.599165134735848 ], [ -58.383880795198067, -34.599158062054002 ], [ -58.382776770594056, -34.599106916537714 ], [ -58.382525804688797, -34.599095271954113 ], [ -58.382093873722127, -34.599075196343684 ], [ -58.381954335801687, -34.59906872042977 ], [ -58.381823519362435, -34.599062648608779 ], [ -58.381667993782052, -34.599055429736239 ], [ -58.381254878478813, -34.599036253446052 ], [ -58.381025543932232, -34.599025536164582 ], [ -58.380289894110909, -34.598997359758478 ], [ -58.379777205211425, -34.598977720370932 ], [ -58.379747115401322, -34.598976567584735 ], [ -58.378284153734533, -34.598914007060564 ], [ -58.37684414220265, -34.598813205122774 ], [ -58.375435149327537, -34.598714574649541 ], [ -58.375373392605198, -34.598710251113168 ], [ -58.374192521224877, -34.598627562475066 ], [ -58.373801311095015, -34.598597924052982 ], [ -58.372799619856465, -34.598522028257534 ], [ -58.3714853216417, -34.598422453344753 ], [ -58.371171095870245, -34.598400253350889 ], [ -58.370950507044981, -34.598390374680775 ], [ -58.369517850036971, -34.598326204083278 ], [ -58.369077897008999, -34.599359013143427 ], [ -58.368636968336041, -34.600440801144437 ], [ -58.36839501939852, -34.601034424917216 ], [ -58.368318881566708, -34.601708036995312 ], [ -58.368191206147749, -34.602837813793798 ], [ -58.368117371775547, -34.603491341863588 ], [ -58.368053031568884, -34.604060822382493 ], [ -58.367926639762125, -34.605179049550706 ], [ -58.367731500922353, -34.606905840430827 ] ] ] } },
{ "type": "Feature", "properties": { "id": 33, "objeto": "BARRIO", "nombre": "San Telmo", "comuna": 1, "perimetro_": 5178.03, "area_metro": 1232270.27 }, "geometry": { "type": "Polygon", "coordinates": [ [ [ -58.363460551945977, -34.625125657716545 ], [ -58.366493153977082, -34.625199647730909 ], [ -58.366493327352224, -34.625199651474141 ], [ -58.367976576732516, -34.6251997631352 ], [ -58.367971146321288, -34.625478213314089 ], [ -58.367982953415456, -34.627001266786586 ], [ -58.367983649604945, -34.627090486984549 ], [ -58.367983768429923, -34.627105775127319 ], [ -58.367950496367932, -34.627146665389162 ], [ -58.368096632250072, -34.627193681217115 ], [ -58.369449745775093, -34.628327418264334 ], [ -58.369579645312342, -34.62845112850141 ], [ -58.369635353670077, -34.628504182043969 ], [ -58.37046442630011, -34.629299049678529 ], [ -58.370663057596708, -34.62949767394926 ], [ -58.370663234060096, -34.62949785076114 ], [ -58.370663270387077, -34.629497533488774 ], [ -58.370663301323887, -34.629497263094891 ], [ -58.370698058887534, -34.629193663144072 ], [ -58.370716899579932, -34.62902846379567 ], [ -58.370716520776696, -34.629000359104644 ], [ -58.370714223546933, -34.628830149850401 ], [ -58.370798673136441, -34.628119502730236 ], [ -58.370921250675273, -34.627088935930416 ], [ -58.370952430627057, -34.626826788399818 ], [ -58.37096825953698, -34.626656473811039 ], [ -58.370968279649027, -34.626656254796785 ], [ -58.370968343695999, -34.626655565262709 ], [ -58.370968387757301, -34.626655092046434 ], [ -58.370968726565039, -34.626651446967983 ], [ -58.370968898853945, -34.626651449802651 ], [ -58.370970194233792, -34.626651523798053 ], [ -58.370970397045475, -34.626651535670007 ], [ -58.371132077392318, -34.626660847000736 ], [ -58.371132249673281, -34.626660857046495 ], [ -58.371277191525962, -34.626669204539894 ], [ -58.371560547170645, -34.626685522716187 ], [ -58.371726106159535, -34.626695057024087 ], [ -58.371726278440669, -34.626695067069015 ], [ -58.372552259555675, -34.626742629323019 ], [ -58.372552431837001, -34.62674263936681 ], [ -58.37279027078344, -34.626756327435338 ], [ -58.372790444157232, -34.626756335676738 ], [ -58.373640275417323, -34.626779006582538 ], [ -58.373640448795143, -34.626779011217089 ], [ -58.373661556180693, -34.626779573890971 ], [ -58.373661729558499, -34.626779578525486 ], [ -58.373870814488143, -34.626785155829786 ], [ -58.373870987865949, -34.626785160464003 ], [ -58.374565451292575, -34.626803691493016 ], [ -58.374565624671412, -34.626803695224837 ], [ -58.37557794412637, -34.627305912484928 ], [ -58.37569712899306, -34.627142686422594 ], [ -58.375698013757294, -34.627141269127335 ], [ -58.375947033167357, -34.626742467428784 ], [ -58.376181235592561, -34.626367390756776 ], [ -58.376181482534882, -34.626366912280055 ], [ -58.376229551963348, -34.62627390311426 ], [ -58.376755531140581, -34.625118560885241 ], [ -58.376997909759659, -34.623952848740132 ], [ -58.377070257089819, -34.623604892825973 ], [ -58.37708783705925, -34.623491806057146 ], [ -58.377108162233654, -34.623361185024535 ], [ -58.377136829885195, -34.62297333833029 ], [ -58.37714931184248, -34.622804460935704 ], [ -58.377203543096435, -34.622070744310278 ], [ -58.377216415711857, -34.62189708963912 ], [ -58.377239559799435, -34.621014630329505 ], [ -58.377239392086864, -34.621011261608295 ], [ -58.377233301097419, -34.620888850014644 ], [ -58.377229545769133, -34.6208128604435 ], [ -58.377270267601965, -34.619819074578977 ], [ -58.377273001841289, -34.619728583032753 ], [ -58.377308539136955, -34.61855817101079 ], [ -58.377311450938059, -34.618460355537309 ], [ -58.377353458198442, -34.617622135345542 ], [ -58.377362998907635, -34.617456857779494 ], [ -58.377430378971397, -34.616298017599718 ], [ -58.377268031423327, -34.61629050887268 ], [ -58.376159624506741, -34.616235285441334 ], [ -58.376032115074089, -34.616227796343715 ], [ -58.375981180647265, -34.616224805043785 ], [ -58.375864314345769, -34.616217889479799 ], [ -58.375863127061365, -34.616217819219543 ], [ -58.375256551974921, -34.616137029508231 ], [ -58.374710919304604, -34.616101282628009 ], [ -58.374538521733456, -34.616092847128002 ], [ -58.374342615908866, -34.6160833377808 ], [ -58.373272702825801, -34.61603938393138 ], [ -58.373132756080366, -34.616034491333401 ], [ -58.372996045257167, -34.616029742493133 ], [ -58.371719352299316, -34.616029987858511 ], [ -58.371722298528411, -34.615984144764603 ], [ -58.370695263978526, -34.615914424395044 ], [ -58.37057006510598, -34.615898836593608 ], [ -58.370349877379944, -34.615866216115151 ], [ -58.370252462744368, -34.61586563615824 ], [ -58.36949915178004, -34.61582524356362 ], [ -58.369146721559659, -34.61579746344978 ], [ -58.368816412634025, -34.615784396199729 ], [ -58.368585079093855, -34.615762802689474 ], [ -58.367573556816211, -34.615689829282744 ], [ -58.366739962535263, -34.615629664213969 ], [ -58.366597705576716, -34.616883510982305 ], [ -58.366456905985444, -34.618124611507596 ], [ -58.366329356674626, -34.619249383183913 ], [ -58.366195779529477, -34.620426615008178 ], [ -58.366072526671026, -34.621513218821732 ], [ -58.365971976520342, -34.622399528967875 ], [ -58.365941696246729, -34.622666438317651 ], [ -58.365935794679835, -34.622735784252932 ], [ -58.365886934434144, -34.623309924569725 ], [ -58.365845301976307, -34.623799120005572 ], [ -58.365791322361119, -34.623991684760583 ], [ -58.365505819922859, -34.623925381329478 ], [ -58.364809060448046, -34.624321744132644 ], [ -58.364158436612335, -34.624691855070701 ], [ -58.363526561608012, -34.624994371474884 ], [ -58.363460551945977, -34.625125657716545 ] ] ] } },
{ "type": "Feature", "properties": { "id": 34, "objeto": "BARRIO", "nombre": "Velez Sarsfield", "comuna": 10, "perimetro_": 7045.58, "area_metro": 2400518.55 }, "geometry": { "type": "Polygon", "coordinates": [ [ [ -58.478546192563442, -34.636998855477707 ], [ -58.48004930294902, -34.637687115507731 ], [ -58.480403866653418, -34.637849461958872 ], [ -58.480819246474177, -34.638039678575289 ], [ -58.481464498969977, -34.638335157853092 ], [ -58.481745870918331, -34.638463990277984 ], [ -58.482882358742252, -34.638984310948501 ], [ -58.483901181511705, -34.639461541481182 ], [ -58.484606679221301, -34.639794944409132 ], [ -58.484880306685056, -34.639924193686866 ], [ -58.485319851746425, -34.640131863685355 ], [ -58.485516787070551, -34.640224927167885 ], [ -58.486065924524716, -34.640483912825154 ], [ -58.486968036464027, -34.640909378210857 ], [ -58.487805817868299, -34.641304498245816 ], [ -58.488231239991912, -34.640967507652022 ], [ -58.48873826676968, -34.640565920186511 ], [ -58.489566859876852, -34.63990883726769 ], [ -58.490059392715537, -34.639518233828909 ], [ -58.490359646230161, -34.639280186380454 ], [ -58.490387347428502, -34.639258229834489 ], [ -58.49091156183308, -34.638848812321186 ], [ -58.491823687088534, -34.638136553482902 ], [ -58.492270884593076, -34.637787360886037 ], [ -58.493319782614797, -34.636968225841315 ], [ -58.493116243656843, -34.636518060342688 ], [ -58.493157479433329, -34.636526196360556 ], [ -58.493661319364442, -34.636625602838329 ], [ -58.493799186646164, -34.636651413868528 ], [ -58.494566026398985, -34.636026002228199 ], [ -58.494760058231712, -34.635873838193817 ], [ -58.495396830550497, -34.635374442212552 ], [ -58.495438380911985, -34.635342354339599 ], [ -58.496310755578804, -34.634668628343292 ], [ -58.497161291555898, -34.633996486793301 ], [ -58.497640467851703, -34.633619447657303 ], [ -58.498314424938236, -34.633089321709129 ], [ -58.49893607919784, -34.632600263252243 ], [ -58.498983407702362, -34.632563008247971 ], [ -58.498985392895264, -34.632561445510419 ], [ -58.499705675489423, -34.631955485391629 ], [ -58.499977093994552, -34.631781354739594 ], [ -58.500548602976266, -34.63200684966391 ], [ -58.50055244666946, -34.632008365575977 ], [ -58.501041827893275, -34.632212583638157 ], [ -58.501537335974547, -34.63183932711727 ], [ -58.501641581256152, -34.631760842205722 ], [ -58.502052006056793, -34.631457892926193 ], [ -58.50216979285203, -34.63137095336527 ], [ -58.50250671395542, -34.631123025947474 ], [ -58.502695380498565, -34.630984227939535 ], [ -58.50317918864198, -34.630628295511038 ], [ -58.504315632272416, -34.629792205968819 ], [ -58.505356585837987, -34.629026209529279 ], [ -58.506304013570627, -34.628329110886213 ], [ -58.507160474101141, -34.62769893991932 ], [ -58.507293237509266, -34.627599313328957 ], [ -58.507177578780833, -34.627501325746024 ], [ -58.505962146879327, -34.626361462605075 ], [ -58.505869072511103, -34.626274170204098 ], [ -58.504761746709654, -34.625233765592469 ], [ -58.504669527859029, -34.625147035354892 ], [ -58.503491746398566, -34.624037416620141 ], [ -58.502697003050393, -34.623647530074379 ], [ -58.501754000074989, -34.623176276198571 ], [ -58.501580687374393, -34.623089498820647 ], [ -58.500269859888867, -34.622433064307145 ], [ -58.499343754877579, -34.621969180914256 ], [ -58.49917300341, -34.62188317365888 ], [ -58.49820080705291, -34.621375562732361 ], [ -58.497856425368688, -34.621648551031896 ], [ -58.497662944172951, -34.621801917266907 ], [ -58.497121329292, -34.622231228899601 ], [ -58.496044980749922, -34.623084349770053 ], [ -58.495507607060688, -34.623510272692343 ], [ -58.494967843825151, -34.623938024621175 ], [ -58.494927050358044, -34.623970359185115 ], [ -58.494201536792211, -34.624545340279191 ], [ -58.49405684213734, -34.624660096814836 ], [ -58.493892558877306, -34.624790561707705 ], [ -58.493355333705374, -34.625217601771055 ], [ -58.492817081532841, -34.625645343696277 ], [ -58.492756528769576, -34.625693458033332 ], [ -58.491741413134065, -34.626500186443124 ], [ -58.491705336571705, -34.626529088919256 ], [ -58.491356450185002, -34.626808588671175 ], [ -58.491095831022911, -34.627015904276625 ], [ -58.490400506132545, -34.627566282940109 ], [ -58.490221897073368, -34.627707657681 ], [ -58.48928619819889, -34.628452375343741 ], [ -58.488234220438002, -34.629289576137168 ], [ -58.488083632014842, -34.62940946749368 ], [ -58.487717976953924, -34.629700459507937 ], [ -58.48694636870912, -34.630314561943713 ], [ -58.486862555038911, -34.630381268670888 ], [ -58.486725932186609, -34.630489958218021 ], [ -58.486028074336289, -34.631045589040696 ], [ -58.485573903180004, -34.631407155803949 ], [ -58.484731906113723, -34.632077524294232 ], [ -58.483716323042536, -34.632888207309335 ], [ -58.483572032407629, -34.63299845852309 ], [ -58.483383573733306, -34.633150863524889 ], [ -58.483109632273845, -34.633386525350708 ], [ -58.482380799136195, -34.633947088857873 ], [ -58.4810071929275, -34.635048855981481 ], [ -58.479927704953042, -34.635914720916077 ], [ -58.479695652445834, -34.636100810239235 ], [ -58.479201388829502, -34.636497288275969 ], [ -58.478905441869216, -34.636734652486325 ], [ -58.478787879770003, -34.636828893495874 ], [ -58.478546192563442, -34.636998855477707 ] ] ] } },
{ "type": "Feature", "properties": { "id": 35, "objeto": "BARRIO", "nombre": "Versalles", "comuna": 10, "perimetro_": 5650.47, "area_metro": 1406833.73 }, "geometry": { "type": "Polygon", "coordinates": [ [ [ -58.521635611222997, -34.624410163269395 ], [ -58.520618217920401, -34.625192274713946 ], [ -58.52009406081568, -34.625595199791753 ], [ -58.51953617976902, -34.626023914207217 ], [ -58.518974631740129, -34.626456640832359 ], [ -58.518468255406717, -34.626846946197936 ], [ -58.517954806228651, -34.627242674639128 ], [ -58.517412146598339, -34.62766094931407 ], [ -58.516960762397431, -34.628008828441686 ], [ -58.516381392110219, -34.628455283944646 ], [ -58.515913735011651, -34.628815701356849 ], [ -58.515647207231105, -34.62902194510697 ], [ -58.515558674240395, -34.629090427743286 ], [ -58.515247582504834, -34.629331063469998 ], [ -58.515126153663118, -34.629425059107412 ], [ -58.514906881432189, -34.629593604565827 ], [ -58.514037022414307, -34.630262427689637 ], [ -58.513450745587434, -34.630713246574381 ], [ -58.513022552799093, -34.63104250157631 ], [ -58.512907161622792, -34.631131208408021 ], [ -58.51204417152173, -34.631794734767382 ], [ -58.511042267739484, -34.632564998487133 ], [ -58.51010413215662, -34.633286213957646 ], [ -58.509203793434736, -34.633978393993559 ], [ -58.509086182712544, -34.634069495776394 ], [ -58.508680889250137, -34.634383593776647 ], [ -58.508387751130272, -34.634604197275181 ], [ -58.508762998083846, -34.634650818998772 ], [ -58.509222332474337, -34.634690155132589 ], [ -58.509404584877359, -34.634705789964869 ], [ -58.509597231576855, -34.63472353440303 ], [ -58.510177323937164, -34.634776928220504 ], [ -58.510670043066519, -34.6348222783488 ], [ -58.511326770381018, -34.634532581846294 ], [ -58.511445935456038, -34.634480985514799 ], [ -58.51148425792011, -34.634464401430137 ], [ -58.511863905601331, -34.634300113583748 ], [ -58.512264400826787, -34.634122533799982 ], [ -58.512532207853418, -34.634003786852318 ], [ -58.512622240976988, -34.633965721482163 ], [ -58.513316425845595, -34.633672148223113 ], [ -58.513317655672097, -34.633671628502377 ], [ -58.513322146500286, -34.633669729177072 ], [ -58.513342973763976, -34.633662420955446 ], [ -58.513912279964863, -34.633462652793277 ], [ -58.514072760856003, -34.633406317815798 ], [ -58.514863194735256, -34.633207926774318 ], [ -58.515368482003474, -34.633162248221964 ], [ -58.515931863963665, -34.633104400427825 ], [ -58.515936609913496, -34.633104267674234 ], [ -58.516606860701607, -34.633085569634417 ], [ -58.517088533551266, -34.633019083249749 ], [ -58.517347459650892, -34.633016257323611 ], [ -58.518521532932894, -34.633005435418546 ], [ -58.518718114550317, -34.633003605620011 ], [ -58.518801782402356, -34.633002826610422 ], [ -58.518887246360457, -34.63300203140075 ], [ -58.519080341597487, -34.633016629137536 ], [ -58.519081508496257, -34.633016661054903 ], [ -58.51925301107606, -34.633014963552817 ], [ -58.51926182126099, -34.633014539450258 ], [ -58.519331370354521, -34.633011189402062 ], [ -58.519424255141104, -34.633006715327888 ], [ -58.519683563558878, -34.632992104543305 ], [ -58.519718331898439, -34.632990145911009 ], [ -58.519744702313474, -34.632988659892597 ], [ -58.519745610698237, -34.632988608992818 ], [ -58.519886738871442, -34.632973128458708 ], [ -58.519891307890262, -34.632972627854997 ], [ -58.519895208458991, -34.632972201477486 ], [ -58.520066936523634, -34.632951076278779 ], [ -58.520172983538586, -34.632917155213484 ], [ -58.520239890158365, -34.632802110339469 ], [ -58.520339735996565, -34.632917768731211 ], [ -58.520388507608594, -34.632974295435538 ], [ -58.520525530283848, -34.633008809596944 ], [ -58.520746581793063, -34.633224293181819 ], [ -58.520813210758384, -34.633404567796433 ], [ -58.520783200254542, -34.633504450876636 ], [ -58.520686609508921, -34.633825927364477 ], [ -58.521026693615028, -34.633828044759078 ], [ -58.521082185712167, -34.633828819842137 ], [ -58.52233611324916, -34.63401780182501 ], [ -58.523036731927199, -34.634166348680473 ], [ -58.523273287653709, -34.634224261326324 ], [ -58.52423033532763, -34.634458718835958 ], [ -58.524299104116515, -34.634475586034448 ], [ -58.525603515804512, -34.634590632590687 ], [ -58.526919333464534, -34.634687841831635 ], [ -58.527075642812441, -34.63475515465111 ], [ -58.527387328716962, -34.634780563575369 ], [ -58.527743446058729, -34.634809594466851 ], [ -58.527954694942217, -34.634826815113868 ], [ -58.528205213235317, -34.634847236168326 ], [ -58.528540737842114, -34.634860710017314 ], [ -58.528713512810576, -34.634865169631915 ], [ -58.528902393803257, -34.634855102115601 ], [ -58.529092589914789, -34.634844965089684 ], [ -58.529319195080866, -34.634832886243302 ], [ -58.529389909672098, -34.634829116979859 ], [ -58.529625176756134, -34.634822093426706 ], [ -58.529793702926916, -34.634817061899312 ], [ -58.529836477065274, -34.63481578470077 ], [ -58.530020524822781, -34.634810289175768 ], [ -58.530027502078283, -34.634810080737019 ], [ -58.530357525791203, -34.634800226626709 ], [ -58.530372512784247, -34.634546106190633 ], [ -58.530383096136525, -34.634366635423063 ], [ -58.530393685908095, -34.634187066391242 ], [ -58.53039409924552, -34.634180315450379 ], [ -58.530408904004716, -34.63393851655659 ], [ -58.530427260756177, -34.633638704085683 ], [ -58.530446366538385, -34.633326658050258 ], [ -58.530788845258215, -34.627732850075667 ], [ -58.530800542923537, -34.62754177540328 ], [ -58.530801071305717, -34.627533085439495 ], [ -58.530801390935309, -34.627527850727127 ], [ -58.530743773912398, -34.627499577165608 ], [ -58.530364471905919, -34.627313440619282 ], [ -58.530209978307653, -34.627237625146691 ], [ -58.530073592703175, -34.62717069476119 ], [ -58.529808756184245, -34.627040728739402 ], [ -58.529374863709592, -34.62681504658876 ], [ -58.529165811987241, -34.626708872516119 ], [ -58.528863336851508, -34.626555248995267 ], [ -58.528359483165602, -34.626299318546103 ], [ -58.528227619372117, -34.626232339503055 ], [ -58.527855206043142, -34.626043175295216 ], [ -58.526945834909682, -34.625581302114718 ], [ -58.526842826739433, -34.62552898340229 ], [ -58.526346059658025, -34.625276632145578 ], [ -58.525843073418748, -34.625021183866693 ], [ -58.525282650728734, -34.624736466594108 ], [ -58.524168804753032, -34.62417068324995 ], [ -58.524105061135472, -34.624138318953079 ], [ -58.523961377466726, -34.6240653629525 ], [ -58.523615296318305, -34.623889617284853 ], [ -58.523326485581769, -34.623742926738608 ], [ -58.522830932152033, -34.623491335703363 ], [ -58.521635611222997, -34.624410163269395 ] ] ] } },
{ "type": "Feature", "properties": { "id": 36, "objeto": "BARRIO", "nombre": "Villa Crespo", "comuna": 15, "perimetro_": 8131.86, "area_metro": 3615977.9 }, "geometry": { "type": "Polygon", "coordinates": [ [ [ -58.423370464395788, -34.597753095799092 ], [ -58.42375620668038, -34.597832538504306 ], [ -58.424957256162664, -34.597857018643808 ], [ -58.426305874537377, -34.597887222471456 ], [ -58.426442469081785, -34.597904871297089 ], [ -58.426567906269064, -34.597921036475483 ], [ -58.426788292915731, -34.5979494812089 ], [ -58.42777627037006, -34.598334144887495 ], [ -58.427855545067629, -34.598369241395936 ], [ -58.427990588008271, -34.598429140422475 ], [ -58.42854164969183, -34.598673594996498 ], [ -58.428551028189609, -34.598677755930268 ], [ -58.429164768315943, -34.598964341781674 ], [ -58.429223088323745, -34.599004499332551 ], [ -58.42943185651599, -34.599131389417892 ], [ -58.429649543422755, -34.599325890999886 ], [ -58.430153110471274, -34.599775753937401 ], [ -58.430190909529969, -34.599809567542955 ], [ -58.430277999960062, -34.599887407339935 ], [ -58.431041082723894, -34.600754458017029 ], [ -58.431157197041749, -34.600886391987522 ], [ -58.43187551720937, -34.601702577183666 ], [ -58.432201308940982, -34.602077596393102 ], [ -58.432243441632785, -34.602138944394483 ], [ -58.433144604221212, -34.602583756330198 ], [ -58.433336877719661, -34.602678593637329 ], [ -58.433868486084378, -34.602940980051493 ], [ -58.433916681794301, -34.602964795518837 ], [ -58.434974456084142, -34.603486741837152 ], [ -58.43515106544892, -34.603580095204478 ], [ -58.435340700284705, -34.603680279571371 ], [ -58.436618801065329, -34.604288534246606 ], [ -58.436854781641294, -34.604400818948967 ], [ -58.437027176396199, -34.604482847717613 ], [ -58.43705489191494, -34.60449603517349 ], [ -58.437055908888233, -34.604496519455765 ], [ -58.437059972380325, -34.604498585487072 ], [ -58.437177170644432, -34.604558166672469 ], [ -58.437191708988657, -34.60456555333019 ], [ -58.437977552944886, -34.604964819837079 ], [ -58.438513596197446, -34.605237144847173 ], [ -58.43920415657378, -34.605587963253505 ], [ -58.439287874778955, -34.605610938967494 ], [ -58.440144027191465, -34.605845685914559 ], [ -58.440337520328733, -34.605898751313873 ], [ -58.441467654912231, -34.606208611508784 ], [ -58.441602131397943, -34.606244199282472 ], [ -58.442826382985061, -34.60657659821387 ], [ -58.442982407051204, -34.606617470408203 ], [ -58.444169541365774, -34.606928019032388 ], [ -58.445133715893888, -34.60718021194922 ], [ -58.445679971023957, -34.607362548652851 ], [ -58.446249635039479, -34.607620731773437 ], [ -58.447042203272197, -34.607423301575203 ], [ -58.44906368321476, -34.606919744343031 ], [ -58.449292038131404, -34.606862798232434 ], [ -58.450239013235603, -34.606626913834774 ], [ -58.450657987954727, -34.606520265713854 ], [ -58.450740778223704, -34.606499217958323 ], [ -58.450990376393555, -34.60643568776814 ], [ -58.451015783185198, -34.606429220826321 ], [ -58.451051920043959, -34.606420022748111 ], [ -58.451509562039156, -34.606303587939188 ], [ -58.45201702965371, -34.606172436716029 ], [ -58.45243020767137, -34.606065641343058 ], [ -58.452960754570583, -34.605928290969594 ], [ -58.453071139391561, -34.60589949714835 ], [ -58.454003699943783, -34.605656963143119 ], [ -58.454984207834606, -34.605401959516527 ], [ -58.455526414814415, -34.605260936288666 ], [ -58.455805182805314, -34.605188629059569 ], [ -58.456565086222533, -34.604991487362803 ], [ -58.45808181449781, -34.604598035153366 ], [ -58.458475643600117, -34.604497063269704 ], [ -58.45847751980515, -34.604496581984606 ], [ -58.458936500387324, -34.60437891052652 ], [ -58.458279277605392, -34.603912187587952 ], [ -58.458164645610992, -34.603834364864362 ], [ -58.457919752208056, -34.603043919895519 ], [ -58.457534283408947, -34.601799728788791 ], [ -58.45725312900867, -34.600892306523477 ], [ -58.457215068859782, -34.60076871150936 ], [ -58.456986881459621, -34.600027420572438 ], [ -58.456901057690985, -34.59973698858051 ], [ -58.456583902253982, -34.598712448834448 ], [ -58.456566788551115, -34.598662869642524 ], [ -58.456238233999962, -34.597595439389124 ], [ -58.456059473527652, -34.597656909557969 ], [ -58.456011242792762, -34.597672314707502 ], [ -58.45592235752644, -34.597700704185741 ], [ -58.455485973134834, -34.597840116317954 ], [ -58.454796716771114, -34.597358090244569 ], [ -58.453818283410158, -34.596673852542843 ], [ -58.453769404459877, -34.596639622604954 ], [ -58.453657170712354, -34.596561091730344 ], [ -58.45282206601879, -34.595994041297367 ], [ -58.452609268583878, -34.595849513897825 ], [ -58.452085752120183, -34.595481150819374 ], [ -58.451888539793295, -34.595342398099305 ], [ -58.451706570842411, -34.595214914296818 ], [ -58.450958963583034, -34.594665960752998 ], [ -58.450633204843356, -34.594426759035528 ], [ -58.450602703613001, -34.594404361805765 ], [ -58.438644313985044, -34.588727153330225 ], [ -58.438585782110131, -34.588697323281174 ], [ -58.438538896919589, -34.588673428741366 ], [ -58.438538419590337, -34.588673181654272 ], [ -58.438536908635839, -34.588674090884709 ], [ -58.438500391709447, -34.588696073712022 ], [ -58.438252545844009, -34.588862364696674 ], [ -58.43822513538705, -34.588880763444394 ], [ -58.438054098573446, -34.588995565108689 ], [ -58.437127092706724, -34.589617493049225 ], [ -58.436176650759514, -34.590255184494701 ], [ -58.436039436792207, -34.590347267726827 ], [ -58.43531358652676, -34.59082732257302 ], [ -58.434366015765697, -34.591454084199725 ], [ -58.434135445700143, -34.591606497025651 ], [ -58.433542285832829, -34.59200131892559 ], [ -58.433448411995123, -34.592063803418867 ], [ -58.433428536482026, -34.592077026947386 ], [ -58.432361545746993, -34.592787065766558 ], [ -58.431222361060016, -34.593545094136857 ], [ -58.43074507709327, -34.593862703264357 ], [ -58.430285204067793, -34.594168728323673 ], [ -58.430214231979463, -34.594213003241052 ], [ -58.430062459572284, -34.594307683558554 ], [ -58.429351798650025, -34.594750734873848 ], [ -58.429333023499453, -34.594762210175553 ], [ -58.429172067245922, -34.594860616007651 ], [ -58.428091967138194, -34.59552032038134 ], [ -58.427026927258915, -34.596170863841671 ], [ -58.426991852961272, -34.596192264010142 ], [ -58.426953326602707, -34.596215770667236 ], [ -58.426951511319672, -34.59621654084318 ], [ -58.426243294298359, -34.59651711284868 ], [ -58.426027194988087, -34.596619302649998 ], [ -58.424846143146453, -34.597067111935914 ], [ -58.424538204126549, -34.597201468823854 ], [ -58.423542445253929, -34.597635920119302 ], [ -58.423534091460589, -34.597641611684949 ], [ -58.423370464395788, -34.597753095799092 ] ] ] } },
{ "type": "Feature", "properties": { "id": 37, "objeto": "BARRIO", "nombre": "Villa Del Parque", "comuna": 11, "perimetro_": 7705.39, "area_metro": 3399595.96 }, "geometry": { "type": "Polygon", "coordinates": [ [ [ -58.478832163758454, -34.599676378262551 ], [ -58.478543724162954, -34.599740430060614 ], [ -58.477794796918211, -34.599902249144677 ], [ -58.477729412573225, -34.599916375874969 ], [ -58.476393308239871, -34.600204980855587 ], [ -58.476554071505603, -34.600295871954891 ], [ -58.476670494022294, -34.600361698248051 ], [ -58.477499708181476, -34.600830502874238 ], [ -58.476972402452567, -34.6015893064937 ], [ -58.47638257781589, -34.602371073682143 ], [ -58.475737301709415, -34.603176223768124 ], [ -58.47570622186408, -34.6032150304463 ], [ -58.474933456251975, -34.604179345919732 ], [ -58.474017695584656, -34.605316418353674 ], [ -58.474163348460323, -34.605406196088964 ], [ -58.474342305221569, -34.605518152824381 ], [ -58.474636581872048, -34.605702235804998 ], [ -58.47495498881505, -34.605901411875529 ], [ -58.475024353345539, -34.605943077050192 ], [ -58.475112653911978, -34.605996116294058 ], [ -58.475264781808697, -34.606087370408559 ], [ -58.476202772370094, -34.606655944723101 ], [ -58.476250729114128, -34.606685013190216 ], [ -58.476365635723894, -34.606754661891905 ], [ -58.476896299095678, -34.607031791015778 ], [ -58.47732986282989, -34.607258152855465 ], [ -58.477465635406944, -34.607308278733917 ], [ -58.477619295162384, -34.60736495209084 ], [ -58.478724298331713, -34.607708977379986 ], [ -58.478945928074623, -34.607767611858982 ], [ -58.479204525758028, -34.607836030557081 ], [ -58.479210803483994, -34.607837571169064 ], [ -58.479670016823718, -34.607950265608068 ], [ -58.479808940559614, -34.607984332333572 ], [ -58.480207569315539, -34.608082166689044 ], [ -58.480411057027013, -34.608131997735114 ], [ -58.481319646124064, -34.608354405302983 ], [ -58.481969978716023, -34.608512689936816 ], [ -58.482214355056136, -34.608572160520403 ], [ -58.483429256147851, -34.608870843144615 ], [ -58.483674059953252, -34.60893108505082 ], [ -58.484057706312392, -34.609025528981817 ], [ -58.484355066515519, -34.609098788806584 ], [ -58.484655154063127, -34.609172682028742 ], [ -58.484993741686594, -34.609256074059296 ], [ -58.485164015932966, -34.60929801563401 ], [ -58.485382332329067, -34.609351920959924 ], [ -58.485737020879832, -34.609439462659545 ], [ -58.486056416978485, -34.609518327426699 ], [ -58.486087281361691, -34.609525948589706 ], [ -58.486283111356855, -34.609574292928471 ], [ -58.48647365877008, -34.609620384403307 ], [ -58.487821641309026, -34.609946745423215 ], [ -58.4879840800062, -34.609979107033304 ], [ -58.488133609605995, -34.610008800144762 ], [ -58.488157676963475, -34.610013579084779 ], [ -58.488201211364093, -34.610024765855925 ], [ -58.488651504376925, -34.610140471462401 ], [ -58.488654711025085, -34.61014129559625 ], [ -58.488656460151297, -34.610142546405051 ], [ -58.488897683022977, -34.610314980229241 ], [ -58.488929486945644, -34.610337723614144 ], [ -58.489142531690291, -34.610490071093665 ], [ -58.489274840574872, -34.610591594372437 ], [ -58.490103632273978, -34.611227480197648 ], [ -58.490254772525077, -34.611343434516151 ], [ -58.490680163297569, -34.61166559771425 ], [ -58.490731792354062, -34.611704670818362 ], [ -58.491229606399529, -34.612081605025423 ], [ -58.491699734732052, -34.61243755765102 ], [ -58.492265631515998, -34.612866022154464 ], [ -58.493044985095416, -34.613517533712496 ], [ -58.493316023847413, -34.613755216970127 ], [ -58.493438635066411, -34.613862793803918 ], [ -58.494056462524284, -34.614394336104056 ], [ -58.494609881544818, -34.614870399441628 ], [ -58.494785749748949, -34.615021200546877 ], [ -58.495573082725159, -34.61439626909074 ], [ -58.496439730440997, -34.61340757250224 ], [ -58.496560457881046, -34.613269086871874 ], [ -58.497404093819149, -34.612301587334997 ], [ -58.497533076746926, -34.612154929735965 ], [ -58.498158491304231, -34.611443757068443 ], [ -58.498202824907011, -34.611392747415657 ], [ -58.498299730304787, -34.611281249962218 ], [ -58.498443864192751, -34.611115502148103 ], [ -58.499351310061577, -34.610085715584461 ], [ -58.500192416685685, -34.609131084644062 ], [ -58.500959867304068, -34.608260134126496 ], [ -58.501596970446684, -34.607537108632179 ], [ -58.501735218113119, -34.607380231369497 ], [ -58.502134208933683, -34.6069258733881 ], [ -58.502265474003778, -34.606775899915682 ], [ -58.502821003609967, -34.606141486494067 ], [ -58.502955075506513, -34.605988976554627 ], [ -58.503078079923355, -34.605849074650664 ], [ -58.503415189428928, -34.605464698171815 ], [ -58.503469649965673, -34.605402602051065 ], [ -58.503607039487449, -34.60524642780905 ], [ -58.503733872654365, -34.605102158377576 ], [ -58.504619575439548, -34.604112058208429 ], [ -58.505373576073296, -34.603269182018266 ], [ -58.505977923968217, -34.602593540240782 ], [ -58.506167398535915, -34.602384033815802 ], [ -58.5055435238272, -34.601998540998686 ], [ -58.504862151433386, -34.60157757196621 ], [ -58.503647998001426, -34.60082740394288 ], [ -58.503559825794639, -34.600772925862252 ], [ -58.503404266631442, -34.60067684851083 ], [ -58.503093321449974, -34.600484341596903 ], [ -58.502214419257257, -34.599940461592659 ], [ -58.500880880151229, -34.599115163048388 ], [ -58.500642951926054, -34.59896790938965 ], [ -58.499543448550114, -34.598287314361727 ], [ -58.498222655103, -34.597469799876521 ], [ -58.498004840178396, -34.597334929837132 ], [ -58.497175239222123, -34.596822971770784 ], [ -58.497128388452737, -34.596794111289952 ], [ -58.496785026689395, -34.596816741567672 ], [ -58.494715995669694, -34.596953279547741 ], [ -58.493417994018422, -34.597038960751938 ], [ -58.492909164988134, -34.59707302925942 ], [ -58.492820543323511, -34.597078973079483 ], [ -58.492490265339782, -34.597101123873315 ], [ -58.491217892005288, -34.59718645823974 ], [ -58.490186604358321, -34.597255634255454 ], [ -58.489527210296202, -34.597302116306778 ], [ -58.488544972591889, -34.59736950831801 ], [ -58.487825061324685, -34.597420000500534 ], [ -58.487798798703786, -34.597421843777276 ], [ -58.487354177232767, -34.597452988955091 ], [ -58.487143916030981, -34.597468453566776 ], [ -58.486681665085882, -34.597502486994976 ], [ -58.486487499357573, -34.597516749399389 ], [ -58.486131103021236, -34.597542944343637 ], [ -58.485181733834693, -34.59761283702656 ], [ -58.484854121581861, -34.597640290476384 ], [ -58.483462935768806, -34.59776303975697 ], [ -58.483456873969345, -34.597763574400737 ], [ -58.483288834145334, -34.597800795650087 ], [ -58.483000013887327, -34.597886576943672 ], [ -58.482984717860177, -34.597891122583121 ], [ -58.482844411895826, -34.597949032705834 ], [ -58.482128131015855, -34.598256243843338 ], [ -58.480781059770607, -34.598836664819977 ], [ -58.479748114424766, -34.599281745234109 ], [ -58.478832163758454, -34.599676378262551 ] ] ] } },
{ "type": "Feature", "properties": { "id": 38, "objeto": "BARRIO", "nombre": "Villa Devoto", "comuna": 11, "perimetro_": 11562.01, "area_metro": 6404445.81 }, "geometry": { "type": "Polygon", "coordinates": [ [ [ -58.503471720054613, -34.593959253914015 ], [ -58.50308343148194, -34.594387909642442 ], [ -58.503543662700871, -34.594455788245241 ], [ -58.503180351542795, -34.594587850642668 ], [ -58.502876559661686, -34.594703685979162 ], [ -58.502757357625818, -34.594748021418887 ], [ -58.501792838089983, -34.595106504574773 ], [ -58.500709702179051, -34.59550903119802 ], [ -58.50012636636783, -34.595725831421788 ], [ -58.499786722081488, -34.595852131777868 ], [ -58.499633963777491, -34.595908939967579 ], [ -58.499550860524785, -34.595939810478868 ], [ -58.498384938980678, -34.596373256187348 ], [ -58.497175239222123, -34.596822971770784 ], [ -58.498004840178396, -34.597334929837132 ], [ -58.498222655103, -34.597469799876521 ], [ -58.499543448550114, -34.598287314361727 ], [ -58.500642951926054, -34.59896790938965 ], [ -58.500880880151229, -34.599115163048388 ], [ -58.502214419257257, -34.599940461592659 ], [ -58.503093321449974, -34.600484341596903 ], [ -58.503404266631442, -34.60067684851083 ], [ -58.503559825794639, -34.600772925862252 ], [ -58.503647998001426, -34.60082740394288 ], [ -58.504862151433386, -34.60157757196621 ], [ -58.5055435238272, -34.601998540998686 ], [ -58.506167398535915, -34.602384033815802 ], [ -58.505977923968217, -34.602593540240782 ], [ -58.505373576073296, -34.603269182018266 ], [ -58.504619575439548, -34.604112058208429 ], [ -58.503733872654365, -34.605102158377576 ], [ -58.503607039487449, -34.60524642780905 ], [ -58.503469649965673, -34.605402602051065 ], [ -58.503415189428928, -34.605464698171815 ], [ -58.503078079923355, -34.605849074650664 ], [ -58.502955075506513, -34.605988976554627 ], [ -58.502821003609967, -34.606141486494067 ], [ -58.502265474003778, -34.606775899915682 ], [ -58.502134208933683, -34.6069258733881 ], [ -58.501735218113119, -34.607380231369497 ], [ -58.501596970446684, -34.607537108632179 ], [ -58.500959867304068, -34.608260134126496 ], [ -58.500192416685685, -34.609131084644062 ], [ -58.501327241234719, -34.609803774119442 ], [ -58.501459808686732, -34.60988281799618 ], [ -58.50211133537443, -34.610271425075851 ], [ -58.502206915161501, -34.610328433843932 ], [ -58.502369218952744, -34.610424721335882 ], [ -58.502432058502229, -34.610462007401445 ], [ -58.503101849229026, -34.610859420088836 ], [ -58.50325299336442, -34.610949442457247 ], [ -58.503407888286375, -34.61104171605448 ], [ -58.503533151923861, -34.611116683836947 ], [ -58.503721426775805, -34.611229362299945 ], [ -58.503860388589871, -34.611312556077593 ], [ -58.503938834447183, -34.611359064917337 ], [ -58.503990553730794, -34.611389728435121 ], [ -58.504139252335364, -34.611477888177383 ], [ -58.504278555954741, -34.61156051887405 ], [ -58.504526748737106, -34.611709803372094 ], [ -58.504664776605189, -34.611792785609502 ], [ -58.504901696570066, -34.611935956119495 ], [ -58.505249351153303, -34.612146042059088 ], [ -58.505333006859409, -34.612190552458706 ], [ -58.505411913262037, -34.612232535955222 ], [ -58.505564080517587, -34.612313611189961 ], [ -58.505604719372165, -34.612337588414015 ], [ -58.507054291819713, -34.613192816387176 ], [ -58.50752138435989, -34.613468425837603 ], [ -58.507624568489881, -34.61352930458105 ], [ -58.507760242792216, -34.613607669773145 ], [ -58.507867657112243, -34.61366971140292 ], [ -58.508015147690621, -34.613754869603362 ], [ -58.508096428929555, -34.61380208322641 ], [ -58.508307998120408, -34.613924975319115 ], [ -58.50846724803116, -34.614017523882559 ], [ -58.508724483567697, -34.614165387506453 ], [ -58.508754109574191, -34.614182419625678 ], [ -58.508847266233921, -34.614235977022808 ], [ -58.50905568021556, -34.614357027385495 ], [ -58.509205388621986, -34.614444014089095 ], [ -58.509580214958923, -34.614663593658022 ], [ -58.509743557032067, -34.614759377793405 ], [ -58.510017843853255, -34.614924486261494 ], [ -58.510117771225396, -34.614984699780528 ], [ -58.510137561486808, -34.614996625184489 ], [ -58.510148073497923, -34.615003142021749 ], [ -58.510340661286904, -34.615122525015764 ], [ -58.510343854818899, -34.61512450510584 ], [ -58.510357371644865, -34.615132776732679 ], [ -58.510428042448417, -34.615176022126931 ], [ -58.510575284876502, -34.6152661071715 ], [ -58.510703013748298, -34.615343594161672 ], [ -58.510840712666862, -34.615426851629408 ], [ -58.511003037430555, -34.615525028633321 ], [ -58.511250059742224, -34.615671694700033 ], [ -58.511677218012039, -34.615925191069529 ], [ -58.512136843571021, -34.616198039045806 ], [ -58.512573209572288, -34.616457093032651 ], [ -58.513046049005155, -34.616736904702016 ], [ -58.513650057935166, -34.617276029593718 ], [ -58.514332570794473, -34.617885120180532 ], [ -58.514943158384881, -34.61843001030212 ], [ -58.514977816870307, -34.61846097561525 ], [ -58.515012963037691, -34.618492376097315 ], [ -58.515150030641422, -34.618614700954346 ], [ -58.515694984168213, -34.619101036372989 ], [ -58.516032739725439, -34.619402467948952 ], [ -58.516411535154397, -34.619740522511563 ], [ -58.516526259018853, -34.61984286834825 ], [ -58.516633907016036, -34.619938933374243 ], [ -58.516949275507223, -34.620220363347691 ], [ -58.517740594560536, -34.619619090535082 ], [ -58.518207344493433, -34.619264510813821 ], [ -58.518538459605793, -34.619012878806664 ], [ -58.518672812077419, -34.618910844810841 ], [ -58.518898604739185, -34.618738768386876 ], [ -58.519340312829073, -34.618402364708537 ], [ -58.519479345946429, -34.618296455166146 ], [ -58.520121461626488, -34.617801151271209 ], [ -58.520330649749965, -34.617639759922135 ], [ -58.520889401263808, -34.617208671068092 ], [ -58.521012255021482, -34.617114879774498 ], [ -58.521957099027247, -34.616393715114825 ], [ -58.523118768727521, -34.615513844703585 ], [ -58.524120001631758, -34.614725381404497 ], [ -58.524269233591397, -34.614605094426118 ], [ -58.525059313368772, -34.613967927479372 ], [ -58.525080480669516, -34.613983186821009 ], [ -58.525113005064703, -34.614006633413766 ], [ -58.525114928447962, -34.614005310957175 ], [ -58.525424429899175, -34.613792387915794 ], [ -58.525427999928375, -34.613790032489476 ], [ -58.525613178023121, -34.613667853289797 ], [ -58.525714825236946, -34.613593293533491 ], [ -58.525847290677156, -34.613496040864746 ], [ -58.526536171817597, -34.612991735878552 ], [ -58.526942499594185, -34.612694337100486 ], [ -58.527347206342128, -34.61239813579504 ], [ -58.5277556563708, -34.612099114217578 ], [ -58.528158144224193, -34.611804460009125 ], [ -58.528552369298161, -34.611512414886704 ], [ -58.528888304665372, -34.611313559847112 ], [ -58.528938858076721, -34.611283635241605 ], [ -58.529006263014338, -34.611233691805396 ], [ -58.529338410478331, -34.610987588693192 ], [ -58.529400336617066, -34.610946138483918 ], [ -58.529467684902812, -34.610901061591278 ], [ -58.527832828654311, -34.607425213494373 ], [ -58.527829639474248, -34.607418432710141 ], [ -58.527818389137082, -34.607394512411673 ], [ -58.527780486183644, -34.607313923648299 ], [ -58.527334874039141, -34.606366456276518 ], [ -58.526776901557497, -34.605180053721185 ], [ -58.526235659046208, -34.604029188704153 ], [ -58.52623290969872, -34.604023342571658 ], [ -58.526226407924469, -34.604009517384604 ], [ -58.525769136167696, -34.603037175861658 ], [ -58.524870069430762, -34.601125330922258 ], [ -58.523676352567925, -34.598586772369565 ], [ -58.523508089283631, -34.598228930161255 ], [ -58.523373537953923, -34.597942780371945 ], [ -58.523285065889411, -34.597754625745132 ], [ -58.522626861994887, -34.596354786547813 ], [ -58.521768034423886, -34.594528193131559 ], [ -58.52095487538336, -34.592798649706765 ], [ -58.520052280323121, -34.590878789890724 ], [ -58.519513160278116, -34.589732011906442 ], [ -58.51889104482823, -34.588416797548007 ], [ -58.518653359693602, -34.58790303429231 ], [ -58.518124031341451, -34.58677699776436 ], [ -58.51697892341685, -34.584340904932773 ], [ -58.515657890406374, -34.581530359095282 ], [ -58.515578053056331, -34.58136285804828 ], [ -58.515535768574168, -34.581274147071852 ], [ -58.515459093149076, -34.581280702575967 ], [ -58.515298628010505, -34.581294420425756 ], [ -58.515161487936652, -34.581306144118791 ], [ -58.514999110089384, -34.581320024644 ], [ -58.514970212783901, -34.581322495067489 ], [ -58.514902501722332, -34.581368363887421 ], [ -58.514855538985252, -34.581415259644466 ], [ -58.514854540194662, -34.581416257042598 ], [ -58.514740973081352, -34.581529661875742 ], [ -58.514654839320762, -34.581615671569224 ], [ -58.514583236412768, -34.581687171166195 ], [ -58.514583532047297, -34.581687627163063 ], [ -58.514572707027469, -34.581699329504609 ], [ -58.514516308137523, -34.58175028280111 ], [ -58.513920561240987, -34.582404321409044 ], [ -58.513813347079733, -34.582522114469228 ], [ -58.513400412988453, -34.582980848561981 ], [ -58.513272087981065, -34.583123404730877 ], [ -58.512467629933582, -34.584017197616511 ], [ -58.512356839923939, -34.584140343468491 ], [ -58.511809855407307, -34.584743742335121 ], [ -58.511154026321556, -34.585467323286991 ], [ -58.511040252849874, -34.585592792958337 ], [ -58.510492399545321, -34.586198791240726 ], [ -58.509787956433257, -34.58697787876536 ], [ -58.509021546922618, -34.587825507122638 ], [ -58.508243718901177, -34.588685669964093 ], [ -58.507503915473912, -34.589503771551314 ], [ -58.506723587712088, -34.590366672022647 ], [ -58.506071756477944, -34.591087548180838 ], [ -58.505422126463422, -34.591805814000566 ], [ -58.505284675333492, -34.591957835982512 ], [ -58.504768484537799, -34.592527669817521 ], [ -58.50411670285964, -34.593247267870964 ], [ -58.503471720054613, -34.593959253914015 ] ] ] } },
{ "type": "Feature", "properties": { "id": 39, "objeto": "BARRIO", "nombre": "Villa Gral. Mitre", "comuna": 11, "perimetro_": 6290.44, "area_metro": 2162275.32 }, "geometry": { "type": "Polygon", "coordinates": [ [ [ -58.458936500387324, -34.60437891052652 ], [ -58.45847751980515, -34.604496581984606 ], [ -58.458475643600117, -34.604497063269704 ], [ -58.45878411059789, -34.604720109371726 ], [ -58.459514676368528, -34.605214223329078 ], [ -58.459655202477848, -34.605309229345316 ], [ -58.460514634290867, -34.605891091741789 ], [ -58.461542034011039, -34.606588796754153 ], [ -58.461624949782149, -34.606645104315007 ], [ -58.462152025772518, -34.607003035142547 ], [ -58.462511534237258, -34.607247197010274 ], [ -58.462706151952311, -34.60737818546292 ], [ -58.462194423492967, -34.608412140118652 ], [ -58.461642137185422, -34.609528065339447 ], [ -58.461076378452404, -34.610671170859355 ], [ -58.460554217613762, -34.611726104761281 ], [ -58.460486923187752, -34.611862020351616 ], [ -58.460037835880122, -34.612761246611036 ], [ -58.459545463696628, -34.61374695023683 ], [ -58.459449971836904, -34.61389068145688 ], [ -58.460130625468615, -34.614149785494654 ], [ -58.460395019119154, -34.614250430256043 ], [ -58.460668952342758, -34.614353043351002 ], [ -58.461866395696731, -34.614801731754405 ], [ -58.463031569062913, -34.615238223807268 ], [ -58.46320550680111, -34.615303366101216 ], [ -58.464136190749961, -34.615648649579974 ], [ -58.464374527650605, -34.615733719243003 ], [ -58.464467289828598, -34.615766817637997 ], [ -58.464539514804692, -34.615792577711062 ], [ -58.464539949842539, -34.61579273275089 ], [ -58.464614055757025, -34.615824859491191 ], [ -58.46554398751158, -34.616228005181931 ], [ -58.465678746215438, -34.616286384002649 ], [ -58.466652896287812, -34.616708056239453 ], [ -58.466764231528508, -34.616756223211972 ], [ -58.467962001231307, -34.617274710741178 ], [ -58.468636408887953, -34.61756665932689 ], [ -58.468798005699163, -34.617649891968263 ], [ -58.469094793471662, -34.617802838367403 ], [ -58.469340980905898, -34.617929729213358 ], [ -58.46934313441669, -34.617930893741118 ], [ -58.46937172650312, -34.617946349868902 ], [ -58.469629004509493, -34.61808542497122 ], [ -58.470387927889149, -34.618495666257992 ], [ -58.471400643517015, -34.619043003859474 ], [ -58.471622219040277, -34.619160243812559 ], [ -58.472461935451221, -34.618105311610634 ], [ -58.47326057817191, -34.617101856000367 ], [ -58.474059541815237, -34.616098113725997 ], [ -58.474860701335672, -34.615091548007058 ], [ -58.475661671452492, -34.614085118403956 ], [ -58.476460918487845, -34.613080937114624 ], [ -58.47716212783503, -34.612199791106512 ], [ -58.47726048749557, -34.61207653855454 ], [ -58.478061484236669, -34.611073402716748 ], [ -58.478860334050211, -34.610072866837321 ], [ -58.479261922457766, -34.609569920273003 ], [ -58.479665039570996, -34.609064930421866 ], [ -58.480043116860912, -34.608591422068265 ], [ -58.480411057027013, -34.608131997735114 ], [ -58.480207569315539, -34.608082166689044 ], [ -58.479808940559614, -34.607984332333572 ], [ -58.479670016823718, -34.607950265608068 ], [ -58.479210803483994, -34.607837571169064 ], [ -58.479204525758028, -34.607836030557081 ], [ -58.478945928074623, -34.607767611858982 ], [ -58.478724298331713, -34.607708977379986 ], [ -58.477619295162384, -34.60736495209084 ], [ -58.477465635406944, -34.607308278733917 ], [ -58.47732986282989, -34.607258152855465 ], [ -58.476896299095678, -34.607031791015778 ], [ -58.476365635723894, -34.606754661891905 ], [ -58.476250729114128, -34.606685013190216 ], [ -58.476202772370094, -34.606655944723101 ], [ -58.475264781808697, -34.606087370408559 ], [ -58.475112653911978, -34.605996116294058 ], [ -58.475024353345539, -34.605943077050192 ], [ -58.47495498881505, -34.605901411875529 ], [ -58.474636581872048, -34.605702235804998 ], [ -58.474342305221569, -34.605518152824381 ], [ -58.474163348460323, -34.605406196088964 ], [ -58.474017695584656, -34.605316418353674 ], [ -58.473039702129689, -34.604713744849342 ], [ -58.472984593364885, -34.604679664674457 ], [ -58.472650364624272, -34.604472856802794 ], [ -58.471804665533625, -34.603946924589373 ], [ -58.47171122972042, -34.603888831718862 ], [ -58.471610807868615, -34.603826370961521 ], [ -58.470435322729656, -34.602942842668561 ], [ -58.470200287368982, -34.602813942913265 ], [ -58.470195734717578, -34.602811446231449 ], [ -58.469293423737149, -34.602170427702632 ], [ -58.468913558260539, -34.601865722695969 ], [ -58.468767330098309, -34.601899462358446 ], [ -58.467562870573573, -34.602198472466057 ], [ -58.467494274568743, -34.602215503609749 ], [ -58.467335355201008, -34.602254874976978 ], [ -58.466084091456892, -34.602564915331619 ], [ -58.46579835764264, -34.602635696674895 ], [ -58.465279946668907, -34.602764229150054 ], [ -58.464947199243667, -34.602848390862604 ], [ -58.464360821763542, -34.602996779556413 ], [ -58.46307453212642, -34.603322211739702 ], [ -58.462912713112281, -34.603363409023757 ], [ -58.462110085735041, -34.603567843640974 ], [ -58.461589874257719, -34.603700374432798 ], [ -58.46147097894859, -34.603730655077797 ], [ -58.460540759878228, -34.603967612401561 ], [ -58.460125643628039, -34.604074012460686 ], [ -58.460022588547588, -34.604100418693598 ], [ -58.458936500387324, -34.60437891052652 ] ] ] } },
{ "type": "Feature", "properties": { "id": 40, "objeto": "BARRIO", "nombre": "Villa Lugano", "comuna": 8, "perimetro_": 15057.47, "area_metro": 9296143.24 }, "geometry": { "type": "Polygon", "coordinates": [ [ [ -58.464431352418032, -34.660053372304652 ], [ -58.464604827869351, -34.660218896244061 ], [ -58.464938150875994, -34.660536937057195 ], [ -58.465434842369817, -34.661057266693113 ], [ -58.465457870952207, -34.661081392618208 ], [ -58.465458187323875, -34.661081721628513 ], [ -58.465560739393283, -34.661170556767168 ], [ -58.465877115717454, -34.661444612613614 ], [ -58.465919291529957, -34.661481145998835 ], [ -58.466033946434251, -34.66158046391029 ], [ -58.466410871623111, -34.66190828628428 ], [ -58.466481869849368, -34.661970034868915 ], [ -58.466827951572306, -34.662271021660878 ], [ -58.466830388783876, -34.662273136305835 ], [ -58.467321799212918, -34.662698119391202 ], [ -58.46732478630036, -34.662700705447072 ], [ -58.467667355041222, -34.66298624422155 ], [ -58.467777931446065, -34.663078411506639 ], [ -58.467849489036908, -34.66313805536408 ], [ -58.468453137480068, -34.663659804392459 ], [ -58.468703879136754, -34.663790237016912 ], [ -58.468889611463304, -34.663828593682801 ], [ -58.469131061215755, -34.663843928930639 ], [ -58.469239601810393, -34.663880624721997 ], [ -58.469374987514627, -34.663829576440584 ], [ -58.469642469368985, -34.663657657043984 ], [ -58.469935616979875, -34.66359951201818 ], [ -58.470195285940797, -34.663613422637681 ], [ -58.470394910138467, -34.663774315214575 ], [ -58.470462823732959, -34.664119302731578 ], [ -58.470461848125218, -34.664128483680024 ], [ -58.470457037882802, -34.664214322815205 ], [ -58.470441299085678, -34.664281581764421 ], [ -58.470412657555066, -34.664373904349652 ], [ -58.470366824915807, -34.664442555919614 ], [ -58.470163184002615, -34.664672843396858 ], [ -58.469735692076981, -34.665007093477335 ], [ -58.469131606731224, -34.66547952006843 ], [ -58.468562211230292, -34.665891546584611 ], [ -58.467941396797301, -34.666382392805346 ], [ -58.465239242419578, -34.668488849468652 ], [ -58.465235936736001, -34.668491426659038 ], [ -58.464769544687002, -34.668883169831162 ], [ -58.464152578137565, -34.669037264019821 ], [ -58.463649486991017, -34.669158675010117 ], [ -58.463227842900615, -34.669392332351755 ], [ -58.462895624406421, -34.669772454508312 ], [ -58.462809145012343, -34.669888183789737 ], [ -58.462655759791836, -34.670094501883774 ], [ -58.462558168573814, -34.670225533293078 ], [ -58.462471518958999, -34.670358451351696 ], [ -58.462287736722288, -34.670586208841115 ], [ -58.462258588260447, -34.670622331780628 ], [ -58.462080678780019, -34.67079015501681 ], [ -58.461849281803808, -34.671008431193933 ], [ -58.461826247435411, -34.671030160354164 ], [ -58.46143499382395, -34.671363196956108 ], [ -58.46125925595021, -34.671514698042692 ], [ -58.461228408197435, -34.671541290975561 ], [ -58.460030889715384, -34.672570420113715 ], [ -58.459933287183574, -34.672672319347122 ], [ -58.45986628598925, -34.672759712046712 ], [ -58.459824410352397, -34.672829588293972 ], [ -58.459810705662569, -34.672852457618184 ], [ -58.459808634633603, -34.672857079096573 ], [ -58.459767145272416, -34.672949428428311 ], [ -58.459666379525835, -34.673238652405963 ], [ -58.459638072754856, -34.673390482626182 ], [ -58.459547712499315, -34.673538438477649 ], [ -58.459547122207859, -34.673538930630187 ], [ -58.459458531499408, -34.673612733647232 ], [ -58.459406464621999, -34.673656110623966 ], [ -58.459406034731003, -34.673656293596771 ], [ -58.459228138250943, -34.673731949565934 ], [ -58.45900480832546, -34.673759547630176 ], [ -58.458517637231985, -34.673857943800137 ], [ -58.4577283805286, -34.674385766032614 ], [ -58.455052719773398, -34.67648639575588 ], [ -58.454466444442467, -34.676942984304503 ], [ -58.45308657538812, -34.678017589155665 ], [ -58.452931499938025, -34.678138350701133 ], [ -58.451479878246154, -34.679279630009106 ], [ -58.450941232228246, -34.679703169297703 ], [ -58.450938911057165, -34.679705133236126 ], [ -58.450777283290869, -34.679841885070914 ], [ -58.450713673898008, -34.679946879335894 ], [ -58.450642648187333, -34.680041871645351 ], [ -58.450791713344032, -34.680207711426462 ], [ -58.45082572779738, -34.680245553423823 ], [ -58.451108770636971, -34.680509099520577 ], [ -58.451126471238616, -34.680525580876974 ], [ -58.451143315401303, -34.680541264397036 ], [ -58.451374728807203, -34.680756736087538 ], [ -58.451691628386421, -34.681045533524923 ], [ -58.451732551862669, -34.681082827864337 ], [ -58.451792984060113, -34.681138396524055 ], [ -58.452173142484611, -34.681488151116532 ], [ -58.452659340100055, -34.681935378798272 ], [ -58.452814985538517, -34.682078561483216 ], [ -58.453299826205573, -34.682524659687765 ], [ -58.454024795327747, -34.683191548716636 ], [ -58.4546622326109, -34.683777934878186 ], [ -58.455424645675834, -34.684479255558244 ], [ -58.456227650280645, -34.685188108636005 ], [ -58.45631392113242, -34.685242268511509 ], [ -58.456470946748844, -34.685340798800311 ], [ -58.456741516103435, -34.68554838399924 ], [ -58.456913500994453, -34.685680332481454 ], [ -58.45700143919607, -34.685747799465616 ], [ -58.457508829172447, -34.686212403088696 ], [ -58.457775483883772, -34.686457908982348 ], [ -58.45828927506318, -34.686940185332993 ], [ -58.458384327144145, -34.687048428662393 ], [ -58.458492821687926, -34.687171978380803 ], [ -58.458498303764934, -34.687178221759424 ], [ -58.458608941407221, -34.687329227489002 ], [ -58.458619610845425, -34.687343790170019 ], [ -58.45877800158727, -34.68754604990751 ], [ -58.459007580359675, -34.687765636148796 ], [ -58.459462990750851, -34.688183750268834 ], [ -58.460079105625127, -34.688749472788217 ], [ -58.460642457338075, -34.689266669945226 ], [ -58.461002996290659, -34.689597663919024 ], [ -58.462038163702104, -34.690548031959764 ], [ -58.462692850475158, -34.691149092895891 ], [ -58.46339691106342, -34.691795433402021 ], [ -58.464096197739551, -34.691248106172068 ], [ -58.465262931865304, -34.690334993582425 ], [ -58.465396357018818, -34.690230555005257 ], [ -58.46587881428075, -34.689853010372538 ], [ -58.466424440576375, -34.689425955006982 ], [ -58.466491450739831, -34.689373558860012 ], [ -58.466605263169917, -34.689284471355585 ], [ -58.467100327413853, -34.688897695562154 ], [ -58.467583452347178, -34.688520284698008 ], [ -58.468058814367346, -34.688148928768555 ], [ -58.468672788673381, -34.687669325485274 ], [ -58.468762471120314, -34.687599109813213 ], [ -58.468812001713488, -34.687560375820496 ], [ -58.469189223155617, -34.687265147463826 ], [ -58.469563473902959, -34.686972240109192 ], [ -58.469809416057046, -34.686779691542171 ], [ -58.469929871014543, -34.686685530111333 ], [ -58.470038988420924, -34.686600312973745 ], [ -58.47051620420379, -34.686227397717687 ], [ -58.47109673364502, -34.685773769889366 ], [ -58.471213947158894, -34.685682142145602 ], [ -58.471461015361868, -34.685488569736435 ], [ -58.471741702561744, -34.685268655301385 ], [ -58.472129651896751, -34.684964684131607 ], [ -58.472150693282387, -34.68494860415759 ], [ -58.47230244219574, -34.684832628465166 ], [ -58.47237694548852, -34.684775651129911 ], [ -58.472509756213071, -34.684674091932393 ], [ -58.473258704987039, -34.684098398049827 ], [ -58.473446835814542, -34.68395380538179 ], [ -58.474621636482439, -34.683050671998593 ], [ -58.475536602354573, -34.682343328115351 ], [ -58.475797689584681, -34.682141400146115 ], [ -58.476578595201261, -34.682846388944405 ], [ -58.476848718214249, -34.683090210498449 ], [ -58.477339818114615, -34.683533488244656 ], [ -58.477624965088829, -34.683790869835583 ], [ -58.478100882259945, -34.684220442110643 ], [ -58.478163280119276, -34.684276772640885 ], [ -58.4788640064614, -34.684909291955321 ], [ -58.479621515933211, -34.685593066362642 ], [ -58.479684411358399, -34.685649842232309 ], [ -58.480385943395532, -34.686283033106307 ], [ -58.481147996516576, -34.686970812108875 ], [ -58.481909294963664, -34.687658023000992 ], [ -58.48244471760318, -34.688137377211042 ], [ -58.482728916233327, -34.688394865795978 ], [ -58.482799521809881, -34.688458339878878 ], [ -58.482936397849386, -34.688581390023181 ], [ -58.483040820649542, -34.688675264849991 ], [ -58.483170527304765, -34.688791868107202 ], [ -58.48321182987997, -34.688828998527597 ], [ -58.483355353341253, -34.688958024352246 ], [ -58.483359557250687, -34.688954852502668 ], [ -58.483372244264601, -34.688945294574296 ], [ -58.484003350791916, -34.688469847936588 ], [ -58.484261608897427, -34.68827528686743 ], [ -58.484764725611498, -34.687896254004144 ], [ -58.485555487770952, -34.687300506776161 ], [ -58.485673596135058, -34.687211525047829 ], [ -58.486555109860767, -34.686547388066487 ], [ -58.48709978917362, -34.686137015339924 ], [ -58.487395771404273, -34.685914013329203 ], [ -58.488800246793758, -34.684855814130174 ], [ -58.490061175375203, -34.683905732668585 ], [ -58.491452053416069, -34.682857696906183 ], [ -58.491534407590812, -34.682795641007672 ], [ -58.493258841375443, -34.681496206144729 ], [ -58.494236664587987, -34.680759345219251 ], [ -58.495023923958399, -34.680166072766575 ], [ -58.498745071090475, -34.677361662809382 ], [ -58.499016876244063, -34.677156807239285 ], [ -58.502485665318282, -34.674542288248809 ], [ -58.50252527504022, -34.674512432484036 ], [ -58.502521094221727, -34.674510026757744 ], [ -58.502519078188186, -34.674508866691717 ], [ -58.502517854741086, -34.674508139646399 ], [ -58.502497570187316, -34.674496083483746 ], [ -58.502115518616463, -34.674269041953735 ], [ -58.5019756023989, -34.674185892462333 ], [ -58.501773697251771, -34.674065903718159 ], [ -58.50164159490955, -34.673987397206503 ], [ -58.500680875902191, -34.673472553353321 ], [ -58.500523842060119, -34.673388421287349 ], [ -58.500200991358859, -34.67321545008798 ], [ -58.500117562720135, -34.673170751920786 ], [ -58.499741397160932, -34.672969174108722 ], [ -58.499127020676973, -34.67263991821396 ], [ -58.498927765352668, -34.672518496967399 ], [ -58.498723309841914, -34.67239264105681 ], [ -58.498719624221181, -34.672389995583039 ], [ -58.498569773429736, -34.67228242940331 ], [ -58.498252393738738, -34.67205460697366 ], [ -58.497915942986651, -34.671813222878185 ], [ -58.49740751891742, -34.671448364717236 ], [ -58.497039525153696, -34.67118424077124 ], [ -58.495872835698606, -34.670199554601616 ], [ -58.495737684078776, -34.670066279911033 ], [ -58.494347320008046, -34.668695040587224 ], [ -58.493608396960262, -34.667966256200813 ], [ -58.493458496208113, -34.667804039147946 ], [ -58.492597902207443, -34.666873047567556 ], [ -58.492349377427722, -34.666617051790752 ], [ -58.492140189193023, -34.666401573707589 ], [ -58.491935235430731, -34.666190455297354 ], [ -58.491761555489298, -34.666011480824679 ], [ -58.491578426880331, -34.66583095515707 ], [ -58.491578395231492, -34.665830923614948 ], [ -58.491134978289629, -34.665393805335796 ], [ -58.490999929454851, -34.665267427377181 ], [ -58.490077021787279, -34.664404319850455 ], [ -58.488966567474321, -34.663365674725689 ], [ -58.488955645188945, -34.663355458566315 ], [ -58.488953068769007, -34.663353048711436 ], [ -58.488952421454442, -34.663352443245614 ], [ -58.488895073161864, -34.663335276367484 ], [ -58.488861017615271, -34.663325082021338 ], [ -58.487868126182939, -34.663027857682323 ], [ -58.487132360919112, -34.662807598300397 ], [ -58.485951705037508, -34.662454061968518 ], [ -58.485945451344016, -34.662452189092178 ], [ -58.485809453976323, -34.662365851679652 ], [ -58.485361026147253, -34.662081167288044 ], [ -58.485227027786173, -34.661996048470748 ], [ -58.485037532043819, -34.661875732012071 ], [ -58.484131841307651, -34.661300675740591 ], [ -58.483232638827801, -34.660721667939896 ], [ -58.482333620157839, -34.660142794041754 ], [ -58.481434101180248, -34.659563490768626 ], [ -58.480841959115075, -34.659182166741608 ], [ -58.48053391393843, -34.658983829344891 ], [ -58.480300537493363, -34.658833509001028 ], [ -58.480169615068355, -34.65874923147809 ], [ -58.479822876770861, -34.658524699828469 ], [ -58.479718369716473, -34.658457073659505 ], [ -58.479633227183598, -34.658401978060304 ], [ -58.479546650072578, -34.658345896448097 ], [ -58.47946977977648, -34.658296101749869 ], [ -58.479463013344542, -34.658291719071592 ], [ -58.479356979751778, -34.658218915068872 ], [ -58.478851053452402, -34.657871083459561 ], [ -58.478818293732544, -34.657848560507588 ], [ -58.478398542508629, -34.658182347272827 ], [ -58.478277882495256, -34.658279123522192 ], [ -58.477901670159127, -34.658581002163622 ], [ -58.477700653143685, -34.658742294404774 ], [ -58.477043569686643, -34.659255189921218 ], [ -58.475870411542282, -34.660170814729547 ], [ -58.475708501141952, -34.660297241043914 ], [ -58.475132605509081, -34.6607489902918 ], [ -58.475089741061659, -34.660782656828857 ], [ -58.47481467996743, -34.660998432820335 ], [ -58.474442851970366, -34.661290115172648 ], [ -58.474442553098783, -34.661290397342349 ], [ -58.474319969748876, -34.661406042694004 ], [ -58.474216686292451, -34.661503517305952 ], [ -58.473629440262592, -34.661960823904153 ], [ -58.472976225113975, -34.662456584477255 ], [ -58.472587086233837, -34.662727323546946 ], [ -58.472516026414752, -34.662776762437723 ], [ -58.472010739815516, -34.661643744753654 ], [ -58.471290185127458, -34.66002930219701 ], [ -58.470731725479645, -34.658787459894292 ], [ -58.47057275159198, -34.658433944905674 ], [ -58.47057138882731, -34.658430914433694 ], [ -58.470456284382237, -34.65850789657523 ], [ -58.470449037011981, -34.658512487900929 ], [ -58.470111047312656, -34.658726616462751 ], [ -58.469870470605109, -34.658889236595066 ], [ -58.46968025887552, -34.659022768607784 ], [ -58.469670759999403, -34.659029437763259 ], [ -58.469556824635852, -34.659109427004708 ], [ -58.469553636879752, -34.65910676078645 ], [ -58.467656254553091, -34.657519523876921 ], [ -58.467191769760873, -34.657901888728489 ], [ -58.466845229189254, -34.658162565656653 ], [ -58.466711249543366, -34.658264394089258 ], [ -58.466347628901033, -34.65854072942502 ], [ -58.466274061387949, -34.658600230862575 ], [ -58.466138812998707, -34.65870961704438 ], [ -58.465780636166564, -34.65897925664369 ], [ -58.465714513929711, -34.65902903403768 ], [ -58.465194687945903, -34.659429221331024 ], [ -58.464983646428273, -34.659598106981917 ], [ -58.464863404080901, -34.659697467803241 ], [ -58.464801483948982, -34.659748634622062 ], [ -58.464456871407002, -34.660032359213098 ], [ -58.464431352418032, -34.660053372304652 ] ] ] } },
{ "type": "Feature", "properties": { "id": 41, "objeto": "BARRIO", "nombre": "Villa Luro", "comuna": 10, "perimetro_": 8652.93, "area_metro": 2566937.11 }, "geometry": { "type": "Polygon", "coordinates": [ [ [ -58.507293237509266, -34.627599313328957 ], [ -58.507160474101141, -34.62769893991932 ], [ -58.506304013570627, -34.628329110886213 ], [ -58.505356585837987, -34.629026209529279 ], [ -58.504315632272416, -34.629792205968819 ], [ -58.50317918864198, -34.630628295511038 ], [ -58.502695380498565, -34.630984227939535 ], [ -58.50250671395542, -34.631123025947474 ], [ -58.50216979285203, -34.63137095336527 ], [ -58.502052006056793, -34.631457892926193 ], [ -58.501641581256152, -34.631760842205722 ], [ -58.501537335974547, -34.63183932711727 ], [ -58.501041827893275, -34.632212583638157 ], [ -58.50055244666946, -34.632008365575977 ], [ -58.500548602976266, -34.63200684966391 ], [ -58.499977093994552, -34.631781354739594 ], [ -58.499705675489423, -34.631955485391629 ], [ -58.498985392895264, -34.632561445510419 ], [ -58.498983407702362, -34.632563008247971 ], [ -58.49893607919784, -34.632600263252243 ], [ -58.498314424938236, -34.633089321709129 ], [ -58.497640467851703, -34.633619447657303 ], [ -58.497161291555898, -34.633996486793301 ], [ -58.496310755578804, -34.634668628343292 ], [ -58.495438380911985, -34.635342354339599 ], [ -58.495396830550497, -34.635374442212552 ], [ -58.494760058231712, -34.635873838193817 ], [ -58.494566026398985, -34.636026002228199 ], [ -58.493799186646164, -34.636651413868528 ], [ -58.493661319364442, -34.636625602838329 ], [ -58.493157479433329, -34.636526196360556 ], [ -58.493116243656843, -34.636518060342688 ], [ -58.493319782614797, -34.636968225841315 ], [ -58.492270884593076, -34.637787360886037 ], [ -58.491823687088534, -34.638136553482902 ], [ -58.49091156183308, -34.638848812321186 ], [ -58.490387347428502, -34.639258229834489 ], [ -58.490359646230161, -34.639280186380454 ], [ -58.490059392715537, -34.639518233828909 ], [ -58.489566859876852, -34.63990883726769 ], [ -58.48873826676968, -34.640565920186511 ], [ -58.488231239991912, -34.640967507652022 ], [ -58.487805817868299, -34.641304498245816 ], [ -58.48804468586863, -34.641417197365492 ], [ -58.488711697096477, -34.641733048984143 ], [ -58.489544126514872, -34.642127171985905 ], [ -58.489623637644229, -34.642164831342797 ], [ -58.490235273264723, -34.642455817356471 ], [ -58.490317271173346, -34.642495111780001 ], [ -58.49047795762857, -34.642572116508823 ], [ -58.49058822807018, -34.642624959941337 ], [ -58.490878946384058, -34.642764276913645 ], [ -58.491636146792601, -34.64312720544477 ], [ -58.492331736584688, -34.643460495459685 ], [ -58.493665066289111, -34.644099400871525 ], [ -58.494840662695289, -34.644662769546549 ], [ -58.494963888337807, -34.644692314869516 ], [ -58.49508192474638, -34.644745242343618 ], [ -58.495302064570311, -34.644852439732254 ], [ -58.495313946201456, -34.644842805014392 ], [ -58.495398322112237, -34.644774385178437 ], [ -58.496419677924123, -34.64397537288427 ], [ -58.496676759745824, -34.643774315886283 ], [ -58.497137425921906, -34.64341397409882 ], [ -58.498185873965127, -34.643905866220983 ], [ -58.499221464980629, -34.644391837081074 ], [ -58.500248629768819, -34.644873787652969 ], [ -58.501274784226148, -34.645355236771138 ], [ -58.502299069052611, -34.645822663501455 ], [ -58.502835267615609, -34.645384319005352 ], [ -58.503326828726351, -34.644983450521131 ], [ -58.503843099954473, -34.644593347342706 ], [ -58.504348804792755, -34.644211203211604 ], [ -58.504470184432478, -34.644119400863907 ], [ -58.505659255432185, -34.643219901557941 ], [ -58.506846851850995, -34.642321518732658 ], [ -58.506964989068862, -34.642232109194339 ], [ -58.508031099021188, -34.641420307620628 ], [ -58.50920995544061, -34.640522537536675 ], [ -58.509787833020361, -34.640082385050896 ], [ -58.509821535166523, -34.640013005499306 ], [ -58.510051942209529, -34.639121430872713 ], [ -58.510314831092991, -34.638123081170058 ], [ -58.510481557743816, -34.637489771494302 ], [ -58.510508919438102, -34.637375634323142 ], [ -58.509355578429052, -34.637211820928371 ], [ -58.505671995688679, -34.636722634062686 ], [ -58.505671766648668, -34.636722601691233 ], [ -58.505737754516616, -34.636670515608223 ], [ -58.506138046005525, -34.636354549800267 ], [ -58.50633359731976, -34.636200192616997 ], [ -58.50681882923088, -34.635817173289944 ], [ -58.506961156796464, -34.635895715174989 ], [ -58.507091855968035, -34.635895738627134 ], [ -58.507651032165569, -34.635895889023416 ], [ -58.508275300104849, -34.635733545961145 ], [ -58.508829864335731, -34.635558197559249 ], [ -58.509380277029074, -34.635354026288297 ], [ -58.509541571891333, -34.635294194974328 ], [ -58.509657319275341, -34.635244806558077 ], [ -58.509657420674174, -34.635244763251485 ], [ -58.509977185192881, -34.635108322678114 ], [ -58.509997248076168, -34.63510003998843 ], [ -58.510670043066519, -34.6348222783488 ], [ -58.510177323937164, -34.634776928220504 ], [ -58.509597231576855, -34.63472353440303 ], [ -58.509404584877359, -34.634705789964869 ], [ -58.509222332474337, -34.634690155132589 ], [ -58.508762998083846, -34.634650818998772 ], [ -58.508387751130272, -34.634604197275181 ], [ -58.508680889250137, -34.634383593776647 ], [ -58.509086182712544, -34.634069495776394 ], [ -58.509203793434736, -34.633978393993559 ], [ -58.51010413215662, -34.633286213957646 ], [ -58.511042267739484, -34.632564998487133 ], [ -58.51204417152173, -34.631794734767382 ], [ -58.512907161622792, -34.631131208408021 ], [ -58.513022552799093, -34.63104250157631 ], [ -58.513450745587434, -34.630713246574381 ], [ -58.514037022414307, -34.630262427689637 ], [ -58.514906881432189, -34.629593604565827 ], [ -58.515126153663118, -34.629425059107412 ], [ -58.515247582504834, -34.629331063469998 ], [ -58.515558674240395, -34.629090427743286 ], [ -58.515647207231105, -34.62902194510697 ], [ -58.515913735011651, -34.628815701356849 ], [ -58.516381392110219, -34.628455283944646 ], [ -58.515546287937163, -34.627720495596058 ], [ -58.515421751978209, -34.627610829145048 ], [ -58.514677956150798, -34.626956208405161 ], [ -58.514561093605892, -34.626853228155518 ], [ -58.514438862271035, -34.626745461708403 ], [ -58.514106860968326, -34.626452920699045 ], [ -58.513672152373886, -34.626069927823991 ], [ -58.513561088493141, -34.625971310676704 ], [ -58.512938275080259, -34.625418384066464 ], [ -58.512712392539186, -34.625217846131555 ], [ -58.512647260235283, -34.625161806061136 ], [ -58.512616590260812, -34.625135418616672 ], [ -58.512488994542835, -34.625025609736753 ], [ -58.511810371014548, -34.624424240396387 ], [ -58.511775755008401, -34.624393564454351 ], [ -58.511650888646365, -34.62428368328802 ], [ -58.511212014985368, -34.624618930939626 ], [ -58.510873651647515, -34.624877414485745 ], [ -58.510735074209023, -34.624983276078446 ], [ -58.510562471735504, -34.625120246038477 ], [ -58.510183884132715, -34.625420606914176 ], [ -58.510082125939782, -34.625501350893586 ], [ -58.509361717896624, -34.626053321171277 ], [ -58.509255529040274, -34.626134630414363 ], [ -58.508312242367417, -34.626835835014013 ], [ -58.50818050337282, -34.626933842499227 ], [ -58.507293237509266, -34.627599313328957 ] ] ] } },
{ "type": "Feature", "properties": { "id": 42, "objeto": "BARRIO", "nombre": "Villa Ortuzar", "comuna": 15, "perimetro_": 5685.0, "area_metro": 1853802.23 }, "geometry": { "type": "Polygon", "coordinates": [ [ [ -58.463357270753782, -34.575014325093214 ], [ -58.463188835027395, -34.575111026455005 ], [ -58.462377817987189, -34.576037792760197 ], [ -58.462248822677473, -34.57617257835102 ], [ -58.461607027632766, -34.576843151856131 ], [ -58.460634404597101, -34.577859319995405 ], [ -58.460548772390382, -34.577948788211174 ], [ -58.460226666340127, -34.578301110897925 ], [ -58.460525036407368, -34.578300493358078 ], [ -58.460529518856909, -34.57830048444562 ], [ -58.460531090657135, -34.579672623765525 ], [ -58.460532416324781, -34.580777925541945 ], [ -58.460533742829107, -34.581859002216028 ], [ -58.46053498382868, -34.582955994256118 ], [ -58.460536309909287, -34.584051860220029 ], [ -58.460537387539468, -34.584949622570818 ], [ -58.460472414789187, -34.585041806185451 ], [ -58.460427280110778, -34.585208920260747 ], [ -58.460448053182404, -34.585293429313921 ], [ -58.460415692883558, -34.585408078956789 ], [ -58.460380575719334, -34.585533343699815 ], [ -58.461465547580318, -34.585838918937959 ], [ -58.46187191205059, -34.586047843943668 ], [ -58.461954349647108, -34.586117856724805 ], [ -58.462976775018774, -34.58698617890402 ], [ -58.463076131374237, -34.587070558764317 ], [ -58.464534842218427, -34.588427749818152 ], [ -58.465784518525332, -34.589609985498505 ], [ -58.466829638959702, -34.590598667711433 ], [ -58.466959083287456, -34.590520683518875 ], [ -58.466960750905606, -34.59051936558707 ], [ -58.467119425080263, -34.590393986176835 ], [ -58.46766260530228, -34.589964664801705 ], [ -58.467894045320051, -34.589781765488574 ], [ -58.46807814024919, -34.589636263170839 ], [ -58.468192070932112, -34.589546539019011 ], [ -58.468896598970581, -34.588991428004704 ], [ -58.469213011038832, -34.588742183725202 ], [ -58.470232142977373, -34.587939228813845 ], [ -58.470805881989982, -34.587465619881613 ], [ -58.470816590465546, -34.587450980992124 ], [ -58.470835843044092, -34.587424662720174 ], [ -58.470838268959668, -34.587421346230052 ], [ -58.471115275629103, -34.586893467286252 ], [ -58.472130981970395, -34.58496264477867 ], [ -58.47246146253341, -34.584334298494205 ], [ -58.472982713839876, -34.583343254243154 ], [ -58.4735397055126, -34.582284316482053 ], [ -58.473649006334014, -34.582067331523682 ], [ -58.473631629004799, -34.582002613372474 ], [ -58.473657673926496, -34.581925356322138 ], [ -58.473631611436389, -34.581860638906164 ], [ -58.47357199750379, -34.581770782661657 ], [ -58.473858925597725, -34.581677443538325 ], [ -58.473996177957986, -34.581632786699558 ], [ -58.474311426444075, -34.581275427380895 ], [ -58.474462962097654, -34.581103720940916 ], [ -58.474683539164658, -34.580848132062606 ], [ -58.474922162123264, -34.580571484662286 ], [ -58.474997672472767, -34.580476616848081 ], [ -58.475425280413276, -34.57996417063962 ], [ -58.475500460867508, -34.579946345571578 ], [ -58.476669969825039, -34.579669844201817 ], [ -58.477223797293952, -34.579538900699184 ], [ -58.478989091804699, -34.579130861790425 ], [ -58.478656315769179, -34.578934280649648 ], [ -58.478199731867839, -34.578674754597273 ], [ -58.477774230263279, -34.578432900101554 ], [ -58.477334340813094, -34.578182876146194 ], [ -58.47715143818359, -34.578079091554343 ], [ -58.475595502467257, -34.577196213356736 ], [ -58.475008064304411, -34.57686288415109 ], [ -58.474979986486964, -34.576846901854871 ], [ -58.474852073538685, -34.576774095036811 ], [ -58.474620217099691, -34.576642071377542 ], [ -58.47383030814602, -34.57619234492401 ], [ -58.473735712746247, -34.576140747308422 ], [ -58.473685985224606, -34.576113623132734 ], [ -58.473548389257843, -34.576038703721686 ], [ -58.472887998634135, -34.575661003960079 ], [ -58.472743762012946, -34.575577773910197 ], [ -58.471959747988841, -34.575125499102491 ], [ -58.471807254467592, -34.57503853661941 ], [ -58.47086641760621, -34.574502108418642 ], [ -58.469927034655569, -34.573966454375565 ], [ -58.469135309397274, -34.573515000950472 ], [ -58.468289096483417, -34.573032494057486 ], [ -58.468082802199817, -34.57291482378605 ], [ -58.467365843533827, -34.572502164971752 ], [ -58.466039016541188, -34.573341867252324 ], [ -58.464993200254099, -34.574000984001309 ], [ -58.463357270753782, -34.575014325093214 ] ] ] } },
{ "type": "Feature", "properties": { "id": 43, "objeto": "BARRIO", "nombre": "Villa Pueyrredon", "comuna": 12, "perimetro_": 7522.36, "area_metro": 3303239.82 }, "geometry": { "type": "Polygon", "coordinates": [ [ [ -58.509040472963434, -34.570003427342698 ], [ -58.507980313991901, -34.570657257984074 ], [ -58.507880140755944, -34.570713915027433 ], [ -58.507635792024395, -34.570852317139497 ], [ -58.507121729274104, -34.571142790118131 ], [ -58.506874066051878, -34.57129527667842 ], [ -58.506789553802967, -34.571347279474026 ], [ -58.506674994100358, -34.57141168750811 ], [ -58.506485878681787, -34.571517884029312 ], [ -58.505859929407428, -34.571861277897661 ], [ -58.505545985961128, -34.572033504446459 ], [ -58.505339845312179, -34.572151536297106 ], [ -58.505127066163531, -34.572273372289672 ], [ -58.504195936751223, -34.572811374290012 ], [ -58.503948173677166, -34.572954488187122 ], [ -58.502994652766347, -34.573524108657836 ], [ -58.502946820511809, -34.573555392881168 ], [ -58.502283581347974, -34.574067236255509 ], [ -58.501735655679951, -34.574490023890014 ], [ -58.501475818604334, -34.574690602454481 ], [ -58.501328836342829, -34.574803960312728 ], [ -58.500692558003216, -34.575298180787499 ], [ -58.500151001445865, -34.575718846334411 ], [ -58.499826898756268, -34.575970639029912 ], [ -58.499657100989985, -34.576102875735842 ], [ -58.49884606800866, -34.576734676177999 ], [ -58.498035192677271, -34.577366259289434 ], [ -58.497860282938404, -34.577502508970881 ], [ -58.497218348543711, -34.578004247747735 ], [ -58.497023859486163, -34.578156276606258 ], [ -58.49636208314918, -34.578676608213073 ], [ -58.495907729948122, -34.579033920336485 ], [ -58.49581616425931, -34.579103906205887 ], [ -58.495564166341069, -34.57929651307046 ], [ -58.495546232905603, -34.579310219477854 ], [ -58.495416853404656, -34.579410959048055 ], [ -58.495286195813392, -34.579510432311572 ], [ -58.49446087630313, -34.580139249447207 ], [ -58.494329450530081, -34.580239424983198 ], [ -58.493619371001586, -34.58078038834784 ], [ -58.493453888800808, -34.580890713322496 ], [ -58.493245929194082, -34.581029288351786 ], [ -58.492543934936926, -34.581598835715148 ], [ -58.492405953128745, -34.581710841933386 ], [ -58.491940085933216, -34.582113142808332 ], [ -58.49175205283543, -34.582275302686192 ], [ -58.491042985074067, -34.582886885416706 ], [ -58.490520157503774, -34.583337785945268 ], [ -58.490438098661734, -34.583408510189159 ], [ -58.490264870465644, -34.583557706466564 ], [ -58.489832948385576, -34.583929567686098 ], [ -58.489506237241514, -34.584210841362079 ], [ -58.488794157271577, -34.584824031347416 ], [ -58.488969428468671, -34.584935897474637 ], [ -58.48956005633142, -34.585308384730169 ], [ -58.490286190986993, -34.585766262717456 ], [ -58.49085076827545, -34.586122269586937 ], [ -58.491413818692841, -34.586477288015878 ], [ -58.491970570509977, -34.586828291262037 ], [ -58.492540528058782, -34.587187740538418 ], [ -58.493663850802086, -34.587895999262315 ], [ -58.49389083410405, -34.588039113988998 ], [ -58.494225645087404, -34.58824685025678 ], [ -58.494794684452685, -34.588599950334384 ], [ -58.495361427150179, -34.588951570004582 ], [ -58.495592589845963, -34.589095031996926 ], [ -58.495928175353185, -34.589302270271389 ], [ -58.497066540340477, -34.59000521284748 ], [ -58.498202624007376, -34.590706665232048 ], [ -58.499487363512792, -34.591499896405061 ], [ -58.500817103856825, -34.592320987456048 ], [ -58.501928121766866, -34.593006919807685 ], [ -58.502141929019849, -34.593139107891581 ], [ -58.503311235235671, -34.593861840240493 ], [ -58.503471720054613, -34.593959253914015 ], [ -58.50411670285964, -34.593247267870964 ], [ -58.504768484537799, -34.592527669817521 ], [ -58.505284675333492, -34.591957835982512 ], [ -58.505422126463422, -34.591805814000566 ], [ -58.506071756477944, -34.591087548180838 ], [ -58.506723587712088, -34.590366672022647 ], [ -58.507503915473912, -34.589503771551314 ], [ -58.508243718901177, -34.588685669964093 ], [ -58.509021546922618, -34.587825507122638 ], [ -58.509787956433257, -34.58697787876536 ], [ -58.510492399545321, -34.586198791240726 ], [ -58.511040252849874, -34.585592792958337 ], [ -58.511154026321556, -34.585467323286991 ], [ -58.511809855407307, -34.584743742335121 ], [ -58.512356839923939, -34.584140343468491 ], [ -58.512467629933582, -34.584017197616511 ], [ -58.513272087981065, -34.583123404730877 ], [ -58.513400412988453, -34.582980848561981 ], [ -58.513813347079733, -34.582522114469228 ], [ -58.513920561240987, -34.582404321409044 ], [ -58.514516308137523, -34.58175028280111 ], [ -58.514572707027469, -34.581699329504609 ], [ -58.514583532047297, -34.581687627163063 ], [ -58.514583236412768, -34.581687171166195 ], [ -58.514654839320762, -34.581615671569224 ], [ -58.514740973081352, -34.581529661875742 ], [ -58.514854540194662, -34.581416257042598 ], [ -58.514855538985252, -34.581415259644466 ], [ -58.514902501722332, -34.581368363887421 ], [ -58.514970212783901, -34.581322495067489 ], [ -58.514999110089384, -34.581320024644 ], [ -58.515161487936652, -34.581306144118791 ], [ -58.515298628010505, -34.581294420425756 ], [ -58.515459093149076, -34.581280702575967 ], [ -58.515535768574168, -34.581274147071852 ], [ -58.515396237073226, -34.580981406682518 ], [ -58.513823893808777, -34.577682413322073 ], [ -58.512710998394766, -34.57534723208957 ], [ -58.511052290358066, -34.571866519818343 ], [ -58.510334290069004, -34.570359736647923 ], [ -58.510318183185646, -34.570325393082953 ], [ -58.510318067536758, -34.570325147037963 ], [ -58.51029484715918, -34.570275637900394 ], [ -58.509921032577914, -34.569380839217779 ], [ -58.509879170043014, -34.56928063184472 ], [ -58.509875293139181, -34.569271350429027 ], [ -58.509874864147605, -34.569271983394458 ], [ -58.509851116079389, -34.569307023707871 ], [ -58.509844880452924, -34.56931622514783 ], [ -58.509804848066665, -34.569375294688498 ], [ -58.509685806940155, -34.569504241330492 ], [ -58.509676604426495, -34.569514210101822 ], [ -58.50957347047401, -34.569621444226819 ], [ -58.509522005772276, -34.569674954398138 ], [ -58.509484209538691, -34.569707266830143 ], [ -58.509394559773995, -34.569783907579492 ], [ -58.509312121449177, -34.569854384291354 ], [ -58.509254522260626, -34.569903624798137 ], [ -58.509233492883148, -34.569913431223306 ], [ -58.509040472963434, -34.570003427342698 ] ] ] } },
{ "type": "Feature", "properties": { "id": 44, "objeto": "BARRIO", "nombre": "Villa Real", "comuna": 10, "perimetro_": 5070.97, "area_metro": 1334146.21 }, "geometry": { "type": "Polygon", "coordinates": [ [ [ -58.516949275507223, -34.620220363347691 ], [ -58.517398617874399, -34.620621909472646 ], [ -58.517430936879023, -34.620650790131386 ], [ -58.517555993318346, -34.620762908092594 ], [ -58.517906638425693, -34.621077273037741 ], [ -58.518290884248799, -34.621421329886978 ], [ -58.518393765311664, -34.621513256164988 ], [ -58.518888057403331, -34.621955009440327 ], [ -58.519380479150769, -34.622395000165071 ], [ -58.519578879499242, -34.62257231977329 ], [ -58.519893831774461, -34.622853803490635 ], [ -58.519895069046157, -34.622854908957663 ], [ -58.520287598977539, -34.623205645895609 ], [ -58.520693686831834, -34.6235685578458 ], [ -58.521175557088185, -34.623999110109644 ], [ -58.521635611222997, -34.624410163269395 ], [ -58.522830932152033, -34.623491335703363 ], [ -58.523326485581769, -34.623742926738608 ], [ -58.523615296318305, -34.623889617284853 ], [ -58.523961377466726, -34.6240653629525 ], [ -58.524105061135472, -34.624138318953079 ], [ -58.524168804753032, -34.62417068324995 ], [ -58.525282650728734, -34.624736466594108 ], [ -58.525843073418748, -34.625021183866693 ], [ -58.526346059658025, -34.625276632145578 ], [ -58.526842826739433, -34.62552898340229 ], [ -58.526945834909682, -34.625581302114718 ], [ -58.527855206043142, -34.626043175295216 ], [ -58.528227619372117, -34.626232339503055 ], [ -58.528359483165602, -34.626299318546103 ], [ -58.528863336851508, -34.626555248995267 ], [ -58.529165811987241, -34.626708872516119 ], [ -58.529374863709592, -34.62681504658876 ], [ -58.529808756184245, -34.627040728739402 ], [ -58.530073592703175, -34.62717069476119 ], [ -58.530209978307653, -34.627237625146691 ], [ -58.530364471905919, -34.627313440619282 ], [ -58.530743773912398, -34.627499577165608 ], [ -58.530801390935309, -34.627527850727127 ], [ -58.530801392000946, -34.627527820078328 ], [ -58.531517309369939, -34.61549898106118 ], [ -58.531072729421098, -34.614501702991618 ], [ -58.529467684902812, -34.610901061591278 ], [ -58.529400336617066, -34.610946138483918 ], [ -58.529338410478331, -34.610987588693192 ], [ -58.529006263014338, -34.611233691805396 ], [ -58.528938858076721, -34.611283635241605 ], [ -58.528888304665372, -34.611313559847112 ], [ -58.528552369298161, -34.611512414886704 ], [ -58.528158144224193, -34.611804460009125 ], [ -58.5277556563708, -34.612099114217578 ], [ -58.527347206342128, -34.61239813579504 ], [ -58.526942499594185, -34.612694337100486 ], [ -58.526536171817597, -34.612991735878552 ], [ -58.525847290677156, -34.613496040864746 ], [ -58.525714825236946, -34.613593293533491 ], [ -58.525613178023121, -34.613667853289797 ], [ -58.525427999928375, -34.613790032489476 ], [ -58.525424429899175, -34.613792387915794 ], [ -58.525114928447962, -34.614005310957175 ], [ -58.525113005064703, -34.614006633413766 ], [ -58.525080480669516, -34.613983186821009 ], [ -58.525059313368772, -34.613967927479372 ], [ -58.524269233591397, -34.614605094426118 ], [ -58.524120001631758, -34.614725381404497 ], [ -58.523118768727521, -34.615513844703585 ], [ -58.521957099027247, -34.616393715114825 ], [ -58.521012255021482, -34.617114879774498 ], [ -58.520889401263808, -34.617208671068092 ], [ -58.520330649749965, -34.617639759922135 ], [ -58.520121461626488, -34.617801151271209 ], [ -58.519479345946429, -34.618296455166146 ], [ -58.519340312829073, -34.618402364708537 ], [ -58.518898604739185, -34.618738768386876 ], [ -58.518672812077419, -34.618910844810841 ], [ -58.518538459605793, -34.619012878806664 ], [ -58.518207344493433, -34.619264510813821 ], [ -58.517740594560536, -34.619619090535082 ], [ -58.516949275507223, -34.620220363347691 ] ] ] } },
{ "type": "Feature", "properties": { "id": 45, "objeto": "BARRIO", "nombre": "Villa Riachuelo", "comuna": 8, "perimetro_": 10609.17, "area_metro": 4239850.05 }, "geometry": { "type": "Polygon", "coordinates": [ [ [ -58.444297055272806, -34.684935494155702 ], [ -58.444297601511714, -34.684936142769175 ], [ -58.444297684645463, -34.684936241483605 ], [ -58.444319805890252, -34.684962508618952 ], [ -58.444319844300573, -34.68496255422798 ], [ -58.444349954225537, -34.684998307222116 ], [ -58.444443775992674, -34.685109714565513 ], [ -58.444445661913079, -34.6851119539715 ], [ -58.444486081303317, -34.685159949292263 ], [ -58.451245153093403, -34.693184889774443 ], [ -58.45376593316049, -34.696230508807844 ], [ -58.457915750742288, -34.70111370884193 ], [ -58.458875376612028, -34.702230412904747 ], [ -58.460312982459669, -34.703810920737581 ], [ -58.460341608303935, -34.703843969723287 ], [ -58.460402325368115, -34.703915217615645 ], [ -58.460461419216323, -34.703975737565464 ], [ -58.460461419216323, -34.703975737565464 ], [ -58.460485056409425, -34.704010877921924 ], [ -58.46053705899255, -34.704067493247024 ], [ -58.460612698746417, -34.704165105514761 ], [ -58.460754525497727, -34.704291514253754 ], [ -58.460863849558869, -34.704423778813876 ], [ -58.46096076416967, -34.704540425344348 ], [ -58.46100331241577, -34.704581422592717 ], [ -58.46103404160651, -34.704615586866936 ], [ -58.46107186181932, -34.704671225587944 ], [ -58.461585691361698, -34.705355483937794 ], [ -58.46171655777438, -34.705295911249209 ], [ -58.461745315718872, -34.705274640338104 ], [ -58.461753045737254, -34.705268922812827 ], [ -58.461753085031326, -34.705268893968274 ], [ -58.461842541221166, -34.70520137158465 ], [ -58.461873897842374, -34.705177702814133 ], [ -58.462105155646526, -34.705003143351561 ], [ -58.462196513737666, -34.704934183881107 ], [ -58.462382985370276, -34.704793430816913 ], [ -58.462383021301257, -34.704793403695305 ], [ -58.464129740919823, -34.703474893731581 ], [ -58.466578953854373, -34.701625995199741 ], [ -58.471994993834919, -34.697536984996852 ], [ -58.472535281490323, -34.697129041890321 ], [ -58.474065628850667, -34.695973521993821 ], [ -58.48216378706929, -34.689857979628862 ], [ -58.482163823075368, -34.68985795167962 ], [ -58.482494907403421, -34.689607895213882 ], [ -58.482495744270018, -34.689607263154606 ], [ -58.482791044703617, -34.689384230977176 ], [ -58.483283709165306, -34.689012135594972 ], [ -58.483284175849633, -34.689011783119128 ], [ -58.483349106153604, -34.688962742717798 ], [ -58.483355049982251, -34.688958253472798 ], [ -58.483355353341253, -34.688958024352246 ], [ -58.48321182987997, -34.688828998527597 ], [ -58.483170527304765, -34.688791868107202 ], [ -58.483040820649542, -34.688675264849991 ], [ -58.482936397849386, -34.688581390023181 ], [ -58.482799521809881, -34.688458339878878 ], [ -58.482728916233327, -34.688394865795978 ], [ -58.48244471760318, -34.688137377211042 ], [ -58.481909294963664, -34.687658023000992 ], [ -58.481147996516576, -34.686970812108875 ], [ -58.480385943395532, -34.686283033106307 ], [ -58.479684411358399, -34.685649842232309 ], [ -58.479621515933211, -34.685593066362642 ], [ -58.4788640064614, -34.684909291955321 ], [ -58.478163280119276, -34.684276772640885 ], [ -58.478100882259945, -34.684220442110643 ], [ -58.477624965088829, -34.683790869835583 ], [ -58.477339818114615, -34.683533488244656 ], [ -58.476848718214249, -34.683090210498449 ], [ -58.476578595201261, -34.682846388944405 ], [ -58.475797689584681, -34.682141400146115 ], [ -58.475536602354573, -34.682343328115351 ], [ -58.474621636482439, -34.683050671998593 ], [ -58.473446835814542, -34.68395380538179 ], [ -58.473258704987039, -34.684098398049827 ], [ -58.472509756213071, -34.684674091932393 ], [ -58.47237694548852, -34.684775651129911 ], [ -58.47230244219574, -34.684832628465166 ], [ -58.472150693282387, -34.68494860415759 ], [ -58.472129651896751, -34.684964684131607 ], [ -58.471741702561744, -34.685268655301385 ], [ -58.471461015361868, -34.685488569736435 ], [ -58.471213947158894, -34.685682142145602 ], [ -58.47109673364502, -34.685773769889366 ], [ -58.47051620420379, -34.686227397717687 ], [ -58.470038988420924, -34.686600312973745 ], [ -58.469929871014543, -34.686685530111333 ], [ -58.469809416057046, -34.686779691542171 ], [ -58.469563473902959, -34.686972240109192 ], [ -58.469189223155617, -34.687265147463826 ], [ -58.468812001713488, -34.687560375820496 ], [ -58.468762471120314, -34.687599109813213 ], [ -58.468672788673381, -34.687669325485274 ], [ -58.468058814367346, -34.688148928768555 ], [ -58.467583452347178, -34.688520284698008 ], [ -58.467100327413853, -34.688897695562154 ], [ -58.466605263169917, -34.689284471355585 ], [ -58.466491450739831, -34.689373558860012 ], [ -58.466424440576375, -34.689425955006982 ], [ -58.46587881428075, -34.689853010372538 ], [ -58.465396357018818, -34.690230555005257 ], [ -58.465262931865304, -34.690334993582425 ], [ -58.464096197739551, -34.691248106172068 ], [ -58.46339691106342, -34.691795433402021 ], [ -58.462692850475158, -34.691149092895891 ], [ -58.462038163702104, -34.690548031959764 ], [ -58.461002996290659, -34.689597663919024 ], [ -58.460642457338075, -34.689266669945226 ], [ -58.460079105625127, -34.688749472788217 ], [ -58.459462990750851, -34.688183750268834 ], [ -58.459007580359675, -34.687765636148796 ], [ -58.45877800158727, -34.68754604990751 ], [ -58.458619610845425, -34.687343790170019 ], [ -58.458608941407221, -34.687329227489002 ], [ -58.458498303764934, -34.687178221759424 ], [ -58.458492821687926, -34.687171978380803 ], [ -58.458384327144145, -34.687048428662393 ], [ -58.45828927506318, -34.686940185332993 ], [ -58.457775483883772, -34.686457908982348 ], [ -58.457508829172447, -34.686212403088696 ], [ -58.45700143919607, -34.685747799465616 ], [ -58.456913500994453, -34.685680332481454 ], [ -58.456741516103435, -34.68554838399924 ], [ -58.456470946748844, -34.685340798800311 ], [ -58.45631392113242, -34.685242268511509 ], [ -58.456227650280645, -34.685188108636005 ], [ -58.455424645675834, -34.684479255558244 ], [ -58.4546622326109, -34.683777934878186 ], [ -58.454024795327747, -34.683191548716636 ], [ -58.453299826205573, -34.682524659687765 ], [ -58.452814985538517, -34.682078561483216 ], [ -58.452659340100055, -34.681935378798272 ], [ -58.452173142484611, -34.681488151116532 ], [ -58.451792984060113, -34.681138396524055 ], [ -58.451732551862669, -34.681082827864337 ], [ -58.451691628386421, -34.681045533524923 ], [ -58.451374728807203, -34.680756736087538 ], [ -58.451143315401303, -34.680541264397036 ], [ -58.451165562938854, -34.680594823018652 ], [ -58.451183434289653, -34.680637849120409 ], [ -58.451190036789932, -34.680653744348106 ], [ -58.451185804894635, -34.680671211460428 ], [ -58.451170532496832, -34.680734256395098 ], [ -58.451166233991863, -34.680752000232943 ], [ -58.451154668722523, -34.680767006664453 ], [ -58.451099528481258, -34.680821654577223 ], [ -58.451049905857971, -34.680848976760501 ], [ -58.450967203646435, -34.680867185926708 ], [ -58.450884505888581, -34.680862623605712 ], [ -58.450790785325587, -34.68083528686347 ], [ -58.450666064069175, -34.680755274720582 ], [ -58.450320355883228, -34.680431909656413 ], [ -58.450134772391671, -34.680438227570932 ], [ -58.4499365621134, -34.680504685028822 ], [ -58.449784805220091, -34.680613753392663 ], [ -58.448627363021799, -34.681525326819674 ], [ -58.444513079990806, -34.684765382023038 ], [ -58.444395216091351, -34.684858191890122 ], [ -58.444297055272806, -34.684935494155702 ] ] ] } },
{ "type": "Feature", "properties": { "id": 46, "objeto": "BARRIO", "nombre": "Villa Santa Rita", "comuna": 11, "perimetro_": 5757.75, "area_metro": 2153691.02 }, "geometry": { "type": "Polygon", "coordinates": [ [ [ -58.471622219040277, -34.619160243812559 ], [ -58.472644667472487, -34.619701247804187 ], [ -58.472789825689169, -34.61977805377159 ], [ -58.472935244577613, -34.619853184707168 ], [ -58.474190615122069, -34.620502452691795 ], [ -58.474510338892195, -34.62066770799882 ], [ -58.475498808597628, -34.621184355430039 ], [ -58.475746396877895, -34.621315834882452 ], [ -58.476027278993627, -34.621463061761432 ], [ -58.476742565262562, -34.621835101734128 ], [ -58.47780801107838, -34.622389211867578 ], [ -58.478007027481652, -34.622492710618353 ], [ -58.478116844397441, -34.622549810345078 ], [ -58.478286666999509, -34.622640706734167 ], [ -58.478799862226019, -34.622915363601564 ], [ -58.479376809868015, -34.623197334842651 ], [ -58.479756356512794, -34.623360666430749 ], [ -58.480740713419422, -34.623784266900714 ], [ -58.481733770730301, -34.624211519645186 ], [ -58.481787871863823, -34.624234822150122 ], [ -58.481822974906386, -34.624249919196899 ], [ -58.481886845049566, -34.624277387433494 ], [ -58.48188688103702, -34.624277402752135 ], [ -58.481920950292654, -34.624292055528613 ], [ -58.4827431937344, -34.624634748549248 ], [ -58.48339123341826, -34.624115766100324 ], [ -58.48403875918396, -34.62359719941292 ], [ -58.48497095633082, -34.622850620036019 ], [ -58.485113019767873, -34.622737283630038 ], [ -58.486184789838774, -34.621882429219568 ], [ -58.487264543859197, -34.62102115461667 ], [ -58.488204178765208, -34.620271661518807 ], [ -58.488337717544752, -34.620165365841544 ], [ -58.48941274346182, -34.619309355279469 ], [ -58.49048902487182, -34.618452348695278 ], [ -58.490616426186776, -34.61835084020251 ], [ -58.491561961395028, -34.617593854044728 ], [ -58.492636578245673, -34.616733449244414 ], [ -58.493710151575343, -34.615873808540464 ], [ -58.493829454909395, -34.615778285000474 ], [ -58.494785749748949, -34.615021200546877 ], [ -58.494609881544818, -34.614870399441628 ], [ -58.494056462524284, -34.614394336104056 ], [ -58.493438635066411, -34.613862793803918 ], [ -58.493316023847413, -34.613755216970127 ], [ -58.493044985095416, -34.613517533712496 ], [ -58.492265631515998, -34.612866022154464 ], [ -58.491699734732052, -34.61243755765102 ], [ -58.491229606399529, -34.612081605025423 ], [ -58.490731792354062, -34.611704670818362 ], [ -58.490680163297569, -34.61166559771425 ], [ -58.490254772525077, -34.611343434516151 ], [ -58.490103632273978, -34.611227480197648 ], [ -58.489274840574872, -34.610591594372437 ], [ -58.489142531690291, -34.610490071093665 ], [ -58.488929486945644, -34.610337723614144 ], [ -58.488897683022977, -34.610314980229241 ], [ -58.488656460151297, -34.610142546405051 ], [ -58.488654711025085, -34.61014129559625 ], [ -58.488651504376925, -34.610140471462401 ], [ -58.488201211364093, -34.610024765855925 ], [ -58.488157676963475, -34.610013579084779 ], [ -58.488133609605995, -34.610008800144762 ], [ -58.4879840800062, -34.609979107033304 ], [ -58.487821641309026, -34.609946745423215 ], [ -58.48647365877008, -34.609620384403307 ], [ -58.486283111356855, -34.609574292928471 ], [ -58.486087281361691, -34.609525948589706 ], [ -58.486056416978485, -34.609518327426699 ], [ -58.485737020879832, -34.609439462659545 ], [ -58.485382332329067, -34.609351920959924 ], [ -58.485164015932966, -34.60929801563401 ], [ -58.484993741686594, -34.609256074059296 ], [ -58.484655154063127, -34.609172682028742 ], [ -58.484355066515519, -34.609098788806584 ], [ -58.484057706312392, -34.609025528981817 ], [ -58.483674059953252, -34.60893108505082 ], [ -58.483429256147851, -34.608870843144615 ], [ -58.482214355056136, -34.608572160520403 ], [ -58.481969978716023, -34.608512689936816 ], [ -58.481319646124064, -34.608354405302983 ], [ -58.480411057027013, -34.608131997735114 ], [ -58.480043116860912, -34.608591422068265 ], [ -58.479665039570996, -34.609064930421866 ], [ -58.479261922457766, -34.609569920273003 ], [ -58.478860334050211, -34.610072866837321 ], [ -58.478061484236669, -34.611073402716748 ], [ -58.47726048749557, -34.61207653855454 ], [ -58.47716212783503, -34.612199791106512 ], [ -58.476460918487845, -34.613080937114624 ], [ -58.475661671452492, -34.614085118403956 ], [ -58.474860701335672, -34.615091548007058 ], [ -58.474059541815237, -34.616098113725997 ], [ -58.47326057817191, -34.617101856000367 ], [ -58.472461935451221, -34.618105311610634 ], [ -58.471622219040277, -34.619160243812559 ] ] ] } },
{ "type": "Feature", "properties": { "id": 47, "objeto": "BARRIO", "nombre": "Villa Soldati", "comuna": 8, "perimetro_": 12445.32, "area_metro": 8690726.17 }, "geometry": { "type": "Polygon", "coordinates": [ [ [ -58.43443587935198, -34.653117109717876 ], [ -58.433085137556105, -34.654104442528286 ], [ -58.432120183155959, -34.654809696961955 ], [ -58.431995045550167, -34.654900511235397 ], [ -58.431391258010507, -34.65533859620065 ], [ -58.431290746833682, -34.655431528198449 ], [ -58.43093683881343, -34.655628629952446 ], [ -58.430813855561311, -34.655696333115756 ], [ -58.430703157186905, -34.655794521660447 ], [ -58.429840074997827, -34.656441125513474 ], [ -58.429636045626012, -34.656593978022279 ], [ -58.429486347585133, -34.656709007509875 ], [ -58.429156219926412, -34.656947236007646 ], [ -58.428908451342856, -34.657126031090854 ], [ -58.428797287476556, -34.657205578311981 ], [ -58.4286680501367, -34.6572980772224 ], [ -58.427972075552141, -34.657798725651695 ], [ -58.427831498623739, -34.657899811755037 ], [ -58.42776690856445, -34.657945600095971 ], [ -58.427283170495322, -34.658288527243613 ], [ -58.427139948404793, -34.658392851440595 ], [ -58.426880540418409, -34.658581688019005 ], [ -58.426748301616591, -34.658677947377953 ], [ -58.426443788242118, -34.659076590647771 ], [ -58.42635573437525, -34.659185051836268 ], [ -58.425720762659189, -34.659967149563172 ], [ -58.425309604466079, -34.660473663525153 ], [ -58.425095618991953, -34.660737273483889 ], [ -58.425031405908612, -34.660816376710414 ], [ -58.424944681086259, -34.660923250777088 ], [ -58.424688004873126, -34.661229862134299 ], [ -58.424216931000714, -34.661830879885486 ], [ -58.424197773924675, -34.661855320971561 ], [ -58.424194923831074, -34.661858957259923 ], [ -58.424155478772299, -34.661909282221302 ], [ -58.42412811077245, -34.661944198649685 ], [ -58.42412476953433, -34.661948461298003 ], [ -58.424043891438195, -34.6620516470974 ], [ -58.42408620680159, -34.662077826035841 ], [ -58.424131297733496, -34.662101177216584 ], [ -58.424172715740639, -34.662128785477869 ], [ -58.42417425426261, -34.662130088638754 ], [ -58.424197754700486, -34.662149994002952 ], [ -58.424209876274894, -34.662160261225459 ], [ -58.424217309951146, -34.662173909201513 ], [ -58.424237842686097, -34.662205391327447 ], [ -58.424262101811173, -34.662235008717694 ], [ -58.424289842012186, -34.66226246021953 ], [ -58.424304198386245, -34.662279122927714 ], [ -58.424343802511309, -34.662320338283209 ], [ -58.424387049386837, -34.662358972239538 ], [ -58.424387967615196, -34.662359677437664 ], [ -58.424433695840406, -34.662394804770514 ], [ -58.424511634704388, -34.662444086411639 ], [ -58.42454245578304, -34.662462268702413 ], [ -58.424610597157056, -34.662504532367791 ], [ -58.424798773716979, -34.662621243810918 ], [ -58.424829257758908, -34.662641934554991 ], [ -58.424861394305772, -34.662660839211597 ], [ -58.424949382568954, -34.662709353931994 ], [ -58.424997500359375, -34.662732623713637 ], [ -58.425036657808342, -34.662750006239676 ], [ -58.425090759627309, -34.662777522616572 ], [ -58.425096264263601, -34.662780322327826 ], [ -58.425153081851214, -34.66281409713762 ], [ -58.425206816103262, -34.662851156608198 ], [ -58.425407249480635, -34.663004544926039 ], [ -58.42577390515153, -34.663280838671078 ], [ -58.425774009788334, -34.663281045126872 ], [ -58.425820046935407, -34.663371482733055 ], [ -58.426068173234484, -34.663614828493976 ], [ -58.426209555085769, -34.663736506451514 ], [ -58.426209764492413, -34.663736628205996 ], [ -58.42633652534996, -34.663810479805115 ], [ -58.426337361698863, -34.663811390485769 ], [ -58.426610607897125, -34.664108685992367 ], [ -58.426611268893289, -34.66410895300951 ], [ -58.426728932850551, -34.664156421609874 ], [ -58.426729733141819, -34.66415747830586 ], [ -58.426850094409836, -34.66431625225907 ], [ -58.426948197592338, -34.664399756889061 ], [ -58.427398015284574, -34.66488252103516 ], [ -58.427596616971954, -34.665155571873335 ], [ -58.427862291648083, -34.665468005210101 ], [ -58.428014891672568, -34.665687933962921 ], [ -58.428043078864256, -34.665728557489828 ], [ -58.428058433296336, -34.66574714266018 ], [ -58.428182978909696, -34.665897893635282 ], [ -58.428183649885312, -34.665897825321181 ], [ -58.428201011434389, -34.665909793825506 ], [ -58.428229800328396, -34.665926884067702 ], [ -58.428304612725157, -34.665998219191565 ], [ -58.428383042865526, -34.666077203074295 ], [ -58.428416576385104, -34.666110946876053 ], [ -58.428502145015685, -34.666191732439906 ], [ -58.428508260909418, -34.66620126378421 ], [ -58.428548633407544, -34.666260073526274 ], [ -58.428569295646675, -34.6662887526982 ], [ -58.428574418591211, -34.666297225609242 ], [ -58.428581101338061, -34.666308278296611 ], [ -58.428609145090114, -34.666342145157316 ], [ -58.428714306226269, -34.666476695439407 ], [ -58.428776292559711, -34.666564563066501 ], [ -58.428985045080879, -34.666842579767511 ], [ -58.429129293067298, -34.667038188936814 ], [ -58.4291310249642, -34.667039620865246 ], [ -58.429232145656599, -34.667146369311034 ], [ -58.430086301136726, -34.668046791371509 ], [ -58.430098002262973, -34.668060048024401 ], [ -58.430117432903522, -34.668082057691215 ], [ -58.430671134434043, -34.668747458424349 ], [ -58.430739653773699, -34.668845857776169 ], [ -58.4314790263291, -34.669701668023137 ], [ -58.432327594570644, -34.670675086144612 ], [ -58.432465440671976, -34.670844191715283 ], [ -58.432629866082806, -34.671045900672688 ], [ -58.43263416392027, -34.671051173210699 ], [ -58.43266819984661, -34.671092926152653 ], [ -58.43268043577541, -34.671107937734597 ], [ -58.432904210106514, -34.671382452016111 ], [ -58.433088345139353, -34.671608339312733 ], [ -58.433125725180417, -34.671654194375719 ], [ -58.433220297653016, -34.67177020961573 ], [ -58.433356740300532, -34.671914021991192 ], [ -58.433443430661342, -34.672005395026531 ], [ -58.433448876217817, -34.672011133845963 ], [ -58.433513483496434, -34.672079230574873 ], [ -58.433515905808164, -34.672081783063412 ], [ -58.433623365355295, -34.6722111077707 ], [ -58.43366922479165, -34.6722654506165 ], [ -58.433686151901192, -34.672285508436232 ], [ -58.433721224339763, -34.672327067524265 ], [ -58.433721265781891, -34.672327118013378 ], [ -58.433907622846441, -34.672547947658046 ], [ -58.434076664247399, -34.672748257632556 ], [ -58.434095575367138, -34.672770666751106 ], [ -58.434546139623592, -34.673304568181045 ], [ -58.434568123277458, -34.673330616947453 ], [ -58.434651632276264, -34.673429570125698 ], [ -58.434652908295782, -34.673431113642124 ], [ -58.435165062512375, -34.674051289559458 ], [ -58.435196188038404, -34.674088979343821 ], [ -58.435244647023119, -34.674147658870432 ], [ -58.435668144726471, -34.674660469397189 ], [ -58.435690889081009, -34.67468801086514 ], [ -58.435905581524395, -34.674947977658043 ], [ -58.436227878329611, -34.6753336238381 ], [ -58.436299804787772, -34.675419685805934 ], [ -58.436820086387812, -34.676042219872407 ], [ -58.436820883680845, -34.676043173738627 ], [ -58.437280304187205, -34.676592876555681 ], [ -58.437337568298922, -34.676661393303625 ], [ -58.438468700533697, -34.678014766738961 ], [ -58.438626681465472, -34.67820378321246 ], [ -58.43929952915623, -34.679008798063713 ], [ -58.439533497933063, -34.679285600432458 ], [ -58.439616510548539, -34.679383810861452 ], [ -58.43969197514626, -34.679473090396641 ], [ -58.439748107936282, -34.679539498263253 ], [ -58.439782680351748, -34.679580399235398 ], [ -58.439785745436531, -34.679584101018861 ], [ -58.440491036483671, -34.680355743347981 ], [ -58.4409503284202, -34.68099019696114 ], [ -58.440955451975995, -34.680996384280377 ], [ -58.44194431694406, -34.68219027403763 ], [ -58.44194963263687, -34.682196692108562 ], [ -58.44205343553169, -34.682322014385015 ], [ -58.442059509381913, -34.68232934751456 ], [ -58.443836725686154, -34.684392694452306 ], [ -58.444106610655929, -34.684706019444164 ], [ -58.44417104837197, -34.684780829468373 ], [ -58.444241690579616, -34.684871217691956 ], [ -58.444297055272806, -34.684935494155702 ], [ -58.444395216091351, -34.684858191890122 ], [ -58.444513079990806, -34.684765382023038 ], [ -58.448627363021799, -34.681525326819674 ], [ -58.449784805220091, -34.680613753392663 ], [ -58.4499365621134, -34.680504685028822 ], [ -58.450134772391671, -34.680438227570932 ], [ -58.450320355883228, -34.680431909656413 ], [ -58.450666064069175, -34.680755274720582 ], [ -58.450790785325587, -34.68083528686347 ], [ -58.450884505888581, -34.680862623605712 ], [ -58.450967203646435, -34.680867185926708 ], [ -58.451049905857971, -34.680848976760501 ], [ -58.451099528481258, -34.680821654577223 ], [ -58.451154668722523, -34.680767006664453 ], [ -58.451166233991863, -34.680752000232943 ], [ -58.451170532496832, -34.680734256395098 ], [ -58.451185804894635, -34.680671211460428 ], [ -58.451190036789932, -34.680653744348106 ], [ -58.451183434289653, -34.680637849120409 ], [ -58.451165562938854, -34.680594823018652 ], [ -58.451143315401303, -34.680541264397036 ], [ -58.451126471238616, -34.680525580876974 ], [ -58.451108770636971, -34.680509099520577 ], [ -58.45082572779738, -34.680245553423823 ], [ -58.450791713344032, -34.680207711426462 ], [ -58.450642648187333, -34.680041871645351 ], [ -58.450713673898008, -34.679946879335894 ], [ -58.450777283290869, -34.679841885070914 ], [ -58.450938911057165, -34.679705133236126 ], [ -58.450941232228246, -34.679703169297703 ], [ -58.451479878246154, -34.679279630009106 ], [ -58.452931499938025, -34.678138350701133 ], [ -58.45308657538812, -34.678017589155665 ], [ -58.454466444442467, -34.676942984304503 ], [ -58.455052719773398, -34.67648639575588 ], [ -58.4577283805286, -34.674385766032614 ], [ -58.458517637231985, -34.673857943800137 ], [ -58.45900480832546, -34.673759547630176 ], [ -58.459228138250943, -34.673731949565934 ], [ -58.459406034731003, -34.673656293596771 ], [ -58.459406464621999, -34.673656110623966 ], [ -58.459458531499408, -34.673612733647232 ], [ -58.459547122207859, -34.673538930630187 ], [ -58.459547712499315, -34.673538438477649 ], [ -58.459638072754856, -34.673390482626182 ], [ -58.459666379525835, -34.673238652405963 ], [ -58.459767145272416, -34.672949428428311 ], [ -58.459808634633603, -34.672857079096573 ], [ -58.459810705662569, -34.672852457618184 ], [ -58.459824410352397, -34.672829588293972 ], [ -58.45986628598925, -34.672759712046712 ], [ -58.459933287183574, -34.672672319347122 ], [ -58.460030889715384, -34.672570420113715 ], [ -58.461228408197435, -34.671541290975561 ], [ -58.46125925595021, -34.671514698042692 ], [ -58.46143499382395, -34.671363196956108 ], [ -58.461826247435411, -34.671030160354164 ], [ -58.461849281803808, -34.671008431193933 ], [ -58.462080678780019, -34.67079015501681 ], [ -58.462258588260447, -34.670622331780628 ], [ -58.462287736722288, -34.670586208841115 ], [ -58.462471518958999, -34.670358451351696 ], [ -58.462558168573814, -34.670225533293078 ], [ -58.462655759791836, -34.670094501883774 ], [ -58.462809145012343, -34.669888183789737 ], [ -58.462895624406421, -34.669772454508312 ], [ -58.463227842900615, -34.669392332351755 ], [ -58.463649486991017, -34.669158675010117 ], [ -58.464152578137565, -34.669037264019821 ], [ -58.464769544687002, -34.668883169831162 ], [ -58.465235936736001, -34.668491426659038 ], [ -58.465239242419578, -34.668488849468652 ], [ -58.467941396797301, -34.666382392805346 ], [ -58.468562211230292, -34.665891546584611 ], [ -58.469131606731224, -34.66547952006843 ], [ -58.469735692076981, -34.665007093477335 ], [ -58.470163184002615, -34.664672843396858 ], [ -58.470366824915807, -34.664442555919614 ], [ -58.470412657555066, -34.664373904349652 ], [ -58.470441299085678, -34.664281581764421 ], [ -58.470457037882802, -34.664214322815205 ], [ -58.470461848125218, -34.664128483680024 ], [ -58.470462823732959, -34.664119302731578 ], [ -58.470394910138467, -34.663774315214575 ], [ -58.470195285940797, -34.663613422637681 ], [ -58.469935616979875, -34.66359951201818 ], [ -58.469642469368985, -34.663657657043984 ], [ -58.469374987514627, -34.663829576440584 ], [ -58.469239601810393, -34.663880624721997 ], [ -58.469131061215755, -34.663843928930639 ], [ -58.468889611463304, -34.663828593682801 ], [ -58.468703879136754, -34.663790237016912 ], [ -58.468453137480068, -34.663659804392459 ], [ -58.467849489036908, -34.66313805536408 ], [ -58.467777931446065, -34.663078411506639 ], [ -58.467667355041222, -34.66298624422155 ], [ -58.46732478630036, -34.662700705447072 ], [ -58.467321799212918, -34.662698119391202 ], [ -58.466830388783876, -34.662273136305835 ], [ -58.466827951572306, -34.662271021660878 ], [ -58.466481869849368, -34.661970034868915 ], [ -58.466410871623111, -34.66190828628428 ], [ -58.466033946434251, -34.66158046391029 ], [ -58.465919291529957, -34.661481145998835 ], [ -58.465877115717454, -34.661444612613614 ], [ -58.465560739393283, -34.661170556767168 ], [ -58.465458187323875, -34.661081721628513 ], [ -58.465457870952207, -34.661081392618208 ], [ -58.465434842369817, -34.661057266693113 ], [ -58.464938150875994, -34.660536937057195 ], [ -58.464604827869351, -34.660218896244061 ], [ -58.464431352418032, -34.660053372304652 ], [ -58.464431328418129, -34.660053354276613 ], [ -58.464062316729411, -34.659764416222608 ], [ -58.462041986232585, -34.658236924167916 ], [ -58.461935448815638, -34.658156373581136 ], [ -58.461688696842074, -34.657965480857001 ], [ -58.461645055215513, -34.657931718716405 ], [ -58.461644921041028, -34.657931615052 ], [ -58.461581518734228, -34.657882564638811 ], [ -58.461284242378852, -34.657622437267406 ], [ -58.460711000154639, -34.657120824717367 ], [ -58.460403133357829, -34.65681049338793 ], [ -58.460403038457073, -34.656810397835784 ], [ -58.460399534762821, -34.656806866013937 ], [ -58.460370894387793, -34.656777995739183 ], [ -58.460347652456683, -34.65675456742693 ], [ -58.460296726538154, -34.656711984283668 ], [ -58.459672866992669, -34.656190327985385 ], [ -58.459252671602243, -34.655816587539356 ], [ -58.459201721862712, -34.655771270843466 ], [ -58.458927342272816, -34.655585652910723 ], [ -58.458585022098639, -34.655310245475818 ], [ -58.458338744821283, -34.655112105741715 ], [ -58.458336858874773, -34.655110476809284 ], [ -58.45801900431551, -34.654835922396671 ], [ -58.457615564465172, -34.654487437286605 ], [ -58.457114367662847, -34.654054507704529 ], [ -58.456996602451845, -34.653935275185653 ], [ -58.455547875836942, -34.652722406877672 ], [ -58.455477055902428, -34.652663119917221 ], [ -58.455334329992105, -34.65254362094884 ], [ -58.45532595117291, -34.652536604690596 ], [ -58.455325917360923, -34.652536576744509 ], [ -58.455298427297699, -34.652512179056266 ], [ -58.455251727821931, -34.652470720822038 ], [ -58.455251572942423, -34.652470582895397 ], [ -58.455063296518226, -34.652303458850788 ], [ -58.455006812886303, -34.652239971086679 ], [ -58.454943494126084, -34.652168801872371 ], [ -58.454925027741673, -34.652129300610888 ], [ -58.454862042812813, -34.651994569915999 ], [ -58.454818202196975, -34.651841222697485 ], [ -58.45479976794504, -34.651776747719907 ], [ -58.45476630964086, -34.651495615731008 ], [ -58.45475407432194, -34.651432033577194 ], [ -58.454734644808624, -34.651331070142966 ], [ -58.454701408043796, -34.651158355809535 ], [ -58.454637785811585, -34.650827221941711 ], [ -58.453822594040901, -34.650907161884568 ], [ -58.4533401773609, -34.65095303880841 ], [ -58.452858492072615, -34.650998813828949 ], [ -58.451976349991128, -34.651082639703468 ], [ -58.451974341863405, -34.651082701714586 ], [ -58.451538653352216, -34.651096078932113 ], [ -58.451036010342619, -34.651111509413198 ], [ -58.451035538034184, -34.651111523788323 ], [ -58.449133859211592, -34.651169885322183 ], [ -58.448829954980717, -34.651179209028633 ], [ -58.447668541314258, -34.651129873663685 ], [ -58.444952617158464, -34.651014460298427 ], [ -58.44462216107317, -34.650952156612398 ], [ -58.444408154941804, -34.65106980065697 ], [ -58.443523493889856, -34.651171350805853 ], [ -58.443325955196173, -34.651193994601179 ], [ -58.443297371694058, -34.651347019512535 ], [ -58.443268120503745, -34.651436663121963 ], [ -58.443254699824628, -34.651471709728384 ], [ -58.443245011955092, -34.651497011751331 ], [ -58.44320672978553, -34.651578766478458 ], [ -58.443159158169777, -34.651661576116595 ], [ -58.443113720569301, -34.651728681639618 ], [ -58.443062149138406, -34.651792406723118 ], [ -58.443007424087043, -34.651851974835743 ], [ -58.4429536405165, -34.651901755518693 ], [ -58.442910425337828, -34.651938931659586 ], [ -58.442905136173366, -34.651943122353742 ], [ -58.442903526949053, -34.651944398487899 ], [ -58.442824935661349, -34.652006664062711 ], [ -58.442790479546204, -34.652034412832549 ], [ -58.442785984604491, -34.65203803305949 ], [ -58.442750099245288, -34.652066933585367 ], [ -58.44265420253349, -34.652141629344683 ], [ -58.441633604002078, -34.652936535172458 ], [ -58.441535240667896, -34.653013137897048 ], [ -58.440555958302646, -34.653775952569454 ], [ -58.44040559363463, -34.653893077594844 ], [ -58.439488254341846, -34.654607554974511 ], [ -58.438847845239074, -34.655106304271584 ], [ -58.438420260266, -34.655495656678951 ], [ -58.438086950520706, -34.655747549710476 ], [ -58.438007702623153, -34.655807438580553 ], [ -58.43773478192189, -34.655596383104729 ], [ -58.437588890212901, -34.655483561201407 ], [ -58.437313147479514, -34.655270320583369 ], [ -58.437100133353454, -34.65510558881126 ], [ -58.436023519428716, -34.654374785250404 ], [ -58.435063369733626, -34.653614183038052 ], [ -58.43443587935198, -34.653117109717876 ] ] ] } },
{ "type": "Feature", "properties": { "id": 48, "objeto": "BARRIO", "nombre": "Villa Urquiza", "comuna": 12, "perimetro_": 10021.46, "area_metro": 5449059.44 }, "geometry": { "type": "Polygon", "coordinates": [ [ [ -58.472989855381442, -34.56644167936269 ], [ -58.473369827681005, -34.566667683353359 ], [ -58.472784461957644, -34.56735929362636 ], [ -58.471962789864342, -34.568330291045569 ], [ -58.471177786114396, -34.569257898339963 ], [ -58.470417451117072, -34.57015634415815 ], [ -58.469587125687326, -34.571137395485849 ], [ -58.468842080328145, -34.572017731582086 ], [ -58.468082802199817, -34.57291482378605 ], [ -58.468289096483417, -34.573032494057486 ], [ -58.469135309397274, -34.573515000950472 ], [ -58.469927034655569, -34.573966454375565 ], [ -58.47086641760621, -34.574502108418642 ], [ -58.471807254467592, -34.57503853661941 ], [ -58.471959747988841, -34.575125499102491 ], [ -58.472743762012946, -34.575577773910197 ], [ -58.472887998634135, -34.575661003960079 ], [ -58.473548389257843, -34.576038703721686 ], [ -58.473685985224606, -34.576113623132734 ], [ -58.473735712746247, -34.576140747308422 ], [ -58.47383030814602, -34.57619234492401 ], [ -58.474620217099691, -34.576642071377542 ], [ -58.474852073538685, -34.576774095036811 ], [ -58.474979986486964, -34.576846901854871 ], [ -58.475008064304411, -34.57686288415109 ], [ -58.475595502467257, -34.577196213356736 ], [ -58.47715143818359, -34.578079091554343 ], [ -58.477334340813094, -34.578182876146194 ], [ -58.477774230263279, -34.578432900101554 ], [ -58.478199731867839, -34.578674754597273 ], [ -58.478656315769179, -34.578934280649648 ], [ -58.478989091804699, -34.579130861790425 ], [ -58.479233651234011, -34.579275339448621 ], [ -58.480184390697382, -34.579825714910953 ], [ -58.480311248312653, -34.57989912200798 ], [ -58.480484559854105, -34.579999409258136 ], [ -58.480994635913881, -34.580294693832187 ], [ -58.481130117949427, -34.580373619150834 ], [ -58.482146453333101, -34.580965449613487 ], [ -58.483014373305338, -34.581470814681289 ], [ -58.483134956403696, -34.581540937746738 ], [ -58.484121685212948, -34.582114445801416 ], [ -58.484747604227422, -34.582478217496103 ], [ -58.485096163438627, -34.582680764554013 ], [ -58.485825051242571, -34.58310437228392 ], [ -58.485960371156004, -34.583182800054388 ], [ -58.487033747983347, -34.583804508939046 ], [ -58.488104244415283, -34.584424517828978 ], [ -58.488794157271577, -34.584824031347416 ], [ -58.489506237241514, -34.584210841362079 ], [ -58.489832948385576, -34.583929567686098 ], [ -58.490264870465644, -34.583557706466564 ], [ -58.490438098661734, -34.583408510189159 ], [ -58.490520157503774, -34.583337785945268 ], [ -58.491042985074067, -34.582886885416706 ], [ -58.49175205283543, -34.582275302686192 ], [ -58.491940085933216, -34.582113142808332 ], [ -58.492405953128745, -34.581710841933386 ], [ -58.492543934936926, -34.581598835715148 ], [ -58.493245929194082, -34.581029288351786 ], [ -58.493453888800808, -34.580890713322496 ], [ -58.493619371001586, -34.58078038834784 ], [ -58.494329450530081, -34.580239424983198 ], [ -58.49446087630313, -34.580139249447207 ], [ -58.495286195813392, -34.579510432311572 ], [ -58.495416853404656, -34.579410959048055 ], [ -58.495546232905603, -34.579310219477854 ], [ -58.495564166341069, -34.57929651307046 ], [ -58.49581616425931, -34.579103906205887 ], [ -58.495907729948122, -34.579033920336485 ], [ -58.49636208314918, -34.578676608213073 ], [ -58.497023859486163, -34.578156276606258 ], [ -58.497218348543711, -34.578004247747735 ], [ -58.497860282938404, -34.577502508970881 ], [ -58.498035192677271, -34.577366259289434 ], [ -58.49884606800866, -34.576734676177999 ], [ -58.499657100989985, -34.576102875735842 ], [ -58.499826898756268, -34.575970639029912 ], [ -58.500151001445865, -34.575718846334411 ], [ -58.500692558003216, -34.575298180787499 ], [ -58.501328836342829, -34.574803960312728 ], [ -58.501475818604334, -34.574690602454481 ], [ -58.501735655679951, -34.574490023890014 ], [ -58.502283581347974, -34.574067236255509 ], [ -58.502946820511809, -34.573555392881168 ], [ -58.502994652766347, -34.573524108657836 ], [ -58.503948173677166, -34.572954488187122 ], [ -58.504195936751223, -34.572811374290012 ], [ -58.505127066163531, -34.572273372289672 ], [ -58.505339845312179, -34.572151536297106 ], [ -58.505545985961128, -34.572033504446459 ], [ -58.505859929407428, -34.571861277897661 ], [ -58.506485878681787, -34.571517884029312 ], [ -58.506674994100358, -34.57141168750811 ], [ -58.506789553802967, -34.571347279474026 ], [ -58.506874066051878, -34.57129527667842 ], [ -58.507121729274104, -34.571142790118131 ], [ -58.507635792024395, -34.570852317139497 ], [ -58.507880140755944, -34.570713915027433 ], [ -58.507980313991901, -34.570657257984074 ], [ -58.509040472963434, -34.570003427342698 ], [ -58.508818013763744, -34.569515234586383 ], [ -58.508604690846106, -34.569398340276557 ], [ -58.508418093024993, -34.569306629699149 ], [ -58.507316799153394, -34.568765347155001 ], [ -58.506263013845391, -34.56824740200004 ], [ -58.505208645363773, -34.567729096342553 ], [ -58.505072145999534, -34.56766202916625 ], [ -58.504657538511744, -34.567458433355554 ], [ -58.504241315578746, -34.567254062344844 ], [ -58.504101409663512, -34.567181150365037 ], [ -58.504094778367154, -34.567177698311838 ], [ -58.503957415613932, -34.567106196049885 ], [ -58.50333223675382, -34.56679977674861 ], [ -58.502712254863773, -34.566495887364638 ], [ -58.502560688454743, -34.566422203046905 ], [ -58.501998615869375, -34.566148784868211 ], [ -58.501877533331097, -34.566089948259417 ], [ -58.501438165146027, -34.565877828985464 ], [ -58.500862732174618, -34.565600043207873 ], [ -58.500235534411502, -34.565297199872305 ], [ -58.499713072134483, -34.565047352189183 ], [ -58.499140033432703, -34.564768994142909 ], [ -58.499053099727547, -34.564727117669655 ], [ -58.497991416799181, -34.564215300359066 ], [ -58.497860888834857, -34.564152378060228 ], [ -58.496823232055938, -34.563652374973614 ], [ -58.496593514047788, -34.563542083236072 ], [ -58.4954177713456, -34.562977527429815 ], [ -58.494289297654475, -34.562435623675846 ], [ -58.494130082809818, -34.562359112914159 ], [ -58.492884303882185, -34.561763774596912 ], [ -58.491930739855057, -34.561308006388778 ], [ -58.49183468141706, -34.561448031496738 ], [ -58.49099191533611, -34.562656984780332 ], [ -58.490518877382435, -34.562429973664642 ], [ -58.490401300243214, -34.562373590257295 ], [ -58.490044054714708, -34.562201974935533 ], [ -58.489277549946557, -34.561833822322285 ], [ -58.489087180559636, -34.56174435357017 ], [ -58.488310373108007, -34.561379257379258 ], [ -58.488292931544315, -34.561371059757164 ], [ -58.488275186963207, -34.561362490806182 ], [ -58.488131851900164, -34.561293274131124 ], [ -58.487320751224381, -34.560901808201429 ], [ -58.487175337948493, -34.560833455276402 ], [ -58.486389538439788, -34.560463945986889 ], [ -58.486255871577896, -34.56040024110969 ], [ -58.485301934615897, -34.559945618178254 ], [ -58.485166825545761, -34.559881275052945 ], [ -58.485018862345136, -34.559810736744105 ], [ -58.48498986927266, -34.559796817533027 ], [ -58.484351071715203, -34.559490141686972 ], [ -58.483701673865539, -34.559178414451203 ], [ -58.483560693641742, -34.559110690163635 ], [ -58.481158790036574, -34.562505949660874 ], [ -58.480977781219579, -34.562648870381437 ], [ -58.480226564425294, -34.563242010107359 ], [ -58.480375486216062, -34.563322537364627 ], [ -58.480069236273962, -34.563513499548272 ], [ -58.479911258998868, -34.563610776203795 ], [ -58.47972271923264, -34.563702211910233 ], [ -58.479542602981091, -34.563776603808208 ], [ -58.479056043770115, -34.563938290887997 ], [ -58.479313070190329, -34.564072063591475 ], [ -58.479119436932365, -34.56424455721988 ], [ -58.478149298727182, -34.565109063557948 ], [ -58.477178715534414, -34.565973914574755 ], [ -58.476357239677732, -34.566705851660117 ], [ -58.476191428604125, -34.566855308825332 ], [ -58.475124904535292, -34.56622484032976 ], [ -58.47466697453941, -34.566740810441914 ], [ -58.474663927163995, -34.566744063977289 ], [ -58.474595788789408, -34.56681680648164 ], [ -58.473608651520337, -34.56657226625196 ], [ -58.473534726418151, -34.566557805462629 ], [ -58.472989855381442, -34.56644167936269 ] ] ] } }
]
}